,0,1,2,Latitude,Longitude
0,秋田中央郵便局,https://map.japanpost.jp/p/search/dtl/300186001000/?&cond2=1&cond200=1&&his=sa2,010-8799 秋田県秋田市保戸野鉄砲町５−１,39.7231378,140.1094919
1,秋田中央郵便局,https://map.japanpost.jp/p/search/dtl/300186001000/?&cond2=1&cond200=1&&his=sa2,010-8799 秋田県秋田市保戸野鉄砲町５−１,39.7231378,140.1094919
2,秋田泉郵便局,https://map.japanpost.jp/p/search/dtl/300186182000/?&cond2=1&cond200=1&&his=sa2,010-0815 秋田県秋田市泉馬場６−１４,39.7353872,140.1236794
3,秋田牛島東郵便局,https://map.japanpost.jp/p/search/dtl/300186283000/?&cond2=1&cond200=1&&his=sa2,010-0062 秋田県秋田市牛島東６−５−４,39.6951606,140.12569
4,秋田牛島郵便局,https://map.japanpost.jp/p/search/dtl/300186051000/?&cond2=1&cond200=1&&his=sa2,010-0023 秋田県秋田市楢山本町１１−７,39.7030961,140.1180269
5,秋田駅トピコ郵便局,https://map.japanpost.jp/p/search/dtl/300186090000/?&cond2=1&cond200=1&&his=sa2,010-0001 秋田県秋田市中通７−１−２,39.7171347,140.1291414
6,秋田駅前郵便局,https://map.japanpost.jp/p/search/dtl/300186209000/?&cond2=1&cond200=1&&his=sa2,010-0001 秋田県秋田市中通４−１１−１４,39.7153253,140.1262583
7,秋田大町郵便局,https://map.japanpost.jp/p/search/dtl/300186133000/?&cond2=1&cond200=1&&his=sa2,010-8621 秋田県秋田市大町３−４−１１,39.7175778,140.1148397
8,秋田卸センター簡易郵便局,https://map.japanpost.jp/p/search/dtl/300186803000/?&cond2=1&cond200=1&&his=sa2,010-0061 秋田県秋田市卸町３−６−３,39.6974628,140.1099492
9,秋田川尻郵便局,https://map.japanpost.jp/p/search/dtl/300186140000/?&cond2=1&cond200=1&&his=sa2,010-0945 秋田県秋田市川尻みよし町５−２７,39.7117578,140.0986964
10,秋田旭南郵便局,https://map.japanpost.jp/p/search/dtl/300186098000/?&cond2=1&cond200=1&&his=sa2,010-0925 秋田県秋田市旭南２−９−１３,39.7079675,140.1118875
11,秋田県庁構内郵便局,https://map.japanpost.jp/p/search/dtl/300186272000/?&cond2=1&cond200=1&&his=sa2,010-0951 秋田県秋田市山王４−１−１,39.7186133,140.1024019
12,秋田御所野郵便局,https://map.japanpost.jp/p/search/dtl/300186286000/?&cond2=1&cond200=1&&his=sa2,010-1413 秋田県秋田市御所野地蔵田２−２−５,39.6627569,140.1583725
13,秋田将軍野郵便局,https://map.japanpost.jp/p/search/dtl/300186177000/?&cond2=1&cond200=1&&his=sa2,011-0936 秋田県秋田市将軍野南４−８−２０,39.747365,140.0856842
14,秋田新国道郵便局,https://map.japanpost.jp/p/search/dtl/300186277000/?&cond2=1&cond200=1&&his=sa2,010-0964 秋田県秋田市八橋鯲沼町１−５７,39.7310561,140.1021425
15,秋田新藤田郵便局,https://map.japanpost.jp/p/search/dtl/300186289000/?&cond2=1&cond200=1&&his=sa2,010-0833 秋田県秋田市旭川新藤田東町１８−４,39.7406919,140.1303289
16,秋田菅野郵便局,https://map.japanpost.jp/p/search/dtl/300186287000/?&cond2=1&cond200=1&&his=sa2,010-0817 秋田県秋田市泉菅野１−１−１,39.7378914,140.1076781
17,秋田外旭川郵便局,https://map.japanpost.jp/p/search/dtl/300186296000/?&cond2=1&cond200=1&&his=sa2,010-0802 秋田県秋田市外旭川四百刈６−１,39.7479181,140.0995747
18,秋田手形郵便局,https://map.japanpost.jp/p/search/dtl/300186115000/?&cond2=1&cond200=1&&his=sa2,010-0865 秋田県秋田市手形新栄町２−２９,39.7246522,140.1307494
19,秋田寺内郵便局,https://map.japanpost.jp/p/search/dtl/300186151000/?&cond2=1&cond200=1&&his=sa2,011-0902 秋田県秋田市寺内堂ノ沢１−１５−７,39.7357222,140.0887517
20,秋田通町郵便局,https://map.japanpost.jp/p/search/dtl/300186050000/?&cond2=1&cond200=1&&his=sa2,010-0921 秋田県秋田市大町１−３−２３,39.7205906,140.1170503
21,秋田中通六郵便局,https://map.japanpost.jp/p/search/dtl/300186176000/?&cond2=1&cond200=1&&his=sa2,010-0001 秋田県秋田市中通６−３−２５,39.7119892,140.1218611
22,秋田楢山郵便局,https://map.japanpost.jp/p/search/dtl/300186113000/?&cond2=1&cond200=1&&his=sa2,010-0012 秋田県秋田市南通みその町６−３２,39.7086064,140.1201153
23,秋田茨島郵便局,https://map.japanpost.jp/p/search/dtl/300186248000/?&cond2=1&cond200=1&&his=sa2,010-0065 秋田県秋田市茨島２−３−４１,39.7016344,140.1046586
24,秋田広面郵便局,https://map.japanpost.jp/p/search/dtl/300186285000/?&cond2=1&cond200=1&&his=sa2,010-0041 秋田県秋田市広面釣瓶町１４７−１,39.7242833,140.1498944
25,秋田保戸野郵便局,https://map.japanpost.jp/p/search/dtl/300186126000/?&cond2=1&cond200=1&&his=sa2,010-0904 秋田県秋田市保戸野原の町３−２０,39.72561,140.1177419
26,秋田明田郵便局,https://map.japanpost.jp/p/search/dtl/300186274000/?&cond2=1&cond200=1&&his=sa2,010-0041 秋田県秋田市広面野添１３０−４,39.7098406,140.1343636
27,秋田屋敷田郵便局,https://map.japanpost.jp/p/search/dtl/300186291000/?&cond2=1&cond200=1&&his=sa2,010-0041 秋田県秋田市広面屋敷田１０−２,39.7188367,140.1408381
28,秋田割山郵便局,https://map.japanpost.jp/p/search/dtl/300186275000/?&cond2=1&cond200=1&&his=sa2,010-1604 秋田県秋田市新屋松美町６−５,39.69962,140.0809386
29,新屋駅前郵便局,https://map.japanpost.jp/p/search/dtl/300186276000/?&cond2=1&cond200=1&&his=sa2,010-1637 秋田県秋田市新屋扇町１３−３１,39.6768264,140.0858947
30,新屋郵便局,https://map.japanpost.jp/p/search/dtl/300186029000/?&cond2=1&cond200=1&&his=sa2,010-1631 秋田県秋田市新屋元町２２−３８,39.6839192,140.0842483
