0,1,2,Latitude,Longitude
上野郵便局,https://map.japanpost.jp/p/search/dtl/300122008000/?&cond2=1&cond200=1&&his=sa2,518-8799 三重県伊賀市上野丸之内１５１−３,34.7684264,136.1325167
青山桐ケ丘郵便局,https://map.japanpost.jp/p/search/dtl/300122190000/?&cond2=1&cond200=1&&his=sa2,518-0225 三重県伊賀市桐ケ丘３−３３４−１,34.6626625,136.1922958
青山郵便局,https://map.japanpost.jp/p/search/dtl/300122030000/?&cond2=1&cond200=1&&his=sa2,518-0299 三重県伊賀市阿保１２９９,34.6701169,136.1798992
阿山郵便局,https://map.japanpost.jp/p/search/dtl/300122148000/?&cond2=1&cond200=1&&his=sa2,518-1399 三重県伊賀市馬場１０８４−３,34.8286611,136.1761564
阿波郵便局,https://map.japanpost.jp/p/search/dtl/300122086000/?&cond2=1&cond200=1&&his=sa2,518-1414 三重県伊賀市猿野１３６８−１,34.7670128,136.2820603
伊賀上野駅前郵便局,https://map.japanpost.jp/p/search/dtl/300122275000/?&cond2=1&cond200=1&&his=sa2,518-0022 三重県伊賀市三田１０４７−３,34.7885914,136.1247744
伊賀神戸郵便局,https://map.japanpost.jp/p/search/dtl/300122216000/?&cond2=1&cond200=1&&his=sa2,518-0113 三重県伊賀市古郡３３８−８,34.6816878,136.1526397
伊賀郵便局,https://map.japanpost.jp/p/search/dtl/300122128000/?&cond2=1&cond200=1&&his=sa2,519-1499 三重県伊賀市下柘植６７０−１,34.8240703,136.2122339
伊賀ゆめが丘郵便局,https://map.japanpost.jp/p/search/dtl/300122311000/?&cond2=1&cond200=1&&his=sa2,518-0131 三重県伊賀市ゆめが丘３−１５−２１,34.7365136,136.1584997
依那古郵便局,https://map.japanpost.jp/p/search/dtl/300122156000/?&cond2=1&cond200=1&&his=sa2,518-0103 三重県伊賀市沖１８−６,34.7153317,136.1526275
上野愛宕郵便局,https://map.japanpost.jp/p/search/dtl/300122194000/?&cond2=1&cond200=1&&his=sa2,518-0846 三重県伊賀市上野愛宕町１８６０−１,34.7602297,136.1294031
上野猪田郵便局,https://map.japanpost.jp/p/search/dtl/300122200000/?&cond2=1&cond200=1&&his=sa2,518-0121 三重県伊賀市上之庄１３１８−１,34.7302044,136.1228067
上野岩倉郵便局,https://map.japanpost.jp/p/search/dtl/300122145000/?&cond2=1&cond200=1&&his=sa2,518-0026 三重県伊賀市岩倉５２２,34.7788436,136.0988708
上野大内郵便局,https://map.japanpost.jp/p/search/dtl/300122230000/?&cond2=1&cond200=1&&his=sa2,518-0034 三重県伊賀市大内７１９−４,34.7390003,136.1057614
上野本町通郵便局,https://map.japanpost.jp/p/search/dtl/300122246000/?&cond2=1&cond200=1&&his=sa2,518-0869 三重県伊賀市上野中町３０００,34.7660597,136.1285194
上野緑ケ丘郵便局,https://map.japanpost.jp/p/search/dtl/300122343000/?&cond2=1&cond200=1&&his=sa2,518-0835 三重県伊賀市緑ケ丘南町３９３７−３,34.7576581,136.1456742
大山田郵便局,https://map.japanpost.jp/p/search/dtl/300122029000/?&cond2=1&cond200=1&&his=sa2,518-1499 三重県伊賀市平田７４２−１,34.7637758,136.2162628
上津郵便局,https://map.japanpost.jp/p/search/dtl/300122159000/?&cond2=1&cond200=1&&his=sa2,518-0205 三重県伊賀市伊勢路１３２−４,34.6822281,136.2083442
佐那具郵便局,https://map.japanpost.jp/p/search/dtl/300122041000/?&cond2=1&cond200=1&&his=sa2,518-0001 三重県伊賀市佐那具町９３０−４,34.8012272,136.1669933
島ヶ原郵便局,https://map.japanpost.jp/p/search/dtl/300122082000/?&cond2=1&cond200=1&&his=sa2,519-1711 三重県伊賀市島ヶ原６０３９−１,34.7657858,136.0559619
玉滝郵便局,https://map.japanpost.jp/p/search/dtl/300122042000/?&cond2=1&cond200=1&&his=sa2,518-1322 三重県伊賀市玉瀧３５０６−７,34.8705194,136.1741444
柘植郵便局,https://map.japanpost.jp/p/search/dtl/300122024000/?&cond2=1&cond200=1&&his=sa2,519-1402 三重県伊賀市柘植町２０３４−１,34.8386831,136.2403983
鞆田郵便局,https://map.japanpost.jp/p/search/dtl/300122144000/?&cond2=1&cond200=1&&his=sa2,518-1303 三重県伊賀市上友田３０５−１５,34.8508978,136.2034736
友生郵便局,https://map.japanpost.jp/p/search/dtl/300122198000/?&cond2=1&cond200=1&&his=sa2,518-0815 三重県伊賀市界外１１１９−３,34.7454597,136.1828575
古山郵便局,https://map.japanpost.jp/p/search/dtl/300122084000/?&cond2=1&cond200=1&&his=sa2,518-1142 三重県伊賀市古山界外１０２−１,34.6993769,136.1154567
丸柱郵便局,https://map.japanpost.jp/p/search/dtl/300122089000/?&cond2=1&cond200=1&&his=sa2,518-1325 三重県伊賀市丸柱１３６９,34.8433831,136.1287733
壬生野郵便局,https://map.japanpost.jp/p/search/dtl/300122248000/?&cond2=1&cond200=1&&his=sa2,519-1424 三重県伊賀市川東１５７５−３,34.7993253,136.2056769
矢持郵便局,https://map.japanpost.jp/p/search/dtl/300122265000/?&cond2=1&cond200=1&&his=sa2,518-0214 三重県伊賀市腰山４９７−７,34.6322775,136.218915
伊勢郵便局,https://map.japanpost.jp/p/search/dtl/300122003000/?&cond2=1&cond200=1&&his=sa2,516-8799 三重県伊勢市岩渕３−６−１０,34.4874697,136.7173611
五十鈴川郵便局,https://map.japanpost.jp/p/search/dtl/300122062000/?&cond2=1&cond200=1&&his=sa2,516-0025 三重県伊勢市宇治中之切町３７−１,34.4635311,136.7229678
伊勢朝熊郵便局,https://map.japanpost.jp/p/search/dtl/300122258000/?&cond2=1&cond200=1&&his=sa2,516-0021 三重県伊勢市朝熊町１５０４,34.4768258,136.7596486
伊勢一之木郵便局,https://map.japanpost.jp/p/search/dtl/300122266000/?&cond2=1&cond200=1&&his=sa2,516-0071 三重県伊勢市一之木３−１０−１３,34.4966906,136.7065853
伊勢大湊郵便局,https://map.japanpost.jp/p/search/dtl/300122102000/?&cond2=1&cond200=1&&his=sa2,516-0001 三重県伊勢市大湊町８１２−１,34.5262433,136.7419992
伊勢神社郵便局,https://map.japanpost.jp/p/search/dtl/300122032000/?&cond2=1&cond200=1&&his=sa2,516-0004 三重県伊勢市神社港２０−２６,34.5118306,136.7359467
伊勢河崎郵便局,https://map.japanpost.jp/p/search/dtl/300122063000/?&cond2=1&cond200=1&&his=sa2,516-0009 三重県伊勢市河崎２−１７−１９,34.4950408,136.7154
伊勢北浜郵便局,https://map.japanpost.jp/p/search/dtl/300122221000/?&cond2=1&cond200=1&&his=sa2,515-0507 三重県伊勢市村松町３８７９−４,34.5493883,136.6833442
伊勢城田郵便局,https://map.japanpost.jp/p/search/dtl/300122298000/?&cond2=1&cond200=1&&his=sa2,516-0051 三重県伊勢市上地町１７５７−５,34.490615,136.6600067
伊勢外宮前郵便局,https://map.japanpost.jp/p/search/dtl/300122342000/?&cond2=1&cond200=1&&his=sa2,516-0074 三重県伊勢市本町２０−１８,34.4881139,136.70739
伊勢筋向橋郵便局,https://map.japanpost.jp/p/search/dtl/300122097000/?&cond2=1&cond200=1&&his=sa2,516-0041 三重県伊勢市常磐２−１２−２４,34.49188,136.6970242
伊勢辻久留郵便局,https://map.japanpost.jp/p/search/dtl/300122125000/?&cond2=1&cond200=1&&his=sa2,516-0066 三重県伊勢市辻久留１−６−８,34.4908828,136.6895158
伊勢浜郷郵便局,https://map.japanpost.jp/p/search/dtl/300122279000/?&cond2=1&cond200=1&&his=sa2,516-0018 三重県伊勢市黒瀬町４８８−４,34.4982244,136.7333878
伊勢船江郵便局,https://map.japanpost.jp/p/search/dtl/300122296000/?&cond2=1&cond200=1&&his=sa2,516-0008 三重県伊勢市船江4-3-17,34.5036419,136.7172281
伊勢古市郵便局,https://map.japanpost.jp/p/search/dtl/300122114000/?&cond2=1&cond200=1&&his=sa2,516-0033 三重県伊勢市古市町１３０−２,34.4802178,136.721975
伊勢御木本通郵便局,https://map.japanpost.jp/p/search/dtl/300122272000/?&cond2=1&cond200=1&&his=sa2,516-0035 三重県伊勢市勢田町４６１−７,34.4754603,136.7108244
伊勢御薗長屋郵便局,https://map.japanpost.jp/p/search/dtl/300122387000/?&cond2=1&cond200=1&&his=sa2,516-0804 三重県伊勢市御薗町長屋２１７３−２,34.5086081,136.7136164
今一色簡易郵便局,https://map.japanpost.jp/p/search/dtl/300122827000/?&cond2=1&cond200=1&&his=sa2,519-0608 三重県伊勢市二見町今一色１５５−７,34.5173283,136.7486425
小俣郵便局,https://map.japanpost.jp/p/search/dtl/300122155000/?&cond2=1&cond200=1&&his=sa2,519-0503 三重県伊勢市小俣町元町７１５,34.5054439,136.6756978
豊浜郵便局,https://map.japanpost.jp/p/search/dtl/300122174000/?&cond2=1&cond200=1&&his=sa2,515-0502 三重県伊勢市東豊浜町２５５−１,34.5271256,136.7090258
沼木郵便局,https://map.japanpost.jp/p/search/dtl/300122261000/?&cond2=1&cond200=1&&his=sa2,516-1104 三重県伊勢市上野町１３５６,34.4347833,136.6607772
二見郵便局,https://map.japanpost.jp/p/search/dtl/300122110000/?&cond2=1&cond200=1&&his=sa2,519-0606 三重県伊勢市二見町荘３９−１,34.5051578,136.7742764
御薗郵便局,https://map.japanpost.jp/p/search/dtl/300122317000/?&cond2=1&cond200=1&&his=sa2,516-0805 三重県伊勢市御薗町高向９６０−６,34.4981344,136.6971439
宮本郵便局,https://map.japanpost.jp/p/search/dtl/300122087000/?&cond2=1&cond200=1&&his=sa2,516-1102 三重県伊勢市佐八町２１６６−３,34.4629461,136.6592894
東員郵便局,https://map.japanpost.jp/p/search/dtl/300122038000/?&cond2=1&cond200=1&&his=sa2,511-0299 三重県員弁郡東員町大木下仮宿２２１２,35.0909806,136.5771314
東員穴太簡易郵便局,https://map.japanpost.jp/p/search/dtl/300122853000/?&cond2=1&cond200=1&&his=sa2,511-0243 三重県員弁郡東員町穴太１６５９−４０,35.0755406,136.6080961
東員笹尾郵便局,https://map.japanpost.jp/p/search/dtl/300122367000/?&cond2=1&cond200=1&&his=sa2,511-0232 三重県員弁郡東員町笹尾東２−３１−２,35.0951889,136.6007572
東員南大社簡易郵便局,https://map.japanpost.jp/p/search/dtl/300122905000/?&cond2=1&cond200=1&&his=sa2,511-0256 三重県員弁郡東員町南大社１５９８−１,35.0701078,136.5736792
東員六把野郵便局,https://map.japanpost.jp/p/search/dtl/300122326000/?&cond2=1&cond200=1&&his=sa2,511-0242 三重県員弁郡東員町六把野新田１４９−１,35.0799953,136.5943694
中上簡易郵便局,https://map.japanpost.jp/p/search/dtl/300122839000/?&cond2=1&cond200=1&&his=sa2,511-0254 三重県員弁郡東員町中上７６２−２,35.0583086,136.6002797
石榑郵便局,https://map.japanpost.jp/p/search/dtl/300122167000/?&cond2=1&cond200=1&&his=sa2,511-0266 三重県いなべ市大安町石榑南３６１−１,35.1043856,136.5067461
員弁郵便局,https://map.japanpost.jp/p/search/dtl/300122037000/?&cond2=1&cond200=1&&his=sa2,511-0204 三重県いなべ市員弁町石仏１９８８,35.1107878,136.5627072
梅戸井郵便局,https://map.japanpost.jp/p/search/dtl/300122252000/?&cond2=1&cond200=1&&his=sa2,511-0283 三重県いなべ市大安町南金井１０７７−８,35.0800639,136.5550528
立田郵便局,https://map.japanpost.jp/p/search/dtl/300122276000/?&cond2=1&cond200=1&&his=sa2,511-0522 三重県いなべ市藤原町篠立２４７１−６,35.2166731,136.4558003
大安丹生川郵便局,https://map.japanpost.jp/p/search/dtl/300122236000/?&cond2=1&cond200=1&&his=sa2,511-0263 三重県いなべ市大安町丹生川久下１１６７−１,35.1225906,136.5257186
十社郵便局,https://map.japanpost.jp/p/search/dtl/300122208000/?&cond2=1&cond200=1&&his=sa2,511-0413 三重県いなべ市北勢町畑毛６７２,35.1846483,136.5246564
西藤原簡易郵便局,https://map.japanpost.jp/p/search/dtl/300122816000/?&cond2=1&cond200=1&&his=sa2,511-0517 三重県いなべ市藤原町大貝戸３３６,35.170415,136.4781456
治田簡易郵便局,https://map.japanpost.jp/p/search/dtl/300122851000/?&cond2=1&cond200=1&&his=sa2,511-0432 三重県いなべ市北勢町東村３２−１,35.1321142,136.5122686
東藤原郵便局,https://map.japanpost.jp/p/search/dtl/300122220000/?&cond2=1&cond200=1&&his=sa2,511-0514 三重県いなべ市藤原町石川９２７−１,35.1567728,136.5000536
平塚簡易郵便局,https://map.japanpost.jp/p/search/dtl/300122838000/?&cond2=1&cond200=1&&his=sa2,511-0273 三重県いなべ市大安町平塚５１８−１,35.1063122,136.5384325
藤原郵便局,https://map.japanpost.jp/p/search/dtl/300122079000/?&cond2=1&cond200=1&&his=sa2,511-0523 三重県いなべ市藤原町本郷１４６６−４,35.1813672,136.4851772
北勢山郷簡易郵便局,https://map.japanpost.jp/p/search/dtl/300122882000/?&cond2=1&cond200=1&&his=sa2,511-0427 三重県いなべ市北勢町麻生田３２５３−２,35.142625,136.5332958
北勢郵便局,https://map.japanpost.jp/p/search/dtl/300122019000/?&cond2=1&cond200=1&&his=sa2,511-0428 三重県いなべ市北勢町阿下喜２０６９−１,35.15041,136.5200356
尾鷲郵便局,https://map.japanpost.jp/p/search/dtl/300122011000/?&cond2=1&cond200=1&&his=sa2,519-3699 三重県尾鷲市中央町１−１,34.0729183,136.1960175
尾鷲駅前郵便局,https://map.japanpost.jp/p/search/dtl/300122286000/?&cond2=1&cond200=1&&his=sa2,519-3617 三重県尾鷲市野地町１０−１（ビオラ第１ビル１階）,34.0756239,136.1905619
尾鷲三木浦簡易郵便局,https://map.japanpost.jp/p/search/dtl/300122821000/?&cond2=1&cond200=1&&his=sa2,519-3814 三重県尾鷲市三木浦町２７３−１９,33.986615,136.2413769
尾鷲向井簡易郵便局,https://map.japanpost.jp/p/search/dtl/300122823000/?&cond2=1&cond200=1&&his=sa2,519-3625 三重県尾鷲市向井３９１−１１,34.0613869,136.2108072
賀田郵便局,https://map.japanpost.jp/p/search/dtl/300122052000/?&cond2=1&cond200=1&&his=sa2,519-3921 三重県尾鷲市賀田町３６０−２,33.9749675,136.1883283
北輪内郵便局,https://map.japanpost.jp/p/search/dtl/300122166000/?&cond2=1&cond200=1&&his=sa2,519-3811 三重県尾鷲市三木里町３１１−３,34.0001017,136.209245
九鬼郵便局,https://map.japanpost.jp/p/search/dtl/300122106000/?&cond2=1&cond200=1&&his=sa2,519-3701 三重県尾鷲市九鬼町９３−２,34.0145953,136.2542164
早田簡易郵便局,https://map.japanpost.jp/p/search/dtl/300122845000/?&cond2=1&cond200=1&&his=sa2,519-3702 三重県尾鷲市早田町６−３,33.9982889,136.2572453
