0,1,2,Latitude,Longitude
赤平泉町郵便局,https://map.japanpost.jp/p/search/dtl/300197167000/?&cond2=1&cond200=1&&his=sa2,079-1134 北海道赤平市泉町１−３−７,43.5570431,142.0454983
赤平西郵便局,https://map.japanpost.jp/p/search/dtl/300197153000/?&cond2=1&cond200=1&&his=sa2,079-1153 北海道赤平市豊栄町２−４,43.5653867,142.0345506
赤平東郵便局,https://map.japanpost.jp/p/search/dtl/300197166000/?&cond2=1&cond200=1&&his=sa2,079-1143 北海道赤平市赤平６５７,43.5476172,142.0633156
赤平郵便局,https://map.japanpost.jp/p/search/dtl/300197066000/?&cond2=1&cond200=1&&his=sa2,079-1199 北海道赤平市東大町３−１,43.5519972,142.0560731
平岸郵便局,https://map.japanpost.jp/p/search/dtl/300197091000/?&cond2=1&cond200=1&&his=sa2,079-1282 北海道赤平市平岸仲町４−１−１,43.5420244,142.124645
文京簡易郵便局,https://map.japanpost.jp/p/search/dtl/300197729000/?&cond2=1&cond200=1&&his=sa2,079-1122 北海道赤平市西文京町４−１−１３,43.5643728,142.0423339
茂尻郵便局,https://map.japanpost.jp/p/search/dtl/300197077000/?&cond2=1&cond200=1&&his=sa2,079-1261 北海道赤平市茂尻中央町南３−２５,43.5382389,142.0851881
鶴居郵便局,https://map.japanpost.jp/p/search/dtl/300192030000/?&cond2=1&cond200=1&&his=sa2,085-1299 北海道阿寒郡鶴居村鶴居西３−２９,43.235495,144.3232819
幌呂郵便局,https://map.japanpost.jp/p/search/dtl/300192039000/?&cond2=1&cond200=1&&his=sa2,085-1199 北海道阿寒郡鶴居村幌呂西４−１１−２,43.1985839,144.2625506
旭川中央郵便局,https://map.japanpost.jp/p/search/dtl/300197008000/?&cond2=1&cond200=1&&his=sa2,070-8799 北海道旭川市六条通６−２８−１,43.7719236,142.3601972
旭川東郵便局,https://map.japanpost.jp/p/search/dtl/300197206000/?&cond2=1&cond200=1&&his=sa2,078-8799 北海道旭川市東旭川町共栄９８−４,43.7444764,142.4248275
永山郵便局,https://map.japanpost.jp/p/search/dtl/300197006000/?&cond2=1&cond200=1&&his=sa2,079-8799 北海道旭川市永山二条１８−２−２２,43.8105731,142.4332358
旭川旭町郵便局,https://map.japanpost.jp/p/search/dtl/300197109000/?&cond2=1&cond200=1&&his=sa2,070-0831 北海道旭川市旭町一条８,43.7873742,142.3516694
旭川医大病院内簡易郵便局,https://map.japanpost.jp/p/search/dtl/300197776000/?&cond2=1&cond200=1&&his=sa2,078-8510 北海道旭川市緑が丘東２条１−１−１（旭川医科大学病院構内）,43.7297961,142.3842189
旭川一条西郵便局,https://map.japanpost.jp/p/search/dtl/300197087000/?&cond2=1&cond200=1&&his=sa2,070-0031 北海道旭川市一条通２−右１０,43.7676742,142.3513017
旭川駅内郵便局,https://map.japanpost.jp/p/search/dtl/300197219000/?&cond2=1&cond200=1&&his=sa2,070-0030 北海道旭川市宮下通８−３−１,43.7628778,142.3580478
旭川大町郵便局,https://map.japanpost.jp/p/search/dtl/300197037000/?&cond2=1&cond200=1&&his=sa2,070-0841 北海道旭川市大町一条３,43.7841919,142.3601939
旭川神楽岡五条郵便局,https://map.japanpost.jp/p/search/dtl/300197216000/?&cond2=1&cond200=1&&his=sa2,078-8315 北海道旭川市神楽岡五条５−４−１３,43.7422194,142.3725942
旭川神楽岡郵便局,https://map.japanpost.jp/p/search/dtl/300197193000/?&cond2=1&cond200=1&&his=sa2,070-8006 北海道旭川市神楽六条１４−２−９,43.7442236,142.3565942
旭川神楽郵便局,https://map.japanpost.jp/p/search/dtl/300197127000/?&cond2=1&cond200=1&&his=sa2,070-8005 北海道旭川市神楽五条４−２−６,43.7606406,142.3449836
旭川神居三条郵便局,https://map.japanpost.jp/p/search/dtl/300197122000/?&cond2=1&cond200=1&&his=sa2,070-8013 北海道旭川市神居三条４−２−１０,43.7653458,142.3306239
旭川神居東郵便局,https://map.japanpost.jp/p/search/dtl/300197229000/?&cond2=1&cond200=1&&his=sa2,070-8012 北海道旭川市神居二条２１−８５−１６,43.7456011,142.3438653
旭川神居郵便局,https://map.japanpost.jp/p/search/dtl/300197100000/?&cond2=1&cond200=1&&his=sa2,070-8012 北海道旭川市神居二条１１−１−１１,43.7591167,142.3369008
旭川川端郵便局,https://map.japanpost.jp/p/search/dtl/300197200000/?&cond2=1&cond200=1&&his=sa2,070-0813 北海道旭川市川端町三条７−１−２８,43.7825194,142.3497647
旭川北郵便局,https://map.japanpost.jp/p/search/dtl/300197078000/?&cond2=1&cond200=1&&his=sa2,071-8131 北海道旭川市末広一条７−１−２５,43.8090519,142.3935675
旭川金星橋郵便局,https://map.japanpost.jp/p/search/dtl/300197189000/?&cond2=1&cond200=1&&his=sa2,070-0023 北海道旭川市東三条３−１−１２,43.7794008,142.3733508
旭川九条郵便局,https://map.japanpost.jp/p/search/dtl/300197123000/?&cond2=1&cond200=1&&his=sa2,070-0039 北海道旭川市九条通９−右１０,43.7734347,142.3666361
旭川五条郵便局,https://map.japanpost.jp/p/search/dtl/300197056000/?&cond2=1&cond200=1&&his=sa2,078-8215 北海道旭川市五条通１８−５２１,43.7650775,142.3779128
旭川三条郵便局,https://map.japanpost.jp/p/search/dtl/300197051000/?&cond2=1&cond200=1&&his=sa2,070-0033 北海道旭川市三条通１３−８１５−１,43.7653661,142.3692753
旭川春光台郵便局,https://map.japanpost.jp/p/search/dtl/300197208000/?&cond2=1&cond200=1&&his=sa2,071-8143 北海道旭川市春光台三条４−１−１,43.8182306,142.3587497
旭川春光郵便局,https://map.japanpost.jp/p/search/dtl/300197190000/?&cond2=1&cond200=1&&his=sa2,070-0874 北海道旭川市春光四条６−４−１,43.8019967,142.3666564
旭川春光六郵便局,https://map.japanpost.jp/p/search/dtl/300197047000/?&cond2=1&cond200=1&&his=sa2,070-0871 北海道旭川市春光一条９−１４−２,43.8007825,142.3824108
旭川新富郵便局,https://map.japanpost.jp/p/search/dtl/300197196000/?&cond2=1&cond200=1&&his=sa2,070-0002 北海道旭川市新富二条１−５−９,43.7880036,142.3848628
旭川十条郵便局,https://map.japanpost.jp/p/search/dtl/300197223000/?&cond2=1&cond200=1&&his=sa2,078-8220 北海道旭川市十条通２３−２−４,43.7700497,142.3891722
旭川末広五条郵便局,https://map.japanpost.jp/p/search/dtl/300197226000/?&cond2=1&cond200=1&&his=sa2,071-8135 北海道旭川市末広五条１０−８−１１,43.8193197,142.3883086
旭川末広郵便局,https://map.japanpost.jp/p/search/dtl/300197207000/?&cond2=1&cond200=1&&his=sa2,071-8134 北海道旭川市末広四条３−５−１３,43.8110172,142.3775017
旭川住吉郵便局,https://map.japanpost.jp/p/search/dtl/300197185000/?&cond2=1&cond200=1&&his=sa2,070-0865 北海道旭川市住吉五条２−３−３７,43.7963344,142.3541856
旭川近文郵便局,https://map.japanpost.jp/p/search/dtl/300197141000/?&cond2=1&cond200=1&&his=sa2,070-0823 北海道旭川市緑町１９−２１４８−４５,43.7901375,142.3292081
旭川忠和郵便局,https://map.japanpost.jp/p/search/dtl/300197205000/?&cond2=1&cond200=1&&his=sa2,070-8044 北海道旭川市忠和四条５−４−７,43.7752917,142.3197911
芦別渓水簡易郵便局,https://map.japanpost.jp/p/search/dtl/300197782000/?&cond2=1&cond200=1&&his=sa2,075-0006 北海道芦別市北６条西３−１２−６,43.5307031,142.1774594
芦別宮元郵便局,https://map.japanpost.jp/p/search/dtl/300197191000/?&cond2=1&cond200=1&&his=sa2,075-0013 北海道芦別市北三条東１,43.5233936,142.1859917
芦別郵便局,https://map.japanpost.jp/p/search/dtl/300197023000/?&cond2=1&cond200=1&&his=sa2,075-8799 北海道芦別市北一条東１−１０−５,43.5190481,142.1874764
上芦別なまこ山簡易郵便局,https://map.japanpost.jp/p/search/dtl/300197764000/?&cond2=1&cond200=1&&his=sa2,079-1371 北海道芦別市上芦別町７９−７,43.4978419,142.2040808
上芦別郵便局,https://map.japanpost.jp/p/search/dtl/300197121000/?&cond2=1&cond200=1&&his=sa2,079-1371 北海道芦別市上芦別町５２０,43.4911919,142.2097658
新城郵便局,https://map.japanpost.jp/p/search/dtl/300197092000/?&cond2=1&cond200=1&&his=sa2,075-0251 北海道芦別市新城町２３２−１,43.6119772,142.2027058
常磐郵便局,https://map.japanpost.jp/p/search/dtl/300197142000/?&cond2=1&cond200=1&&his=sa2,075-0018 北海道芦別市常磐町５１７−８,43.5439933,142.1579342
西芦別郵便局,https://map.japanpost.jp/p/search/dtl/300197154000/?&cond2=1&cond200=1&&his=sa2,075-0161 北海道芦別市西芦別町１,43.4894753,142.1737536
野花南郵便局,https://map.japanpost.jp/p/search/dtl/300197071000/?&cond2=1&cond200=1&&his=sa2,079-1372 北海道芦別市野花南町９８２−３,43.4746772,142.25888
頼城郵便局,https://map.japanpost.jp/p/search/dtl/300197177000/?&cond2=1&cond200=1&&his=sa2,075-0164 北海道芦別市頼城町４−６３,43.4522447,142.1600106
足寄郵便局,https://map.japanpost.jp/p/search/dtl/300191015000/?&cond2=1&cond200=1&&his=sa2,089-3799 北海道足寄郡足寄町北一条４−４３−２,43.2443256,143.5522939
大誉地郵便局,https://map.japanpost.jp/p/search/dtl/300191024000/?&cond2=1&cond200=1&&his=sa2,089-4299 北海道足寄郡足寄町大誉地本町２０−６１,43.3906261,143.6812689
上足寄簡易郵便局,https://map.japanpost.jp/p/search/dtl/300192725000/?&cond2=1&cond200=1&&his=sa2,089-3962 北海道足寄郡足寄町上足寄本町６−１５,43.3548853,143.7848503
上利別郵便局,https://map.japanpost.jp/p/search/dtl/300192033000/?&cond2=1&cond200=1&&his=sa2,089-4141 北海道足寄郡足寄町上利別本町４１,43.3513061,143.6040692
中足寄簡易郵便局,https://map.japanpost.jp/p/search/dtl/300192704000/?&cond2=1&cond200=1&&his=sa2,089-3723 北海道足寄郡足寄町中足寄７４,43.2853269,143.6377736
芽登郵便局,https://map.japanpost.jp/p/search/dtl/300191043000/?&cond2=1&cond200=1&&his=sa2,089-3871 北海道足寄郡足寄町芽登本町２４１−１,43.2765092,143.4264719
螺湾郵便局,https://map.japanpost.jp/p/search/dtl/300192020000/?&cond2=1&cond200=1&&his=sa2,089-3999 北海道足寄郡足寄町螺湾本町３４,43.3071633,143.7054483
斗満簡易郵便局,https://map.japanpost.jp/p/search/dtl/300191755000/?&cond2=1&cond200=1&&his=sa2,089-4300 北海道足寄郡陸別町トマム南３線９０−５,43.4788667,143.6353161
陸別郵便局,https://map.japanpost.jp/p/search/dtl/300192017000/?&cond2=1&cond200=1&&his=sa2,089-4399 北海道足寄郡陸別町陸別原野分線５−３,43.4688417,143.7428442
厚岸郵便局,https://map.japanpost.jp/p/search/dtl/300192016000/?&cond2=1&cond200=1&&his=sa2,088-1199 北海道厚岸郡厚岸町港町２−１３９,43.0514958,144.8498433
糸魚沢簡易郵便局,https://map.japanpost.jp/p/search/dtl/300192727000/?&cond2=1&cond200=1&&his=sa2,088-1101 北海道厚岸郡厚岸町糸魚沢５３,43.1045144,144.9296222
尾幌郵便局,https://map.japanpost.jp/p/search/dtl/300192013000/?&cond2=1&cond200=1&&his=sa2,088-0899 北海道厚岸郡厚岸町尾幌２５３,43.0148389,144.703195
上尾幌郵便局,https://map.japanpost.jp/p/search/dtl/300192026000/?&cond2=1&cond200=1&&his=sa2,088-0771 北海道厚岸郡厚岸町上尾幌５２,43.0322597,144.6129514
釧路太田郵便局,https://map.japanpost.jp/p/search/dtl/300192004000/?&cond2=1&cond200=1&&his=sa2,088-1132 北海道厚岸郡厚岸町太田東６,43.0886981,144.7989822
床潭郵便局,https://map.japanpost.jp/p/search/dtl/300192018000/?&cond2=1&cond200=1&&his=sa2,088-1107 北海道厚岸郡厚岸町床潭１３８,42.9997336,144.8692933
本厚岸郵便局,https://map.japanpost.jp/p/search/dtl/300192001000/?&cond2=1&cond200=1&&his=sa2,088-1116 北海道厚岸郡厚岸町松葉３−１０５,43.0415108,144.8486494
門静簡易郵便局,https://map.japanpost.jp/p/search/dtl/300192705000/?&cond2=1&cond200=1&&his=sa2,088-1126 北海道厚岸郡厚岸町門静２−６２,43.0570792,144.7889378
姉別郵便局,https://map.japanpost.jp/p/search/dtl/300192045000/?&cond2=1&cond200=1&&his=sa2,088-1699 北海道厚岸郡浜中町姉別１−４５,43.1947669,145.1938417
霧多布郵便局,https://map.japanpost.jp/p/search/dtl/300192002000/?&cond2=1&cond200=1&&his=sa2,088-1599 北海道厚岸郡浜中町霧多布西二条１−４６,43.0792328,145.1282611
茶内郵便局,https://map.japanpost.jp/p/search/dtl/300192032000/?&cond2=1&cond200=1&&his=sa2,088-1399 北海道厚岸郡浜中町茶内本町４１,43.1304678,145.0265792
浜中郵便局,https://map.japanpost.jp/p/search/dtl/300192009000/?&cond2=1&cond200=1&&his=sa2,088-1499 北海道厚岸郡浜中町浜中桜西５５,43.15667,145.1018889
火散布簡易郵便局,https://map.japanpost.jp/p/search/dtl/300192701000/?&cond2=1&cond200=1&&his=sa2,088-1536 北海道厚岸郡浜中町火散布１８８,43.03118,145.0266039
琵琶瀬郵便局,https://map.japanpost.jp/p/search/dtl/300192048000/?&cond2=1&cond200=1&&his=sa2,088-1532 北海道厚岸郡浜中町琵琶瀬２２４,43.0585069,145.0835175
豊里郵便局,https://map.japanpost.jp/p/search/dtl/300199130000/?&cond2=1&cond200=1&&his=sa2,099-2303 北海道網走郡大空町女満別豊里３−６,43.8900581,144.1215367
東藻琴郵便局,https://map.japanpost.jp/p/search/dtl/300199057000/?&cond2=1&cond200=1&&his=sa2,099-3299 北海道網走郡大空町東藻琴１０８,43.8461844,144.2949611
女満別郵便局,https://map.japanpost.jp/p/search/dtl/300199060000/?&cond2=1&cond200=1&&his=sa2,099-2399 北海道網走郡大空町女満別西二条２−１−１１,43.9132944,144.1709269
活汲簡易郵便局,https://map.japanpost.jp/p/search/dtl/300199776000/?&cond2=1&cond200=1&&his=sa2,092-0206 北海道網走郡津別町活汲２９６−２,43.7445636,144.0533528
北見相生郵便局,https://map.japanpost.jp/p/search/dtl/300199124000/?&cond2=1&cond200=1&&his=sa2,092-0361 北海道網走郡津別町相生１１０−８,43.5419067,143.9835694
津別郵便局,https://map.japanpost.jp/p/search/dtl/300199044000/?&cond2=1&cond200=1&&his=sa2,092-0299 北海道網走郡津別町新町１５−４,43.7088981,144.0241492
本岐郵便局,https://map.japanpost.jp/p/search/dtl/300199065000/?&cond2=1&cond200=1&&his=sa2,092-0351 北海道網走郡津別町本岐７５−１,43.6485733,143.9883286
美幌郵便局,https://map.japanpost.jp/p/search/dtl/300199029000/?&cond2=1&cond200=1&&his=sa2,092-8799 北海道網走郡美幌町大通北１−１４−１,43.8241492,144.1031842
稲美簡易郵便局,https://map.japanpost.jp/p/search/dtl/300199749000/?&cond2=1&cond200=1&&his=sa2,092-0027 北海道網走郡美幌町稲美９０−９９,43.8214264,144.1172578
上美幌郵便局,https://map.japanpost.jp/p/search/dtl/300199138000/?&cond2=1&cond200=1&&his=sa2,092-0181 北海道網走郡美幌町上町１２,43.7879961,144.08392
美幌駅前郵便局,https://map.japanpost.jp/p/search/dtl/300199123000/?&cond2=1&cond200=1&&his=sa2,092-0015 北海道網走郡美幌町新町３−１−１,43.8353169,144.1059194
美幌南郵便局,https://map.japanpost.jp/p/search/dtl/300199148000/?&cond2=1&cond200=1&&his=sa2,092-0031 北海道網走郡美幌町大通南２−８−１,43.8213344,144.1022367
福住郵便局,https://map.japanpost.jp/p/search/dtl/300199098000/?&cond2=1&cond200=1&&his=sa2,092-0024 北海道網走郡美幌町福住４９３,43.7729961,144.1714147
網走郵便局,https://map.japanpost.jp/p/search/dtl/300199001000/?&cond2=1&cond200=1&&his=sa2,093-8799 北海道網走市南四条東３−８,44.0210125,144.2714436
網走駅前郵便局,https://map.japanpost.jp/p/search/dtl/300199156000/?&cond2=1&cond200=1&&his=sa2,093-0046 北海道網走市新町２−３−１,44.0202619,144.2531311
網走大曲郵便局,https://map.japanpost.jp/p/search/dtl/300199034000/?&cond2=1&cond200=1&&his=sa2,093-0045 北海道網走市大曲１−１１−８,44.0125908,144.2301017
網走北六条郵便局,https://map.japanpost.jp/p/search/dtl/300199139000/?&cond2=1&cond200=1&&his=sa2,093-0076 北海道網走市北六条西２−１１,44.0264981,144.2625772
網走駒場郵便局,https://map.japanpost.jp/p/search/dtl/300199174000/?&cond2=1&cond200=1&&his=sa2,093-0033 北海道網走市駒場北６−１−２０,43.9996706,144.2850481
網走潮見簡易郵便局,https://map.japanpost.jp/p/search/dtl/300199769000/?&cond2=1&cond200=1&&his=sa2,093-0042 北海道網走市潮見４−１１３−１,44.0016144,144.2712433
網走つくしヶ丘簡易郵便局,https://map.japanpost.jp/p/search/dtl/300199753000/?&cond2=1&cond200=1&&his=sa2,093-0034 北海道網走市つくしケ丘４−８−５,43.9933181,144.2862794
網走南四条郵便局,https://map.japanpost.jp/p/search/dtl/300199116000/?&cond2=1&cond200=1&&his=sa2,093-0014 北海道網走市南四条西３−９,44.0202897,144.2641439
卯原内郵便局,https://map.japanpost.jp/p/search/dtl/300199078000/?&cond2=1&cond200=1&&his=sa2,093-0135 北海道網走市卯原内５８,44.0120953,144.1134572
浦士別郵便局,https://map.japanpost.jp/p/search/dtl/300199136000/?&cond2=1&cond200=1&&his=sa2,099-3502 北海道網走市浦士別３０２−７,43.8887306,144.4095397
桂町簡易郵便局,https://map.japanpost.jp/p/search/dtl/300199742000/?&cond2=1&cond200=1&&his=sa2,093-0041 北海道網走市桂町３−４−３,44.0106239,144.2738181
北浜郵便局,https://map.japanpost.jp/p/search/dtl/300199033000/?&cond2=1&cond200=1&&his=sa2,099-3112 北海道網走市北浜１１１−２,43.9554961,144.356905
二ツ岩簡易郵便局,https://map.japanpost.jp/p/search/dtl/300199739000/?&cond2=1&cond200=1&&his=sa2,093-0086 北海道網走市二ツ岩１４１−４,44.0482617,144.2559961
鱒浦郵便局,https://map.japanpost.jp/p/search/dtl/300199151000/?&cond2=1&cond200=1&&his=sa2,099-3119 北海道網走市鱒浦３２,43.9867189,144.2952344
藻琴郵便局,https://map.japanpost.jp/p/search/dtl/300199120000/?&cond2=1&cond200=1&&his=sa2,099-3111 北海道網走市藻琴１１９−１,43.9666836,144.3226903
呼人郵便局,https://map.japanpost.jp/p/search/dtl/300199101000/?&cond2=1&cond200=1&&his=sa2,099-2421 北海道網走市呼人２８３−２,43.9617722,144.2183128
喜茂別郵便局,https://map.japanpost.jp/p/search/dtl/300190149000/?&cond2=1&cond200=1&&his=sa2,044-0299 北海道虻田郡喜茂別町喜茂別１２０−４,42.7963494,140.9345219
鈴川郵便局,https://map.japanpost.jp/p/search/dtl/300190196000/?&cond2=1&cond200=1&&his=sa2,044-0451 北海道虻田郡喜茂別町字鈴川２５−３,42.7677031,140.9735964
双葉簡易郵便局,https://map.japanpost.jp/p/search/dtl/300190829000/?&cond2=1&cond200=1&&his=sa2,044-0463 北海道虻田郡喜茂別町双葉３１−１,42.7407489,141.0464197
京極郵便局,https://map.japanpost.jp/p/search/dtl/300190117000/?&cond2=1&cond200=1&&his=sa2,044-0199 北海道虻田郡京極町京極６６９,42.8597303,140.8838269
南京極郵便局,https://map.japanpost.jp/p/search/dtl/300190314000/?&cond2=1&cond200=1&&his=sa2,044-0132 北海道虻田郡京極町更進４１７−６,42.8297719,140.8931328
倶知安郵便局,https://map.japanpost.jp/p/search/dtl/300190054000/?&cond2=1&cond200=1&&his=sa2,044-8799 北海道虻田郡倶知安町南一条東１−１７,42.9010853,140.7544153
倶知安北郵便局,https://map.japanpost.jp/p/search/dtl/300190302000/?&cond2=1&cond200=1&&his=sa2,044-0054 北海道虻田郡倶知安町北四条西１丁目１−５,42.9042261,140.7506844
倶知安南郵便局,https://map.japanpost.jp/p/search/dtl/300190161000/?&cond2=1&cond200=1&&his=sa2,044-0041 北海道虻田郡倶知安町南七条西１−１０−１４,42.8946853,140.7516847
六郷簡易郵便局,https://map.japanpost.jp/p/search/dtl/300190726000/?&cond2=1&cond200=1&&his=sa2,044-0004 北海道虻田郡倶知安町北４条東７,42.9034994,140.7680353
虻田郵便局,https://map.japanpost.jp/p/search/dtl/300190030000/?&cond2=1&cond200=1&&his=sa2,049-5699 北海道虻田郡洞爺湖町本町３３−１,42.5501225,140.7619347
入江簡易郵便局,https://map.japanpost.jp/p/search/dtl/300190713000/?&cond2=1&cond200=1&&his=sa2,049-5603 北海道虻田郡洞爺湖町入江３８−３,42.5407444,140.7710914
洞爺温泉郵便局,https://map.japanpost.jp/p/search/dtl/300190207000/?&cond2=1&cond200=1&&his=sa2,049-5721 北海道虻田郡洞爺湖町洞爺湖温泉３８−２,42.5651519,140.8206956
洞爺郵便局,https://map.japanpost.jp/p/search/dtl/300190092000/?&cond2=1&cond200=1&&his=sa2,049-5899 北海道虻田郡洞爺湖町洞爺町４４−２,42.6491497,140.8339006
大岸郵便局,https://map.japanpost.jp/p/search/dtl/300190170000/?&cond2=1&cond200=1&&his=sa2,049-5399 北海道虻田郡豊浦町大岸１１２−２,42.5899169,140.6451083
豊浦郵便局,https://map.japanpost.jp/p/search/dtl/300190123000/?&cond2=1&cond200=1&&his=sa2,049-5499 北海道虻田郡豊浦町幸町６５,42.5846294,140.7093494
礼文郵便局,https://map.japanpost.jp/p/search/dtl/300190204000/?&cond2=1&cond200=1&&his=sa2,049-5333 北海道虻田郡豊浦町礼文華１６０,42.5801442,140.5940344
ニセコ駅前簡易郵便局,https://map.japanpost.jp/p/search/dtl/300190740000/?&cond2=1&cond200=1&&his=sa2,048-1512 北海道虻田郡ニセコ町中央通８８−１,42.8087189,140.6854894
ニセコ元町簡易郵便局,https://map.japanpost.jp/p/search/dtl/300190837000/?&cond2=1&cond200=1&&his=sa2,048-1544 北海道虻田郡ニセコ町元町２１４,42.7966683,140.7094169
ニセコ郵便局,https://map.japanpost.jp/p/search/dtl/300190083000/?&cond2=1&cond200=1&&his=sa2,048-1599 北海道虻田郡ニセコ町本通１０３−１,42.8039242,140.6862486
真狩郵便局,https://map.japanpost.jp/p/search/dtl/300190124000/?&cond2=1&cond200=1&&his=sa2,048-1699 北海道虻田郡真狩村真狩７７−１,42.7637858,140.8052289
三ノ原簡易郵便局,https://map.japanpost.jp/p/search/dtl/300190834000/?&cond2=1&cond200=1&&his=sa2,048-1723 北海道虻田郡留寿都村三ノ原１９,42.6948522,140.8395169
留寿都郵便局,https://map.japanpost.jp/p/search/dtl/300190055000/?&cond2=1&cond200=1&&his=sa2,048-1731 北海道虻田郡留寿都村留寿都８１,42.7388128,140.8788194
新篠津郵便局,https://map.japanpost.jp/p/search/dtl/300190061000/?&cond2=1&cond200=1&&his=sa2,068-1199 北海道石狩郡新篠津村第４６線北１２,43.2244133,141.6481283
当別郵便局,https://map.japanpost.jp/p/search/dtl/300190034000/?&cond2=1&cond200=1&&his=sa2,061-0299 北海道石狩郡当別町弥生５１−４,43.2186944,141.5170094
中小屋郵便局,https://map.japanpost.jp/p/search/dtl/300190223000/?&cond2=1&cond200=1&&his=sa2,061-0211 北海道石狩郡当別町中小屋１７０３−８,43.3068986,141.6032583
太美郵便局,https://map.japanpost.jp/p/search/dtl/300190168000/?&cond2=1&cond200=1&&his=sa2,061-3799 北海道石狩郡当別町太美町１４８０−５８,43.1925144,141.4471772
弁華別郵便局,https://map.japanpost.jp/p/search/dtl/300190216000/?&cond2=1&cond200=1&&his=sa2,061-0208 北海道石狩郡当別町弁華別１５７−３３,43.2644758,141.5290833
石狩郵便局,https://map.japanpost.jp/p/search/dtl/300190115000/?&cond2=1&cond200=1&&his=sa2,061-3299 北海道石狩市花川北三条２−２００,43.1636286,141.3095697
厚田郵便局,https://map.japanpost.jp/p/search/dtl/300190013000/?&cond2=1&cond200=1&&his=sa2,061-3699 北海道石狩市厚田区厚田４４−６,43.3990756,141.4346525
石狩親船郵便局,https://map.japanpost.jp/p/search/dtl/300190171000/?&cond2=1&cond200=1&&his=sa2,061-3377 北海道石狩市親船町６０−９,43.2262464,141.3400956
石狩北郵便局,https://map.japanpost.jp/p/search/dtl/300190006000/?&cond2=1&cond200=1&&his=sa2,061-3399 北海道石狩市八幡２−３３２−１３,43.2453697,141.3720225
石狩市役所前郵便局,https://map.japanpost.jp/p/search/dtl/300190481000/?&cond2=1&cond200=1&&his=sa2,061-3217 北海道石狩市花川北七条１−７−１,43.1718953,141.3173786
石狩高岡郵便局,https://map.japanpost.jp/p/search/dtl/300190230000/?&cond2=1&cond200=1&&his=sa2,061-3481 北海道石狩市八幡町高岡２５１−５,43.2538536,141.4253539
石狩花川北二条郵便局,https://map.japanpost.jp/p/search/dtl/300190446000/?&cond2=1&cond200=1&&his=sa2,061-3212 北海道石狩市花川北二条５−５７−６,43.1536525,141.3120492
石狩花川南一条郵便局,https://map.japanpost.jp/p/search/dtl/300190573000/?&cond2=1&cond200=1&&his=sa2,061-3201 北海道石狩市花川南一条２−１３０,43.1563244,141.3007642
石狩花川南五条郵便局,https://map.japanpost.jp/p/search/dtl/300190456000/?&cond2=1&cond200=1&&his=sa2,061-3205 北海道石狩市花川南五条２−２１８−２,43.1477528,141.2914547
石狩花川南八条郵便局,https://map.japanpost.jp/p/search/dtl/300190500000/?&cond2=1&cond200=1&&his=sa2,061-3208 北海道石狩市花川南八条３−２５,43.1414067,141.2845164
石狩本町簡易郵便局,https://map.japanpost.jp/p/search/dtl/300190839000/?&cond2=1&cond200=1&&his=sa2,061-3377 北海道石狩市親船町１０７,43.2436036,141.3507353
石狩南高校前郵便局,https://map.japanpost.jp/p/search/dtl/300190562000/?&cond2=1&cond200=1&&his=sa2,061-3208 北海道石狩市花川南八条５−５,43.13784,141.2890636
浜益郵便局,https://map.japanpost.jp/p/search/dtl/300190012000/?&cond2=1&cond200=1&&his=sa2,061-3199 北海道石狩市浜益区浜益６３０−２,43.6010997,141.3834561
幌郵便局,https://map.japanpost.jp/p/search/dtl/300190101000/?&cond2=1&cond200=1&&his=sa2,061-3103 北海道石狩市浜益区幌２１−９,43.6497883,141.3535692
望来郵便局,https://map.japanpost.jp/p/search/dtl/300190148000/?&cond2=1&cond200=1&&his=sa2,061-3523 北海道石狩市厚田区望来９４−２２,43.31223,141.4130175
昆布郵便局,https://map.japanpost.jp/p/search/dtl/300190060000/?&cond2=1&cond200=1&&his=sa2,048-1302 北海道磯谷郡蘭越町昆布町１３４-３,42.7972842,140.5968183
後志港町簡易郵便局,https://map.japanpost.jp/p/search/dtl/300190749000/?&cond2=1&cond200=1&&his=sa2,048-1341 北海道磯谷郡蘭越町港町６１９,42.8761469,140.3687175
名駒郵便局,https://map.japanpost.jp/p/search/dtl/300190058000/?&cond2=1&cond200=1&&his=sa2,048-1307 北海道磯谷郡蘭越町名駒町１７１,42.8163417,140.4462744
目名郵便局,https://map.japanpost.jp/p/search/dtl/300190135000/?&cond2=1&cond200=1&&his=sa2,048-1261 北海道磯谷郡蘭越町目名町６９４,42.7616678,140.4652917
蘭越郵便局,https://map.japanpost.jp/p/search/dtl/300190132000/?&cond2=1&cond200=1&&his=sa2,048-1399 北海道磯谷郡蘭越町蘭越町１４２−１,42.8051228,140.5269236
岩内大浜簡易郵便局,https://map.japanpost.jp/p/search/dtl/300190732000/?&cond2=1&cond200=1&&his=sa2,045-0001 北海道岩内郡岩内町大浜１２−５,42.9865922,140.5250264
岩内高台郵便局,https://map.japanpost.jp/p/search/dtl/300190147000/?&cond2=1&cond200=1&&his=sa2,045-0013 北海道岩内郡岩内町高台１１７−１,42.9807292,140.5177089
岩内東山簡易郵便局,https://map.japanpost.jp/p/search/dtl/300190777000/?&cond2=1&cond200=1&&his=sa2,045-0002 北海道岩内郡岩内町東山２２−１,42.9834539,140.5293269
岩内郵便局,https://map.japanpost.jp/p/search/dtl/300190005000/?&cond2=1&cond200=1&&his=sa2,045-8799 北海道岩内郡岩内町高台１８０−２,42.9787986,140.5122783
島野郵便局,https://map.japanpost.jp/p/search/dtl/300190108000/?&cond2=1&cond200=1&&his=sa2,045-0024 北海道岩内郡岩内町野束５１−１,42.97686,140.4913092
国富郵便局,https://map.japanpost.jp/p/search/dtl/300190251000/?&cond2=1&cond200=1&&his=sa2,048-2143 北海道岩内郡共和町国富２−２,42.9823708,140.6515531
小沢郵便局,https://map.japanpost.jp/p/search/dtl/300190080000/?&cond2=1&cond200=1&&his=sa2,048-2142 北海道岩内郡共和町小沢９５−１２８,42.9711808,140.6762825
発足郵便局,https://map.japanpost.jp/p/search/dtl/300190139000/?&cond2=1&cond200=1&&his=sa2,045-0122 北海道岩内郡共和町発足１１１４,43.0163564,140.5675356
前田郵便局,https://map.japanpost.jp/p/search/dtl/300190138000/?&cond2=1&cond200=1&&his=sa2,048-2201 北海道岩内郡共和町前田９９−６,42.9809022,140.5745314
岩見沢郵便局,https://map.japanpost.jp/p/search/dtl/300197004000/?&cond2=1&cond200=1&&his=sa2,068-8799 北海道岩見沢市九条西２−１−５,43.1975297,141.7704203
岩見沢朝日簡易郵便局,https://map.japanpost.jp/p/search/dtl/300197773000/?&cond2=1&cond200=1&&his=sa2,068-3185 北海道岩見沢市朝日町１７６−２２,43.1604153,141.8704286
岩見沢春日簡易郵便局,https://map.japanpost.jp/p/search/dtl/300197739000/?&cond2=1&cond200=1&&his=sa2,068-0827 北海道岩見沢市春日町１−８−１６,43.18987,141.7715972
岩見沢北三条簡易郵便局,https://map.japanpost.jp/p/search/dtl/300197767000/?&cond2=1&cond200=1&&his=sa2,068-0043 北海道岩見沢市北三条西１７−１−２,43.2018014,141.7454253
岩見沢くぴど簡易郵便局,https://map.japanpost.jp/p/search/dtl/300197774000/?&cond2=1&cond200=1&&his=sa2,068-0833 北海道岩見沢市志文町３０１,43.1649106,141.7578397
岩見沢栄町郵便局,https://map.japanpost.jp/p/search/dtl/300197224000/?&cond2=1&cond200=1&&his=sa2,068-0821 北海道岩見沢市栄町１−１２−１４,43.2182981,141.7945453
岩見沢三条中郵便局,https://map.japanpost.jp/p/search/dtl/300197114000/?&cond2=1&cond200=1&&his=sa2,068-0023 北海道岩見沢市三条西４,43.2025567,141.7628169
岩見沢三条郵便局,https://map.japanpost.jp/p/search/dtl/300197182000/?&cond2=1&cond200=1&&his=sa2,068-0023 北海道岩見沢市三条西１１−１−４,43.1998156,141.7561325
岩見沢志文郵便局,https://map.japanpost.jp/p/search/dtl/300197042000/?&cond2=1&cond200=1&&his=sa2,068-0844 北海道岩見沢市志文本町四条４−１−２７,43.1590697,141.7479597
岩見沢日の出郵便局,https://map.japanpost.jp/p/search/dtl/300197201000/?&cond2=1&cond200=1&&his=sa2,068-0005 北海道岩見沢市五条東１５−４３,43.2113786,141.7868897
岩見沢幌向郵便局,https://map.japanpost.jp/p/search/dtl/300197013000/?&cond2=1&cond200=1&&his=sa2,069-0371 北海道岩見沢市幌向南一条２−１５９,43.1513981,141.6569236
岩見沢美園郵便局,https://map.japanpost.jp/p/search/dtl/300197170000/?&cond2=1&cond200=1&&his=sa2,068-0814 北海道岩見沢市美園四条４−１−９,43.1878086,141.7634594
岩見沢元町郵便局,https://map.japanpost.jp/p/search/dtl/300197192000/?&cond2=1&cond200=1&&his=sa2,068-0052 北海道岩見沢市元町二条西１−１２,43.2082428,141.7624336
岩見沢大和簡易郵便局,https://map.japanpost.jp/p/search/dtl/300197775000/?&cond2=1&cond200=1&&his=sa2,068-0851 北海道岩見沢市大和１条３−７３,43.1934169,141.7458436
岩見沢六条郵便局,https://map.japanpost.jp/p/search/dtl/300197214000/?&cond2=1&cond200=1&&his=sa2,068-0005 北海道岩見沢市五条東２−２−２２,43.2029428,141.7693725
上志文郵便局,https://map.japanpost.jp/p/search/dtl/300197069000/?&cond2=1&cond200=1&&his=sa2,068-0836 北海道岩見沢市上志文町２−１５,43.1645869,141.8150389
上幌向郵便局,https://map.japanpost.jp/p/search/dtl/300197130000/?&cond2=1&cond200=1&&his=sa2,069-0362 北海道岩見沢市上幌向南一条３−１２５６−６,43.1820106,141.7170669
北村郵便局,https://map.japanpost.jp/p/search/dtl/300197014000/?&cond2=1&cond200=1&&his=sa2,068-1204 北海道岩見沢市北村栄町５９１−４,43.2639925,141.6950583
栗沢本町簡易郵便局,https://map.japanpost.jp/p/search/dtl/300197751000/?&cond2=1&cond200=1&&his=sa2,068-0127 北海道岩見沢市栗沢町本町３４,43.1186592,141.7405711
栗沢郵便局,https://map.japanpost.jp/p/search/dtl/300197012000/?&cond2=1&cond200=1&&his=sa2,068-0199 北海道岩見沢市栗沢町北本町１７２−１,43.1206917,141.7442986
万字仲町簡易郵便局,https://map.japanpost.jp/p/search/dtl/300197746000/?&cond2=1&cond200=1&&his=sa2,068-3153 北海道岩見沢市栗沢町万字仲町１２９−３,43.1464842,141.9821186
美流渡郵便局,https://map.japanpost.jp/p/search/dtl/300197074000/?&cond2=1&cond200=1&&his=sa2,068-3171 北海道岩見沢市栗沢町美流渡本町５０−３,43.1627297,141.9146036
茂世丑郵便局,https://map.japanpost.jp/p/search/dtl/300197098000/?&cond2=1&cond200=1&&his=sa2,068-0114 北海道岩見沢市栗沢町茂世丑４５５,43.1191642,141.8051792
久保内郵便局,https://map.japanpost.jp/p/search/dtl/300190169000/?&cond2=1&cond200=1&&his=sa2,052-0112 北海道有珠郡壮瞥町久保内１００,42.5783756,140.9554008
壮瞥郵便局,https://map.japanpost.jp/p/search/dtl/300190051000/?&cond2=1&cond200=1&&his=sa2,052-0199 北海道有珠郡壮瞥町滝之町４１６−２８,42.5581722,140.8900472
仲洞爺簡易郵便局,https://map.japanpost.jp/p/search/dtl/300190706000/?&cond2=1&cond200=1&&his=sa2,052-0105 北海道有珠郡壮瞥町仲洞爺１３,42.6179067,140.9136378
歌志内郵便局,https://map.japanpost.jp/p/search/dtl/300197005000/?&cond2=1&cond200=1&&his=sa2,073-0403 北海道歌志内市本町１０２７−６０,43.5218603,142.0406933
神威郵便局,https://map.japanpost.jp/p/search/dtl/300197050000/?&cond2=1&cond200=1&&his=sa2,073-0405 北海道歌志内市神威３７,43.5030975,142.0098247
文珠郵便局,https://map.japanpost.jp/p/search/dtl/300197168000/?&cond2=1&cond200=1&&his=sa2,073-0407 北海道歌志内市文珠２２８−４７,43.4972419,141.9930053
浦河堺町郵便局,https://map.japanpost.jp/p/search/dtl/300190291000/?&cond2=1&cond200=1&&his=sa2,057-0033 北海道浦河郡浦河町堺町東１−６−３,42.1763097,142.7604733
浦河郵便局,https://map.japanpost.jp/p/search/dtl/300190025000/?&cond2=1&cond200=1&&his=sa2,057-8799 北海道浦河郡浦河町浜町７,42.1622583,142.7737536
荻伏郵便局,https://map.japanpost.jp/p/search/dtl/300190106000/?&cond2=1&cond200=1&&his=sa2,059-3451 北海道浦河郡浦河町荻伏町２８−２,42.1963839,142.6786444
西舎郵便局,https://map.japanpost.jp/p/search/dtl/300190143000/?&cond2=1&cond200=1&&his=sa2,057-0171 北海道浦河郡浦河町西舎３３５,42.1936011,142.8614133
西幌別簡易郵便局,https://map.japanpost.jp/p/search/dtl/300190723000/?&cond2=1&cond200=1&&his=sa2,057-0002 北海道浦河郡浦河町西幌別２７３,42.1424525,142.8345972
野深郵便局,https://map.japanpost.jp/p/search/dtl/300190234000/?&cond2=1&cond200=1&&his=sa2,059-3454 北海道浦河郡浦河町野深１１２−３,42.2486236,142.7551186
石狩追分郵便局,https://map.japanpost.jp/p/search/dtl/300197116000/?&cond2=1&cond200=1&&his=sa2,078-2600 北海道雨竜郡雨竜町洲本１２７−１０,43.6772522,141.8898806
雨竜郵便局,https://map.japanpost.jp/p/search/dtl/300197022000/?&cond2=1&cond200=1&&his=sa2,078-2600 北海道雨竜郡雨竜町尾白利加８８−３６,43.6456097,141.889485
秩父別郵便局,https://map.japanpost.jp/p/search/dtl/300197030000/?&cond2=1&cond200=1&&his=sa2,078-2199 北海道雨竜郡秩父別町１５４５−３,43.7659772,141.9577867
沼田郵便局,https://map.japanpost.jp/p/search/dtl/300197017000/?&cond2=1&cond200=1&&his=sa2,078-2299 北海道雨竜郡沼田町南一条４−５−６,43.8076411,141.9322753
北竜簡易郵便局,https://map.japanpost.jp/p/search/dtl/300197791000/?&cond2=1&cond200=1&&his=sa2,078-2223 北海道雨竜郡沼田町北竜４５０,43.7874844,141.9086806
碧水郵便局,https://map.japanpost.jp/p/search/dtl/300197131000/?&cond2=1&cond200=1&&his=sa2,078-2503 北海道雨竜郡北竜町碧水５５,43.7678636,141.8811069
和郵便局,https://map.japanpost.jp/p/search/dtl/300197068000/?&cond2=1&cond200=1&&his=sa2,078-2512 北海道雨竜郡北竜町和２−９,43.7301642,141.8795533
朱鞠内郵便局,https://map.japanpost.jp/p/search/dtl/300197112000/?&cond2=1&cond200=1&&his=sa2,074-0742 北海道雨竜郡幌加内町朱鞠内,44.2816919,142.1616403
政和簡易郵便局,https://map.japanpost.jp/p/search/dtl/300197789000/?&cond2=1&cond200=1&&his=sa2,074-0426 北海道雨竜郡幌加内町政和第二,44.1338153,142.1519319
沼牛簡易郵便局,https://map.japanpost.jp/p/search/dtl/300197798000/?&cond2=1&cond200=1&&his=sa2,074-0403 北海道雨竜郡幌加内町下幌加内６６２０−３,43.9549939,142.1585369
幌加内郵便局,https://map.japanpost.jp/p/search/dtl/300197064000/?&cond2=1&cond200=1&&his=sa2,074-0499 北海道雨竜郡幌加内町幌加内,44.0089431,142.1524789
母子里簡易郵便局,https://map.japanpost.jp/p/search/dtl/300197771000/?&cond2=1&cond200=1&&his=sa2,074-0741 北海道雨竜郡幌加内町字母子里８４１２−１,44.3641128,142.2629339
妹背牛郵便局,https://map.japanpost.jp/p/search/dtl/300197028000/?&cond2=1&cond200=1&&his=sa2,079-0599 北海道雨竜郡妹背牛町妹背牛４１９−２,43.6937664,141.9631642
歌登郵便局,https://map.japanpost.jp/p/search/dtl/300199036000/?&cond2=1&cond200=1&&his=sa2,098-5299 北海道枝幸郡枝幸町歌登西町１２０,44.8434767,142.4758992
枝幸郵便局,https://map.japanpost.jp/p/search/dtl/300199007000/?&cond2=1&cond200=1&&his=sa2,098-5899 北海道枝幸郡枝幸町本町２７９−１,44.9374883,142.5808222
乙忠部郵便局,https://map.japanpost.jp/p/search/dtl/300199054000/?&cond2=1&cond200=1&&his=sa2,098-5999 北海道枝幸郡枝幸町乙忠部４７５,44.7815869,142.7185261
音標郵便局,https://map.japanpost.jp/p/search/dtl/300199064000/?&cond2=1&cond200=1&&his=sa2,098-5955 北海道枝幸郡枝幸町音標１０８７−６,44.7050342,142.8093386
風烈布簡易郵便局,https://map.japanpost.jp/p/search/dtl/300199706000/?&cond2=1&cond200=1&&his=sa2,098-5953 北海道枝幸郡枝幸町風烈布５２７２−２,44.7418658,142.7593761
小頓別郵便局,https://map.japanpost.jp/p/search/dtl/300199048000/?&cond2=1&cond200=1&&his=sa2,098-5102 北海道枝幸郡中頓別町小頓別２５,44.8281794,142.3094892
中頓別郵便局,https://map.japanpost.jp/p/search/dtl/300199056000/?&cond2=1&cond200=1&&his=sa2,098-5599 北海道枝幸郡中頓別町中頓別１５２−１１,44.972685,142.2887075
下頓別郵便局,https://map.japanpost.jp/p/search/dtl/300199070000/?&cond2=1&cond200=1&&his=sa2,098-5752 北海道枝幸郡浜頓別町下頓別,45.0471044,142.3133433
頓別郵便局,https://map.japanpost.jp/p/search/dtl/300199039000/?&cond2=1&cond200=1&&his=sa2,098-5701 北海道枝幸郡浜頓別町頓別,45.1304903,142.3940261
浜頓別郵便局,https://map.japanpost.jp/p/search/dtl/300199069000/?&cond2=1&cond200=1&&his=sa2,098-5799 北海道枝幸郡浜頓別町南一条２−１,45.1242797,142.3635064
恵庭郵便局,https://map.japanpost.jp/p/search/dtl/300190056000/?&cond2=1&cond200=1&&his=sa2,061-1499 北海道恵庭市住吉町２−５−１２,42.8762569,141.5830744
恵庭有明郵便局,https://map.japanpost.jp/p/search/dtl/300190344000/?&cond2=1&cond200=1&&his=sa2,061-1431 北海道恵庭市有明町１−１３−１１,42.8876106,141.5718656
恵庭漁町郵便局,https://map.japanpost.jp/p/search/dtl/300190428000/?&cond2=1&cond200=1&&his=sa2,061-1414 北海道恵庭市漁町２ー１−１９,42.8807589,141.5767381
恵庭駅前郵便局,https://map.japanpost.jp/p/search/dtl/300190411000/?&cond2=1&cond200=1&&his=sa2,061-1448 北海道恵庭市相生町1丁目8番1号,42.8824208,141.5859431
恵庭柏木中通郵便局,https://map.japanpost.jp/p/search/dtl/300190550000/?&cond2=1&cond200=1&&his=sa2,061-1434 北海道恵庭市柏陽町３−２２−１０,42.8935797,141.5669639
恵庭黄金郵便局,https://map.japanpost.jp/p/search/dtl/300190556000/?&cond2=1&cond200=1&&his=sa2,061-1409 北海道恵庭市黄金南１−１０−４,42.8830039,141.5915258
恵庭柏陽簡易郵便局,https://map.japanpost.jp/p/search/dtl/300190809000/?&cond2=1&cond200=1&&his=sa2,061-1434 北海道恵庭市柏陽町１−２５−８,42.8978619,141.5707439
恵庭恵み野中郵便局,https://map.japanpost.jp/p/search/dtl/300190213000/?&cond2=1&cond200=1&&his=sa2,061-1373 北海道恵庭市恵み野西５−３−２,42.906795,141.5840778
恵庭恵み野郵便局,https://map.japanpost.jp/p/search/dtl/300190489000/?&cond2=1&cond200=1&&his=sa2,061-1373 北海道恵庭市恵み野西１−２３−１,42.9028503,141.5783233
島松郵便局,https://map.japanpost.jp/p/search/dtl/300190187000/?&cond2=1&cond200=1&&his=sa2,061-1351 北海道恵庭市島松東町３−１−１,42.9194592,141.5778058
中恵庭簡易郵便局,https://map.japanpost.jp/p/search/dtl/300190840000/?&cond2=1&cond200=1&&his=sa2,061-1404 北海道恵庭市上山口２８,42.9059539,141.6059708
江別郵便局,https://map.japanpost.jp/p/search/dtl/300190010000/?&cond2=1&cond200=1&&his=sa2,067-8799 北海道江別市王子１６−１５,43.1141156,141.553145
野幌郵便局,https://map.japanpost.jp/p/search/dtl/300190076000/?&cond2=1&cond200=1&&his=sa2,069-8799 北海道江別市野幌町６８−５,43.0917731,141.5222683
江別あけぼの簡易郵便局,https://map.japanpost.jp/p/search/dtl/300190806000/?&cond2=1&cond200=1&&his=sa2,067-0025 北海道江別市あけぼの町31−４,43.1031706,141.5781219
江別大麻西郵便局,https://map.japanpost.jp/p/search/dtl/300190416000/?&cond2=1&cond200=1&&his=sa2,069-0846 北海道江別市大麻桜木町２６−１,43.0705678,141.4830764
江別大麻東町郵便局,https://map.japanpost.jp/p/search/dtl/300190391000/?&cond2=1&cond200=1&&his=sa2,069-0852 北海道江別市大麻東町１４−１１,43.0809286,141.5006933
江別大麻郵便局,https://map.japanpost.jp/p/search/dtl/300190387000/?&cond2=1&cond200=1&&his=sa2,069-0854 北海道江別市大麻中町２−４８,43.0749431,141.4924561
江別工業団地簡易郵便局,https://map.japanpost.jp/p/search/dtl/300190818000/?&cond2=1&cond200=1&&his=sa2,067-0051 北海道江別市工栄町１５−１,43.1216578,141.5160064
江別西郵便局,https://map.japanpost.jp/p/search/dtl/300190294000/?&cond2=1&cond200=1&&his=sa2,067-0031 北海道江別市元町３４−９,43.1066297,141.5386578
江別文京台郵便局,https://map.japanpost.jp/p/search/dtl/300190477000/?&cond2=1&cond200=1&&his=sa2,069-0833 北海道江別市文京台３０−１５,43.0661717,141.4900564
江別見晴台郵便局,https://map.japanpost.jp/p/search/dtl/300190528000/?&cond2=1&cond200=1&&his=sa2,067-0032 北海道江別市元江別８７３−１２,43.1145369,141.5224944
江別若草郵便局,https://map.japanpost.jp/p/search/dtl/300190467000/?&cond2=1&cond200=1&&his=sa2,067-0004 北海道江別市若草町１１−７,43.1102047,141.5419133
上江別簡易郵便局,https://map.japanpost.jp/p/search/dtl/300190785000/?&cond2=1&cond200=1&&his=sa2,067-0062 北海道江別市上江別南町１−３,43.1066608,141.5560428
野幌駅前郵便局,https://map.japanpost.jp/p/search/dtl/300190381000/?&cond2=1&cond200=1&&his=sa2,069-0813 北海道江別市野幌町３７−７,43.0937147,141.5288878
野幌錦町郵便局,https://map.japanpost.jp/p/search/dtl/300190540000/?&cond2=1&cond200=1&&his=sa2,069-0811 北海道江別市錦町４２−５,43.1029267,141.5249561
野幌若葉郵便局,https://map.japanpost.jp/p/search/dtl/300190495000/?&cond2=1&cond200=1&&his=sa2,069-0831 北海道江別市野幌若葉町３９−９,43.0841433,141.5316411
東野幌簡易郵便局,https://map.japanpost.jp/p/search/dtl/300190765000/?&cond2=1&cond200=1&&his=sa2,069-0821 北海道江別市東野幌町３９−１,43.0927956,141.5385867
青苗郵便局,https://map.japanpost.jp/p/search/dtl/300195010000/?&cond2=1&cond200=1&&his=sa2,043-1521 北海道奥尻郡奥尻町青苗２７４−２４,42.0633047,139.4497775
奥尻郵便局,https://map.japanpost.jp/p/search/dtl/300195003000/?&cond2=1&cond200=1&&his=sa2,043-1499 北海道奥尻郡奥尻町奥尻８００,42.1719808,139.5149967
松江簡易郵便局,https://map.japanpost.jp/p/search/dtl/300195701000/?&cond2=1&cond200=1&&his=sa2,043-1523 北海道奥尻郡奥尻町松江２２３,42.0766008,139.4869264
宮津簡易郵便局,https://map.japanpost.jp/p/search/dtl/300195703000/?&cond2=1&cond200=1&&his=sa2,043-1403 北海道奥尻郡奥尻町球浦１４２−１,42.1991758,139.5357319
小樽郵便局,https://map.japanpost.jp/p/search/dtl/300190002000/?&cond2=1&cond200=1&&his=sa2,047-8799 北海道小樽市色内１−８−１,43.1970969,141.0011586
朝里郵便局,https://map.japanpost.jp/p/search/dtl/300190579000/?&cond2=1&cond200=1&&his=sa2,047-0152 北海道小樽市新光２−６−５,43.1742839,141.0567247
ウイングベイ小樽内郵便局,https://map.japanpost.jp/p/search/dtl/300190564000/?&cond2=1&cond200=1&&his=sa2,047-0008 北海道小樽市築港１１−３,43.1833458,141.0251094
忍路郵便局,https://map.japanpost.jp/p/search/dtl/300190042000/?&cond2=1&cond200=1&&his=sa2,048-2561 北海道小樽市忍路１−３７１,43.2079283,140.8640333
オタモイ簡易郵便局,https://map.japanpost.jp/p/search/dtl/300190759000/?&cond2=1&cond200=1&&his=sa2,048-2671 北海道小樽市オタモイ１−２０−３,43.2185533,140.9598011
小樽赤岩郵便局,https://map.japanpost.jp/p/search/dtl/300190420000/?&cond2=1&cond200=1&&his=sa2,047-0046 北海道小樽市赤岩２−１９−２３,43.2244192,140.9945847
小樽稲穂郵便局,https://map.japanpost.jp/p/search/dtl/300190250000/?&cond2=1&cond200=1&&his=sa2,047-0032 北海道小樽市稲穂４−２−７,43.2021164,140.9956397
小樽入船郵便局,https://map.japanpost.jp/p/search/dtl/300190218000/?&cond2=1&cond200=1&&his=sa2,047-0021 北海道小樽市入船３−１７−２７,43.1794428,140.9919686
小樽梅ヶ枝郵便局,https://map.japanpost.jp/p/search/dtl/300190236000/?&cond2=1&cond200=1&&his=sa2,047-0044 北海道小樽市梅ケ枝町１３−１,43.2140647,140.9937939
小樽駅前郵便局,https://map.japanpost.jp/p/search/dtl/300190130000/?&cond2=1&cond200=1&&his=sa2,047-0032 北海道小樽市稲穂３−１０−１９,43.1986025,140.9940536
小樽奥沢三郵便局,https://map.japanpost.jp/p/search/dtl/300190228000/?&cond2=1&cond200=1&&his=sa2,047-0013 北海道小樽市奥沢３−１５−４,43.1769853,141.0007322
小樽奥沢郵便局,https://map.japanpost.jp/p/search/dtl/300190159000/?&cond2=1&cond200=1&&his=sa2,047-0013 北海道小樽市奥沢１−１７−５,43.1819289,141.0074958
小樽堺町郵便局,https://map.japanpost.jp/p/search/dtl/300190046000/?&cond2=1&cond200=1&&his=sa2,047-0027 北海道小樽市堺町６−１４,43.1910197,141.0069703
小樽桜町郵便局,https://map.japanpost.jp/p/search/dtl/300190329000/?&cond2=1&cond200=1&&his=sa2,047-0156 北海道小樽市桜１−５−１７,43.1777689,141.0359981
小樽産業会館内郵便局,https://map.japanpost.jp/p/search/dtl/300190301000/?&cond2=1&cond200=1&&his=sa2,047-0032 北海道小樽市稲穂２−１７−１,43.1954192,140.9962836
小樽祝津郵便局,https://map.japanpost.jp/p/search/dtl/300190073000/?&cond2=1&cond200=1&&his=sa2,047-0047 北海道小樽市祝津２−２０３−８,43.2302633,141.012355
小樽住吉郵便局,https://map.japanpost.jp/p/search/dtl/300190071000/?&cond2=1&cond200=1&&his=sa2,047-0016 北海道小樽市信香町９−１０,43.1855925,141.0109861
小樽銭函西郵便局,https://map.japanpost.jp/p/search/dtl/300190504000/?&cond2=1&cond200=1&&his=sa2,047-0261 北海道小樽市銭函１−３０−３４,43.1430856,141.1480467
小樽高島郵便局,https://map.japanpost.jp/p/search/dtl/300190077000/?&cond2=1&cond200=1&&his=sa2,047-0048 北海道小樽市高島２−５−２１,43.2187458,141.0120953
小樽豊川郵便局,https://map.japanpost.jp/p/search/dtl/300190224000/?&cond2=1&cond200=1&&his=sa2,047-0043 北海道小樽市豊川町１４−７,43.2104406,140.990925
小樽長橋郵便局,https://map.japanpost.jp/p/search/dtl/300190199000/?&cond2=1&cond200=1&&his=sa2,047-0036 北海道小樽市長橋３−１−２,43.2079461,140.9807758
小樽長橋四郵便局,https://map.japanpost.jp/p/search/dtl/300190440000/?&cond2=1&cond200=1&&his=sa2,047-0036 北海道小樽市長橋４−１０−１９,43.2089347,140.9682267
小樽錦町郵便局,https://map.japanpost.jp/p/search/dtl/300190191000/?&cond2=1&cond200=1&&his=sa2,047-0039 北海道小樽市錦町１２−１１,43.2078464,140.9967522
小樽花園二郵便局,https://map.japanpost.jp/p/search/dtl/300190262000/?&cond2=1&cond200=1&&his=sa2,047-0024 北海道小樽市花園２−４−４,43.1920836,140.9975953
小樽望洋台郵便局,https://map.japanpost.jp/p/search/dtl/300190287000/?&cond2=1&cond200=1&&his=sa2,047-0155 北海道小樽市望洋台２−３０−５,43.1653372,141.0386989
小樽緑町郵便局,https://map.japanpost.jp/p/search/dtl/300190129000/?&cond2=1&cond200=1&&his=sa2,047-0034 北海道小樽市緑１−５−５,43.1920644,140.9910181
小樽最上郵便局,https://map.japanpost.jp/p/search/dtl/300190324000/?&cond2=1&cond200=1&&his=sa2,047-0023 北海道小樽市最上１−２３−２,43.1831231,140.9815858
小樽若竹郵便局,https://map.japanpost.jp/p/search/dtl/300190141000/?&cond2=1&cond200=1&&his=sa2,047-0001 北海道小樽市若竹町8-13,43.1798758,141.0257125
塩谷郵便局,https://map.japanpost.jp/p/search/dtl/300190047000/?&cond2=1&cond200=1&&his=sa2,048-2672 北海道小樽市塩谷１−１８−１４,43.209855,140.9213883
銭函郵便局,https://map.japanpost.jp/p/search/dtl/300190032000/?&cond2=1&cond200=1&&his=sa2,047-0299 北海道小樽市銭函２−８−１,43.1421633,141.1619986
帯広郵便局,https://map.japanpost.jp/p/search/dtl/300191003000/?&cond2=1&cond200=1&&his=sa2,080-8799 北海道帯広市西三条南８−１０,42.9228744,143.2009858
西帯広郵便局,https://map.japanpost.jp/p/search/dtl/300191040000/?&cond2=1&cond200=1&&his=sa2,080-2499 北海道帯広市西二十四条南１−７−５,42.9241239,143.1226094
愛国簡易郵便局,https://map.japanpost.jp/p/search/dtl/300191702000/?&cond2=1&cond200=1&&his=sa2,089-1181 北海道帯広市愛国町基線４１,42.83798,143.1928219
帯広大空郵便局,https://map.japanpost.jp/p/search/dtl/300191100000/?&cond2=1&cond200=1&&his=sa2,080-0838 北海道帯広市大空町３−１４,42.8755528,143.1520211
帯広大通郵便局,https://map.japanpost.jp/p/search/dtl/300191055000/?&cond2=1&cond200=1&&his=sa2,080-0010 北海道帯広市大通南１１−２,42.9203106,143.2060081
帯広開西郵便局,https://map.japanpost.jp/p/search/dtl/300191104000/?&cond2=1&cond200=1&&his=sa2,080-2472 北海道帯広市西二十二条南４−１−２,42.9113558,143.137395
帯広白樺郵便局,https://map.japanpost.jp/p/search/dtl/300191109000/?&cond2=1&cond200=1&&his=sa2,080-0051 北海道帯広市白樺十六条西１９−１１−２,42.9150939,143.1749525
帯広自由が丘郵便局,https://map.japanpost.jp/p/search/dtl/300191107000/?&cond2=1&cond200=1&&his=sa2,080-2469 北海道帯広市西十九条南５−３５−７,42.9036936,143.1563472
帯広つつじが丘郵便局,https://map.japanpost.jp/p/search/dtl/300191115000/?&cond2=1&cond200=1&&his=sa2,080-2474 北海道帯広市西二十四条南２−２２−１１,42.9164028,143.1228125
帯広鉄南郵便局,https://map.japanpost.jp/p/search/dtl/300191067000/?&cond2=1&cond200=1&&his=sa2,080-0802 北海道帯広市東二条南１９−１５,42.9105594,143.2097742
帯広電信通郵便局,https://map.japanpost.jp/p/search/dtl/300191064000/?&cond2=1&cond200=1&&his=sa2,080-0804 北海道帯広市東四条南５−１２,42.9268917,143.2105153
帯広西十三条郵便局,https://map.japanpost.jp/p/search/dtl/300191098000/?&cond2=1&cond200=1&&his=sa2,080-0043 北海道帯広市西十三条北２−１,42.9323608,143.1832883
帯広西十七条郵便局,https://map.japanpost.jp/p/search/dtl/300191108000/?&cond2=1&cond200=1&&his=sa2,080-0047 北海道帯広市西十七条北１−１−１７,42.9343933,143.1692286
帯広西十八条簡易郵便局,https://map.japanpost.jp/p/search/dtl/300191726000/?&cond2=1&cond200=1&&his=sa2,080-0028 北海道帯広市西十八条南５−３６−２,42.9080525,143.1657961
帯広西七条簡易郵便局,https://map.japanpost.jp/p/search/dtl/300191727000/?&cond2=1&cond200=1&&his=sa2,080-0017 北海道帯広市西七条南２７−２９−１１,42.9007775,143.1961567
帯広西二十一条簡易郵便局,https://map.japanpost.jp/p/search/dtl/300191718000/?&cond2=1&cond200=1&&his=sa2,080-2471 北海道帯広市西二十一条南２−４４−２２,42.9195742,143.1392003
帯広西二十条郵便局,https://map.japanpost.jp/p/search/dtl/300191099000/?&cond2=1&cond200=1&&his=sa2,080-2470 北海道帯広市西二十条南３−１５−３,42.9133786,143.1516081
帯広西二条南郵便局,https://map.japanpost.jp/p/search/dtl/300191093000/?&cond2=1&cond200=1&&his=sa2,080-0012 北海道帯広市西二条南２３−１８−２,42.9052219,143.2047131
帯広西二条郵便局,https://map.japanpost.jp/p/search/dtl/300191037000/?&cond2=1&cond200=1&&his=sa2,080-0012 北海道帯広市西二条南３−１０,42.9286594,143.2015189
帯広西八条郵便局,https://map.japanpost.jp/p/search/dtl/300191069000/?&cond2=1&cond200=1&&his=sa2,080-0018 北海道帯広市西八条南３４−４８−１,42.8917144,143.1959922
帯広西六条郵便局,https://map.japanpost.jp/p/search/dtl/300191094000/?&cond2=1&cond200=1&&his=sa2,080-0036 北海道帯広市西六条北１−１４,42.9316394,143.1948008
帯広柏林台郵便局,https://map.japanpost.jp/p/search/dtl/300191096000/?&cond2=1&cond200=1&&his=sa2,080-0056 北海道帯広市柏林台南町７−５,42.9212614,143.1705175
帯広東十一条郵便局,https://map.japanpost.jp/p/search/dtl/300191097000/?&cond2=1&cond200=1&&his=sa2,080-0811 北海道帯広市東十一条南８−１,42.9249947,143.2233892
帯広東六条郵便局,https://map.japanpost.jp/p/search/dtl/300191086000/?&cond2=1&cond200=1&&his=sa2,080-0806 北海道帯広市東六条南１０−１,42.9220167,143.2142319
帯広緑ヶ丘郵便局,https://map.japanpost.jp/p/search/dtl/300191092000/?&cond2=1&cond200=1&&his=sa2,080-0024 北海道帯広市西十四条南１７−１,42.9108089,143.1825822
帯広南町郵便局,https://map.japanpost.jp/p/search/dtl/300191089000/?&cond2=1&cond200=1&&his=sa2,080-0028 北海道帯広市西十八条南３７−１−６,42.8862078,143.1771236
帯広緑南郵便局,https://map.japanpost.jp/p/search/dtl/300191095000/?&cond2=1&cond200=1&&his=sa2,080-0026 北海道帯広市西１６条南２８−１−２,42.8996097,143.1807394
上帯広郵便局,https://map.japanpost.jp/p/search/dtl/300191021000/?&cond2=1&cond200=1&&his=sa2,080-2334 北海道帯広市上帯広町西１線７５,42.7998992,143.06723
川西郵便局,https://map.japanpost.jp/p/search/dtl/300191038000/?&cond2=1&cond200=1&&his=sa2,089-1182 北海道帯広市川西町基線５５,42.8469011,143.1811892
清川郵便局,https://map.japanpost.jp/p/search/dtl/300191028000/?&cond2=1&cond200=1&&his=sa2,080-2103 北海道帯広市清川町西２線１２５−２,42.7450603,143.0846036
