0,1,2,Latitude,Longitude
石垣郵便局,https://map.japanpost.jp/p/search/dtl/300147204000/?&cond2=1&cond200=1&&his=sa2,643-0166 和歌山県有田郡有田川町吉原１３８０−３,34.0418803,135.2572414
岩倉郵便局,https://map.japanpost.jp/p/search/dtl/300147158000/?&cond2=1&cond200=1&&his=sa2,643-0399 和歌山県有田郡有田川町粟生２０１−１,34.0476569,135.3368631
押手郵便局,https://map.japanpost.jp/p/search/dtl/300147053000/?&cond2=1&cond200=1&&his=sa2,643-0601 和歌山県有田郡有田川町押手７５１−４,34.1292789,135.5089536
金屋郵便局,https://map.japanpost.jp/p/search/dtl/300147024000/?&cond2=1&cond200=1&&his=sa2,643-0152 和歌山県有田郡有田川町金屋２４−１,34.0625217,135.2541517
吉備郵便局,https://map.japanpost.jp/p/search/dtl/300147119000/?&cond2=1&cond200=1&&his=sa2,643-0021 和歌山県有田郡有田川町下津野５６３−５,34.0651619,135.2154461
五村簡易郵便局,https://map.japanpost.jp/p/search/dtl/300147775000/?&cond2=1&cond200=1&&his=sa2,643-0365 和歌山県有田郡有田川町中原３７８,34.0473933,135.3806539
五西月郵便局,https://map.japanpost.jp/p/search/dtl/300147166000/?&cond2=1&cond200=1&&his=sa2,643-0142 和歌山県有田郡有田川町小川８０９−１,34.075515,135.2703672
清水郵便局,https://map.japanpost.jp/p/search/dtl/300147057000/?&cond2=1&cond200=1&&his=sa2,643-0599 和歌山県有田郡有田川町清水４１５−３,34.0857925,135.4301333
城山郵便局,https://map.japanpost.jp/p/search/dtl/300147060000/?&cond2=1&cond200=1&&his=sa2,643-0542 和歌山県有田郡有田川町二川３３７,34.069795,135.3566028
田殿郵便局,https://map.japanpost.jp/p/search/dtl/300147207000/?&cond2=1&cond200=1&&his=sa2,643-0844 和歌山県有田郡有田川町井口８４−１,34.0774661,135.2107461
津木郵便局,https://map.japanpost.jp/p/search/dtl/300147152000/?&cond2=1&cond200=1&&his=sa2,643-0051 和歌山県有田郡広川町下津木７１５−２,33.9799389,135.2132289
広川西広簡易郵便局,https://map.japanpost.jp/p/search/dtl/300147756000/?&cond2=1&cond200=1&&his=sa2,643-0074 和歌山県有田郡広川町西広６７１−２,34.0111653,135.1586956
広川広簡易郵便局,https://map.japanpost.jp/p/search/dtl/300147757000/?&cond2=1&cond200=1&&his=sa2,643-0071 和歌山県有田郡広川町広２０,34.0288208,135.1797783
広川郵便局,https://map.japanpost.jp/p/search/dtl/300147123000/?&cond2=1&cond200=1&&his=sa2,643-0071 和歌山県有田郡広川町広１５２４,34.0291292,135.1727089
湯浅郵便局,https://map.japanpost.jp/p/search/dtl/300147005000/?&cond2=1&cond200=1&&his=sa2,643-8799 和歌山県有田郡湯浅町湯浅１５２０−１,34.0353292,135.1832061
湯浅栖原郵便局,https://map.japanpost.jp/p/search/dtl/300147223000/?&cond2=1&cond200=1&&his=sa2,643-0005 和歌山県有田郡湯浅町栖原４３６−１,34.0418414,135.1685242
湯浅中町郵便局,https://map.japanpost.jp/p/search/dtl/300147240000/?&cond2=1&cond200=1&&his=sa2,643-0004 和歌山県有田郡湯浅町湯浅４６６−１,34.0348208,135.1756283
湯浅横田郵便局,https://map.japanpost.jp/p/search/dtl/300147275000/?&cond2=1&cond200=1&&his=sa2,643-0005 和歌山県有田郡湯浅町栖原９８−１,34.042245,135.1886769
箕島郵便局,https://map.japanpost.jp/p/search/dtl/300147013000/?&cond2=1&cond200=1&&his=sa2,649-0399 和歌山県有田市箕島２６３−２,34.0861872,135.1211619
有田辰ヶ浜郵便局,https://map.japanpost.jp/p/search/dtl/300147218000/?&cond2=1&cond200=1&&his=sa2,649-0316 和歌山県有田市宮崎町４８５−５,34.0796369,135.1055908
有田初島郵便局,https://map.japanpost.jp/p/search/dtl/300147216000/?&cond2=1&cond200=1&&his=sa2,649-0306 和歌山県有田市初島町浜１３８１−３,34.1003267,135.1162836
有田福島郵便局,https://map.japanpost.jp/p/search/dtl/300147242000/?&cond2=1&cond200=1&&his=sa2,649-0304 和歌山県有田市箕島５９２−１,34.0853344,135.1153481
有田保田郵便局,https://map.japanpost.jp/p/search/dtl/300147129000/?&cond2=1&cond200=1&&his=sa2,649-0311 和歌山県有田市辻堂５９４−１,34.0751997,135.1459844
逢井簡易郵便局,https://map.japanpost.jp/p/search/dtl/300147740000/?&cond2=1&cond200=1&&his=sa2,649-0316 和歌山県有田市宮崎町１２９５−４,34.0718353,135.1049244
宮原郵便局,https://map.japanpost.jp/p/search/dtl/300147040000/?&cond2=1&cond200=1&&his=sa2,649-0434 和歌山県有田市宮原町新町２２０−２,34.0777869,135.1770917
かつらぎ大谷郵便局,https://map.japanpost.jp/p/search/dtl/300147208000/?&cond2=1&cond200=1&&his=sa2,649-7173 和歌山県伊都郡かつらぎ町大谷７９−４,34.2960842,135.4977753
かつらぎ笠田郵便局,https://map.japanpost.jp/p/search/dtl/300147086000/?&cond2=1&cond200=1&&his=sa2,649-7161 和歌山県伊都郡かつらぎ町笠田東６６２−１,34.2894486,135.4764636
かつらぎ志賀簡易郵便局,https://map.japanpost.jp/p/search/dtl/300147755000/?&cond2=1&cond200=1&&his=sa2,649-7144 和歌山県伊都郡かつらぎ町志賀３５２−２,34.2235431,135.4990678
かつらぎ渋田郵便局,https://map.japanpost.jp/p/search/dtl/300147033000/?&cond2=1&cond200=1&&his=sa2,649-7151 和歌山県伊都郡かつらぎ町東渋田１７８−１,34.2759869,135.4769606
かつらぎ広口簡易郵便局,https://map.japanpost.jp/p/search/dtl/300147771000/?&cond2=1&cond200=1&&his=sa2,649-7103 和歌山県伊都郡かつらぎ町広口１１９８,34.3244256,135.4800631
かつらぎ郵便局,https://map.japanpost.jp/p/search/dtl/300147258000/?&cond2=1&cond200=1&&his=sa2,649-7199 和歌山県伊都郡かつらぎ町丁ノ町５０,34.2976322,135.5042128
花園簡易郵便局,https://map.japanpost.jp/p/search/dtl/300147701000/?&cond2=1&cond200=1&&his=sa2,643-0612 和歌山県伊都郡かつらぎ町花園北寺４５８,34.1339353,135.5423136
妙寺郵便局,https://map.japanpost.jp/p/search/dtl/300147012000/?&cond2=1&cond200=1&&his=sa2,649-7113 和歌山県伊都郡かつらぎ町妙寺３８１−２,34.2982508,135.5244928
河根簡易郵便局,https://map.japanpost.jp/p/search/dtl/300147704000/?&cond2=1&cond200=1&&his=sa2,648-0111 和歌山県伊都郡九度山町河根１４４−１,34.2759681,135.5780136
九度山郵便局,https://map.japanpost.jp/p/search/dtl/300147021000/?&cond2=1&cond200=1&&his=sa2,648-0199 和歌山県伊都郡九度山町九度山１７１４−４,34.2909444,135.5623456
椎出郵便局,https://map.japanpost.jp/p/search/dtl/300147188000/?&cond2=1&cond200=1&&his=sa2,648-0141 和歌山県伊都郡九度山町椎出４４５,34.2707567,135.5662175
高野郵便局,https://map.japanpost.jp/p/search/dtl/300147011000/?&cond2=1&cond200=1&&his=sa2,648-0299 和歌山県伊都郡高野町高野山７７０,34.212855,135.5866889
富貴郵便局,https://map.japanpost.jp/p/search/dtl/300147054000/?&cond2=1&cond200=1&&his=sa2,648-0499 和歌山県伊都郡高野町西富貴１５６−２,34.261405,135.6996939
岩出郵便局,https://map.japanpost.jp/p/search/dtl/300147009000/?&cond2=1&cond200=1&&his=sa2,649-6299 和歌山県岩出市清水３５７,34.2551917,135.3174789
岩出中黒郵便局,https://map.japanpost.jp/p/search/dtl/300147214000/?&cond2=1&cond200=1&&his=sa2,649-6248 和歌山県岩出市中黒１２９,34.2675739,135.2896261
岩出水栖郵便局,https://map.japanpost.jp/p/search/dtl/300147278000/?&cond2=1&cond200=1&&his=sa2,649-6214 和歌山県岩出市水栖４９０−９,34.269965,135.3252189
紀泉台郵便局,https://map.japanpost.jp/p/search/dtl/300147287000/?&cond2=1&cond200=1&&his=sa2,649-6257 和歌山県岩出市相谷１０−１,34.2769983,135.2882789
根来郵便局,https://map.japanpost.jp/p/search/dtl/300147131000/?&cond2=1&cond200=1&&his=sa2,649-6202 和歌山県岩出市根来１２４２−１,34.2799419,135.3072081
