0,1,2,Latitude,Longitude
上尾郵便局,https://map.japanpost.jp/p/search/dtl/300103048000/?&cond2=1&cond200=1&&his=sa2,362-8799 埼玉県上尾市谷津１−８７−１,35.9708822,139.5899278
上尾浅間台郵便局,https://map.japanpost.jp/p/search/dtl/300103495000/?&cond2=1&cond200=1&&his=sa2,362-0073 埼玉県上尾市浅間台４−１４−２４,35.9808231,139.5670381
上尾愛宕郵便局,https://map.japanpost.jp/p/search/dtl/300103312000/?&cond2=1&cond200=1&&his=sa2,362-0034 埼玉県上尾市愛宕３−１２−１７,35.9667633,139.5980575
上尾井戸木郵便局,https://map.japanpost.jp/p/search/dtl/300103577000/?&cond2=1&cond200=1&&his=sa2,362-0071 埼玉県上尾市井戸木３−１８−１０,35.9888083,139.559935
上尾尾山台郵便局,https://map.japanpost.jp/p/search/dtl/300103329000/?&cond2=1&cond200=1&&his=sa2,362-0022 埼玉県上尾市瓦葺２７１６（尾山台団地４街区２号棟）,35.9588344,139.6402128
上尾柏座郵便局,https://map.japanpost.jp/p/search/dtl/300103418000/?&cond2=1&cond200=1&&his=sa2,362-0075 埼玉県上尾市柏座４−６−４,35.9693058,139.5810792
上尾小敷谷南郵便局,https://map.japanpost.jp/p/search/dtl/300103380000/?&cond2=1&cond200=1&&his=sa2,362-0064 埼玉県上尾市小敷谷７７−１（西上尾第二団地）,35.9557658,139.5610747
上尾白小鳩郵便局,https://map.japanpost.jp/p/search/dtl/300103510000/?&cond2=1&cond200=1&&his=sa2,362-0001 埼玉県上尾市上１７１０−４,35.9979714,139.575725
上尾原市団地内郵便局,https://map.japanpost.jp/p/search/dtl/300103478000/?&cond2=1&cond200=1&&his=sa2,362-0021 埼玉県上尾市原市３３３６,35.9662097,139.6282414
上尾平方郵便局,https://map.japanpost.jp/p/search/dtl/300103076000/?&cond2=1&cond200=1&&his=sa2,362-0059 埼玉県上尾市平方５２１−４,35.94453,139.5496119
上尾二ツ宮郵便局,https://map.japanpost.jp/p/search/dtl/300103574000/?&cond2=1&cond200=1&&his=sa2,362-0017 埼玉県上尾市二ツ宮９６２,35.9814675,139.6020375
上尾宮本町郵便局,https://map.japanpost.jp/p/search/dtl/300103566000/?&cond2=1&cond200=1&&his=sa2,362-0036 埼玉県上尾市宮本町９−１９,35.9755322,139.5917722
北上尾駅前郵便局,https://map.japanpost.jp/p/search/dtl/300103334000/?&cond2=1&cond200=1&&his=sa2,362-0016 埼玉県上尾市原新町１８−２,35.9865358,139.5780486
西上尾郵便局,https://map.japanpost.jp/p/search/dtl/300103363000/?&cond2=1&cond200=1&&his=sa2,362-0081 埼玉県上尾市壱丁目北29-14（アリオ上尾1階）,35.9616164,139.5666494
原市郵便局,https://map.japanpost.jp/p/search/dtl/300103070000/?&cond2=1&cond200=1&&his=sa2,362-0021 埼玉県上尾市原市２２９９,35.9690228,139.6212564
朝霞郵便局,https://map.japanpost.jp/p/search/dtl/300103553000/?&cond2=1&cond200=1&&his=sa2,351-8799 埼玉県朝霞市本町２−１−３２,35.7961467,139.59501
朝霞根岸郵便局,https://map.japanpost.jp/p/search/dtl/300103323000/?&cond2=1&cond200=1&&his=sa2,351-0005 埼玉県朝霞市根岸台３−１４−２,35.8083153,139.6073419
朝霞本町郵便局,https://map.japanpost.jp/p/search/dtl/300103250000/?&cond2=1&cond200=1&&his=sa2,351-0011 埼玉県朝霞市本町２−２５−２２,35.8004108,139.5981225
朝霞溝沼郵便局,https://map.japanpost.jp/p/search/dtl/300103602000/?&cond2=1&cond200=1&&his=sa2,351-0023 埼玉県朝霞市溝沼４８２−５,35.8087456,139.5872292
朝霞三原郵便局,https://map.japanpost.jp/p/search/dtl/300103388000/?&cond2=1&cond200=1&&his=sa2,351-0025 埼玉県朝霞市三原３−１０−２,35.8162278,139.5810911
朝霞宮戸郵便局,https://map.japanpost.jp/p/search/dtl/300103352000/?&cond2=1&cond200=1&&his=sa2,351-0031 埼玉県朝霞市宮戸２−１−７１,35.8239631,139.5875119
越生郵便局,https://map.japanpost.jp/p/search/dtl/300103046000/?&cond2=1&cond200=1&&his=sa2,350-0499 埼玉県入間郡越生町上野６３３−４,35.9559475,139.303745
越生高取郵便局,https://map.japanpost.jp/p/search/dtl/300103529000/?&cond2=1&cond200=1&&his=sa2,350-0416 埼玉県入間郡越生町越生９０８−１３,35.9641769,139.2943067
三芳郵便局,https://map.japanpost.jp/p/search/dtl/300103054000/?&cond2=1&cond200=1&&his=sa2,354-8799 埼玉県入間郡三芳町藤久保３２０,35.8397264,139.5353156
三芳北永井郵便局,https://map.japanpost.jp/p/search/dtl/300103453000/?&cond2=1&cond200=1&&his=sa2,354-0044 埼玉県入間郡三芳町北永井３７６−４,35.8298183,139.5195428
三芳みよし台郵便局,https://map.japanpost.jp/p/search/dtl/300103611000/?&cond2=1&cond200=1&&his=sa2,354-0042 埼玉県入間郡三芳町みよし台６−２３,35.8331414,139.5451769
埼玉医科大学内簡易郵便局,https://map.japanpost.jp/p/search/dtl/300103841000/?&cond2=1&cond200=1&&his=sa2,350-0451 埼玉県入間郡毛呂山町毛呂本郷３８,35.9393219,139.3060325
毛呂山長瀬郵便局,https://map.japanpost.jp/p/search/dtl/300103346000/?&cond2=1&cond200=1&&his=sa2,350-0463 埼玉県入間郡毛呂山町前久保南４−１３−３,35.9428308,139.3259597
毛呂山郵便局,https://map.japanpost.jp/p/search/dtl/300103111000/?&cond2=1&cond200=1&&his=sa2,350-0451 埼玉県入間郡毛呂山町毛呂本郷２０６−４,35.9412858,139.3057408
入間新久郵便局,https://map.japanpost.jp/p/search/dtl/300103340000/?&cond2=1&cond200=1&&his=sa2,358-0031 埼玉県入間市新久６４１−１８,35.8237494,139.3639025
入間扇町屋郵便局,https://map.japanpost.jp/p/search/dtl/300103631000/?&cond2=1&cond200=1&&his=sa2,358-0022 埼玉県入間市扇町屋４−２−２３,35.8276889,139.3823125
入間上藤沢郵便局,https://map.japanpost.jp/p/search/dtl/300103496000/?&cond2=1&cond200=1&&his=sa2,358-0013 埼玉県入間市上藤沢３９１−８,35.8230256,139.3992439
入間黒須郵便局,https://map.japanpost.jp/p/search/dtl/300103391000/?&cond2=1&cond200=1&&his=sa2,358-0007 埼玉県入間市黒須２−２−１,35.8459803,139.3838789
入間下藤沢郵便局,https://map.japanpost.jp/p/search/dtl/300103282000/?&cond2=1&cond200=1&&his=sa2,358-0011 埼玉県入間市下藤沢一丁目4番地3,35.8220783,139.4092828
入間仏子郵便局,https://map.japanpost.jp/p/search/dtl/300103572000/?&cond2=1&cond200=1&&his=sa2,358-0053 埼玉県入間市仏子９１２−７,35.8395972,139.35822
入間郵便局,https://map.japanpost.jp/p/search/dtl/300103028000/?&cond2=1&cond200=1&&his=sa2,358-0023 埼玉県入間市扇台２−１−２０,35.8315158,139.3891558
金子郵便局,https://map.japanpost.jp/p/search/dtl/300103123000/?&cond2=1&cond200=1&&his=sa2,358-0045 埼玉県入間市寺竹８０５,35.8161469,139.3332808
西武入間ぺぺ内郵便局,https://map.japanpost.jp/p/search/dtl/300103365000/?&cond2=1&cond200=1&&his=sa2,358-0008 埼玉県入間市河原町２−１,35.8413094,139.3891167
西武郵便局,https://map.japanpost.jp/p/search/dtl/300103138000/?&cond2=1&cond200=1&&his=sa2,358-0054 埼玉県入間市野田６２１−３,35.8439806,139.3537033
宮寺郵便局,https://map.japanpost.jp/p/search/dtl/300103084000/?&cond2=1&cond200=1&&his=sa2,358-0014 埼玉県入間市宮寺５２５,35.7929733,139.3820133
寄居郵便局,https://map.japanpost.jp/p/search/dtl/300103017000/?&cond2=1&cond200=1&&his=sa2,369-1299 埼玉県大里郡寄居町寄居３８９−１,36.1135153,139.190325
男衾郵便局,https://map.japanpost.jp/p/search/dtl/300103137000/?&cond2=1&cond200=1&&his=sa2,369-1215 埼玉県大里郡寄居町牟礼１４８９,36.1066236,139.2544925
鉢形郵便局,https://map.japanpost.jp/p/search/dtl/300103211000/?&cond2=1&cond200=1&&his=sa2,369-1222 埼玉県大里郡寄居町露梨子８−３,36.1130961,139.2120617
寄居桜沢郵便局,https://map.japanpost.jp/p/search/dtl/300103505000/?&cond2=1&cond200=1&&his=sa2,369-1202 埼玉県大里郡寄居町桜沢６１８−２,36.1216669,139.1973456
寄居末野郵便局,https://map.japanpost.jp/p/search/dtl/300103327000/?&cond2=1&cond200=1&&his=sa2,369-1205 埼玉県大里郡寄居町末野１５７５−６,36.1190289,139.1733514
寄居用土郵便局,https://map.japanpost.jp/p/search/dtl/300103237000/?&cond2=1&cond200=1&&his=sa2,369-1201 埼玉県大里郡寄居町用土１４１６−８,36.1507272,139.2017492
桶川郵便局,https://map.japanpost.jp/p/search/dtl/300103032000/?&cond2=1&cond200=1&&his=sa2,363-8799 埼玉県桶川市若宮１−６−３０,35.9988711,139.5579581
桶川坂田郵便局,https://map.japanpost.jp/p/search/dtl/300103217000/?&cond2=1&cond200=1&&his=sa2,363-0008 埼玉県桶川市坂田９２２−２,36.0173847,139.5769514
桶川神明郵便局,https://map.japanpost.jp/p/search/dtl/300103373000/?&cond2=1&cond200=1&&his=sa2,363-0014 埼玉県桶川市神明１−３−２,35.9952353,139.5700097
桶川西一郵便局,https://map.japanpost.jp/p/search/dtl/300103081000/?&cond2=1&cond200=1&&his=sa2,363-0017 埼玉県桶川市西１−１２−７,36.0049125,139.5608147
桶川日出谷郵便局,https://map.japanpost.jp/p/search/dtl/300103404000/?&cond2=1&cond200=1&&his=sa2,363-0020 埼玉県桶川市上日出谷南２−３９−８,36.0053328,139.5460336
川田谷郵便局,https://map.japanpost.jp/p/search/dtl/300103167000/?&cond2=1&cond200=1&&his=sa2,363-0027 埼玉県桶川市川田谷３３６１,35.9915319,139.5321017
