0,1,2,Latitude,Longitude
四日市郵便局,https://map.japanpost.jp/p/search/dtl/300172017000/?&cond2=1&cond200=1&&his=sa2,879-0499 大分県宇佐市葛原７８０−３,33.5355156,131.3295911
安心院郵便局,https://map.japanpost.jp/p/search/dtl/300172044000/?&cond2=1&cond200=1&&his=sa2,872-0599 大分県宇佐市安心院町下毛２１６２−１６,33.4368192,131.3541511
麻生郵便局,https://map.japanpost.jp/p/search/dtl/300172045000/?&cond2=1&cond200=1&&his=sa2,879-0501 大分県宇佐市大字麻生１０２−１,33.48691,131.2780417
天津郵便局,https://map.japanpost.jp/p/search/dtl/300172239000/?&cond2=1&cond200=1&&his=sa2,879-0152 大分県宇佐市下庄２７３−１,33.576135,131.2923961
糸口郵便局,https://map.japanpost.jp/p/search/dtl/300172099000/?&cond2=1&cond200=1&&his=sa2,879-0316 大分県宇佐市下時枝１００−５４,33.5554428,131.3072061
院内郵便局,https://map.japanpost.jp/p/search/dtl/300172073000/?&cond2=1&cond200=1&&his=sa2,872-0341 大分県宇佐市院内町斎藤４９４−４,33.4025644,131.3084094
宇佐駅館郵便局,https://map.japanpost.jp/p/search/dtl/300172121000/?&cond2=1&cond200=1&&his=sa2,879-0454 大分県宇佐市法鏡寺２１２−６,33.5309133,131.3479431
宇佐郵便局,https://map.japanpost.jp/p/search/dtl/300172012000/?&cond2=1&cond200=1&&his=sa2,872-0102 大分県宇佐市大字南宇佐２１５８−５,33.5280481,131.3708192
江須賀簡易郵便局,https://map.japanpost.jp/p/search/dtl/300172752000/?&cond2=1&cond200=1&&his=sa2,872-0032 大分県宇佐市江須賀２８４６,33.5670128,131.3682031
乙女郵便局,https://map.japanpost.jp/p/search/dtl/300172101000/?&cond2=1&cond200=1&&his=sa2,879-0399 大分県宇佐市森山１８０２−１,33.5633064,131.3241172
北馬城郵便局,https://map.japanpost.jp/p/search/dtl/300172082000/?&cond2=1&cond200=1&&his=sa2,879-1199 大分県宇佐市橋津３０５−２,33.531045,131.3996778
香下郵便局,https://map.japanpost.jp/p/search/dtl/300172074000/?&cond2=1&cond200=1&&his=sa2,872-0311 大分県宇佐市院内町香下１５３５,33.473185,131.3284464
佐田郵便局,https://map.japanpost.jp/p/search/dtl/300172067000/?&cond2=1&cond200=1&&his=sa2,872-0651 大分県宇佐市安心院町佐田７８３−１,33.4477772,131.3910403
高森簡易郵便局,https://map.japanpost.jp/p/search/dtl/300172762000/?&cond2=1&cond200=1&&his=sa2,872-0101 大分県宇佐市高森８００,33.5446017,131.3666183
津房郵便局,https://map.japanpost.jp/p/search/dtl/300172112000/?&cond2=1&cond200=1&&his=sa2,872-0711 大分県宇佐市安心院町六郎丸５４８−１,33.3941083,131.3921864
豊川郵便局,https://map.japanpost.jp/p/search/dtl/300172243000/?&cond2=1&cond200=1&&his=sa2,879-0464 大分県宇佐市大塚７４１−２,33.5187344,131.3365406
長洲中浜簡易郵便局,https://map.japanpost.jp/p/search/dtl/300172728000/?&cond2=1&cond200=1&&his=sa2,872-0001 大分県宇佐市長洲３８６８−１,33.5745178,131.374005
長洲郵便局,https://map.japanpost.jp/p/search/dtl/300172024000/?&cond2=1&cond200=1&&his=sa2,872-8799 大分県宇佐市長洲６７８−３,33.5690825,131.3769967
長峰郵便局,https://map.japanpost.jp/p/search/dtl/300172124000/?&cond2=1&cond200=1&&his=sa2,879-0299 大分県宇佐市大根川３４５−１,33.5454736,131.2816283
西馬城郵便局,https://map.japanpost.jp/p/search/dtl/300172205000/?&cond2=1&cond200=1&&his=sa2,872-0112 大分県宇佐市上矢部１３５３−２,33.5035758,131.3664011
西屋敷簡易郵便局,https://map.japanpost.jp/p/search/dtl/300172707000/?&cond2=1&cond200=1&&his=sa2,879-1127 大分県宇佐市西屋敷２１３−１,33.5032794,131.4293975
東院内郵便局,https://map.japanpost.jp/p/search/dtl/300172164000/?&cond2=1&cond200=1&&his=sa2,872-0318 大分県宇佐市院内町副８６４,33.4310725,131.3238867
樋田簡易郵便局,https://map.japanpost.jp/p/search/dtl/300172761000/?&cond2=1&cond200=1&&his=sa2,879-0461 大分県宇佐市樋田５６−３,33.5255058,131.3427933
深見郵便局,https://map.japanpost.jp/p/search/dtl/300172202000/?&cond2=1&cond200=1&&his=sa2,872-0841 大分県宇佐市安心院町矢畑３７２−１,33.3892158,131.3405636
封戸郵便局,https://map.japanpost.jp/p/search/dtl/300172290000/?&cond2=1&cond200=1&&his=sa2,879-1137 大分県宇佐市苅宇田９４−３,33.5388306,131.4191492
南院内郵便局,https://map.japanpost.jp/p/search/dtl/300172137000/?&cond2=1&cond200=1&&his=sa2,872-0481 大分県宇佐市院内町下恵良６６５−１,33.3855219,131.2939497
柳ヶ浦郵便局,https://map.japanpost.jp/p/search/dtl/300172100000/?&cond2=1&cond200=1&&his=sa2,872-0032 大分県宇佐市江須賀１５４５−１３,33.557325,131.3665703
横山郵便局,https://map.japanpost.jp/p/search/dtl/300172266000/?&cond2=1&cond200=1&&his=sa2,879-0472 大分県宇佐市上元重８４８−４,33.5183944,131.30063
竜王郵便局,https://map.japanpost.jp/p/search/dtl/300172134000/?&cond2=1&cond200=1&&his=sa2,872-0514 大分県宇佐市安心院町鳥越１５５−１,33.405295,131.3440772
和間郵便局,https://map.japanpost.jp/p/search/dtl/300172204000/?&cond2=1&cond200=1&&his=sa2,872-0015 大分県宇佐市松崎７９０−６５,33.5588811,131.4095297
臼杵郵便局,https://map.japanpost.jp/p/search/dtl/300172003000/?&cond2=1&cond200=1&&his=sa2,875-8799 大分県臼杵市臼杵浜２−１０７−７１２,33.1219103,131.8063206
臼杵海辺郵便局,https://map.japanpost.jp/p/search/dtl/300172259000/?&cond2=1&cond200=1&&his=sa2,875-0011 大分県臼杵市諏訪３２０−１,33.1325717,131.8032358
臼杵上北簡易郵便局,https://map.japanpost.jp/p/search/dtl/300172790000/?&cond2=1&cond200=1&&his=sa2,875-0022 大分県臼杵市末広２５０２,33.1392997,131.7589153
臼杵辻郵便局,https://map.japanpost.jp/p/search/dtl/300172324000/?&cond2=1&cond200=1&&his=sa2,875-0041 大分県臼杵市臼杵１９２−６,33.1198942,131.800245
臼杵平清水郵便局,https://map.japanpost.jp/p/search/dtl/300172187000/?&cond2=1&cond200=1&&his=sa2,875-0053 大分県臼杵市福良１８６９−３,33.1140953,131.7913814
江無田簡易郵便局,https://map.japanpost.jp/p/search/dtl/300172753000/?&cond2=1&cond200=1&&his=sa2,875-0023 大分県臼杵市江無田４４２−３,33.1259053,131.7886175
大泊郵便局,https://map.japanpost.jp/p/search/dtl/300172279000/?&cond2=1&cond200=1&&his=sa2,875-0033 大分県臼杵市大泊１０７３−２,33.11485,131.8408664
鍛治簡易郵便局,https://map.japanpost.jp/p/search/dtl/300172749000/?&cond2=1&cond200=1&&his=sa2,875-0071 大分県臼杵市吉小野４３７６−３,33.1125683,131.7274842
川登郵便局,https://map.japanpost.jp/p/search/dtl/300172163000/?&cond2=1&cond200=1&&his=sa2,875-0341 大分県臼杵市野津町清水原１２０８−１,33.0066786,131.7164383
熊崎郵便局,https://map.japanpost.jp/p/search/dtl/300172181000/?&cond2=1&cond200=1&&his=sa2,875-0083 大分県臼杵市井村１９６５−４,33.1365406,131.7878286
佐志生郵便局,https://map.japanpost.jp/p/search/dtl/300172166000/?&cond2=1&cond200=1&&his=sa2,875-0001 大分県臼杵市佐志生２０５５−２,33.1770708,131.8286297
下ノ江郵便局,https://map.japanpost.jp/p/search/dtl/300172054000/?&cond2=1&cond200=1&&his=sa2,875-0003 大分県臼杵市田井９２１−１８,33.1565947,131.8175156
野津郵便局,https://map.japanpost.jp/p/search/dtl/300172039000/?&cond2=1&cond200=1&&his=sa2,875-0299 大分県臼杵市野津町野津市２２−２,33.0454597,131.6924497
豊後田野郵便局,https://map.japanpost.jp/p/search/dtl/300172267000/?&cond2=1&cond200=1&&his=sa2,875-0216 大分県臼杵市野津町亀甲２５７２,33.0378361,131.7133125
南津留郵便局,https://map.japanpost.jp/p/search/dtl/300172160000/?&cond2=1&cond200=1&&his=sa2,875-0073 大分県臼杵市掻懐１６−１,33.0935164,131.7575467
南野津郵便局,https://map.japanpost.jp/p/search/dtl/300172212000/?&cond2=1&cond200=1&&his=sa2,875-0222 大分県臼杵市野津町吉田１２６６−３,33.0159092,131.6664842
望月簡易郵便局,https://map.japanpost.jp/p/search/dtl/300172763000/?&cond2=1&cond200=1&&his=sa2,875-0062 大分県臼杵市野田１５６−１,33.1091933,131.77603
大分中央郵便局,https://map.japanpost.jp/p/search/dtl/300172001000/?&cond2=1&cond200=1&&his=sa2,870-8799 大分県大分市府内町３−４−１８,33.2386578,131.6083842
大分東郵便局,https://map.japanpost.jp/p/search/dtl/300172018000/?&cond2=1&cond200=1&&his=sa2,870-0199 大分県大分市森９０８−１,33.2149853,131.6787672
大分南郵便局,https://map.japanpost.jp/p/search/dtl/300172104000/?&cond2=1&cond200=1&&his=sa2,870-1199 大分県大分市玉沢７８５−２,33.1874164,131.5773006
明野地区センター内郵便局,https://map.japanpost.jp/p/search/dtl/300172308000/?&cond2=1&cond200=1&&his=sa2,870-0161 大分県大分市明野東１−１−１,33.2239269,131.6524942
一尺屋郵便局,https://map.japanpost.jp/p/search/dtl/300172168000/?&cond2=1&cond200=1&&his=sa2,879-2203 大分県大分市一尺屋２４０３−３,33.2019161,131.8586019
今市郵便局,https://map.japanpost.jp/p/search/dtl/300172171000/?&cond2=1&cond200=1&&his=sa2,870-1223 大分県大分市今市１０９９−１８４,33.1058275,131.4506567
大分明野郵便局,https://map.japanpost.jp/p/search/dtl/300172307000/?&cond2=1&cond200=1&&his=sa2,870-0165 大分県大分市明野北１−８−２０,33.2288281,131.6529158
大分生石郵便局,https://map.japanpost.jp/p/search/dtl/300172053000/?&cond2=1&cond200=1&&his=sa2,870-0003 大分県大分市生石２−３−１２,33.2458364,131.5835061
大分池ノ平郵便局,https://map.japanpost.jp/p/search/dtl/300172333000/?&cond2=1&cond200=1&&his=sa2,870-0147 大分県大分市小池原１５２５−３,33.2335769,131.6616983
大分猪野郵便局,https://map.japanpost.jp/p/search/dtl/300172286000/?&cond2=1&cond200=1&&his=sa2,870-0134 大分県大分市猪野８３−２,33.2202364,131.6647931
大分上野郵便局,https://map.japanpost.jp/p/search/dtl/300172283000/?&cond2=1&cond200=1&&his=sa2,870-0834 大分県大分市上野丘西２０−１,33.2222764,131.6126389
大分駅内郵便局,https://map.japanpost.jp/p/search/dtl/300172200000/?&cond2=1&cond200=1&&his=sa2,870-0831 大分県大分市要町１−１４,33.2326331,131.6056119
大分荏隈郵便局,https://map.japanpost.jp/p/search/dtl/300172316000/?&cond2=1&cond200=1&&his=sa2,870-0891 大分県大分市荏隈町２−１−４,33.2126947,131.5834092
大分王子郵便局,https://map.japanpost.jp/p/search/dtl/300172089000/?&cond2=1&cond200=1&&his=sa2,870-0006 大分県大分市王子中町１１−１２,33.2431128,131.5917661
大分大道郵便局,https://map.japanpost.jp/p/search/dtl/300172105000/?&cond2=1&cond200=1&&his=sa2,870-0822 大分県大分市大道町２−８−５１,33.2331975,131.6010094
大分賀来郵便局,https://map.japanpost.jp/p/search/dtl/300172232000/?&cond2=1&cond200=1&&his=sa2,870-0849 大分県大分市賀来南２−３−１０,33.2104558,131.5641294
大分上宗方郵便局,https://map.japanpost.jp/p/search/dtl/300172314000/?&cond2=1&cond200=1&&his=sa2,870-1152 大分県大分市上宗方３２８,33.2021017,131.58447
大分久原簡易郵便局,https://map.japanpost.jp/p/search/dtl/300172710000/?&cond2=1&cond200=1&&his=sa2,870-0326 大分県大分市久原南２−７−１６,33.2357408,131.7640278
大分県庁内郵便局,https://map.japanpost.jp/p/search/dtl/300172255000/?&cond2=1&cond200=1&&his=sa2,870-0022 大分県大分市大手町３−１−１,33.2382194,131.6126136
大分敷戸団地郵便局,https://map.japanpost.jp/p/search/dtl/300172311000/?&cond2=1&cond200=1&&his=sa2,870-1103 大分県大分市敷戸西町１−５,33.1867083,131.6225525
大分下郡郵便局,https://map.japanpost.jp/p/search/dtl/300172273000/?&cond2=1&cond200=1&&his=sa2,870-0954 大分県大分市下郡中央２−５−５０,33.2261794,131.6324075
大分城南郵便局,https://map.japanpost.jp/p/search/dtl/300172306000/?&cond2=1&cond200=1&&his=sa2,870-0824 大分県大分市城南東１−１−７,33.2194086,131.5846008
大分千才郵便局,https://map.japanpost.jp/p/search/dtl/300172315000/?&cond2=1&cond200=1&&his=sa2,870-0135 大分県大分市仲西町１−１０−１７,33.2424067,131.6639506
大分寒田郵便局,https://map.japanpost.jp/p/search/dtl/300172319000/?&cond2=1&cond200=1&&his=sa2,870-1139 大分県大分市寒田南町１,33.1852489,131.6071986
大分高崎郵便局,https://map.japanpost.jp/p/search/dtl/300172143000/?&cond2=1&cond200=1&&his=sa2,870-0872 大分県大分市高崎３−１０−８,33.2335961,131.5798258
大分高松郵便局,https://map.japanpost.jp/p/search/dtl/300172233000/?&cond2=1&cond200=1&&his=sa2,870-0916 大分県大分市高松東２−５−２,33.2476997,131.6590822
大分滝尾郵便局,https://map.japanpost.jp/p/search/dtl/300172107000/?&cond2=1&cond200=1&&his=sa2,870-0945 大分県大分市津守５０４−４,33.2100756,131.6156506
大分田尻簡易郵便局,https://map.japanpost.jp/p/search/dtl/300172787000/?&cond2=1&cond200=1&&his=sa2,870-1130 大分県大分市田尻中央２−１０,33.1813508,131.5872328
大分千代町郵便局,https://map.japanpost.jp/p/search/dtl/300172209000/?&cond2=1&cond200=1&&his=sa2,870-0016 大分県大分市新川町１−１−１８,33.2467208,131.6071119
大分角子原郵便局,https://map.japanpost.jp/p/search/dtl/300172331000/?&cond2=1&cond200=1&&his=sa2,870-0271 大分県大分市角子原８７９−１,33.2455242,131.7127464
