0,1,2,Latitude,Longitude
足立北郵便局,https://map.japanpost.jp/p/search/dtl/300100542000/?&cond2=1&cond200=1&&his=sa2,121-8799 東京都足立区竹の塚３−９−２０,35.7910219,139.8023667
足立西郵便局,https://map.japanpost.jp/p/search/dtl/300100814000/?&cond2=1&cond200=1&&his=sa2,123-8799 東京都足立区西新井本町４−４−３０,35.7723692,139.7806803
足立郵便局,https://map.japanpost.jp/p/search/dtl/300101011000/?&cond2=1&cond200=1&&his=sa2,120-8799 東京都足立区千住曙町４２−４,35.7434667,139.8113661
足立青井郵便局,https://map.japanpost.jp/p/search/dtl/300100465000/?&cond2=1&cond200=1&&his=sa2,121-0012 東京都足立区青井６−２２−１０,35.7777453,139.8137744
足立旭町郵便局,https://map.japanpost.jp/p/search/dtl/300101261000/?&cond2=1&cond200=1&&his=sa2,120-0026 東京都足立区千住旭町２７−１３,35.7492042,139.8090847
足立綾瀬郵便局,https://map.japanpost.jp/p/search/dtl/300100449000/?&cond2=1&cond200=1&&his=sa2,120-0005 東京都足立区綾瀬４−３１−１０,35.7685992,139.8243097
足立伊興二郵便局,https://map.japanpost.jp/p/search/dtl/300100726000/?&cond2=1&cond200=1&&his=sa2,121-0823 東京都足立区伊興２−１８−１,35.79372,139.7823353
足立一郵便局,https://map.japanpost.jp/p/search/dtl/300100025000/?&cond2=1&cond200=1&&his=sa2,120-0015 東京都足立区足立１−１１−１０,35.7643764,139.8040981
足立入谷郵便局,https://map.japanpost.jp/p/search/dtl/300100696000/?&cond2=1&cond200=1&&his=sa2,121-0836 東京都足立区入谷９−１５−１,35.8079914,139.7568264
足立梅島郵便局,https://map.japanpost.jp/p/search/dtl/300100212000/?&cond2=1&cond200=1&&his=sa2,121-0816 東京都足立区梅島２−２−１０,35.7761617,139.8030228
足立梅田郵便局,https://map.japanpost.jp/p/search/dtl/300101287000/?&cond2=1&cond200=1&&his=sa2,123-0851 東京都足立区梅田６−３２−１,35.7700125,139.7974592
足立大川町郵便局,https://map.japanpost.jp/p/search/dtl/300101322000/?&cond2=1&cond200=1&&his=sa2,120-0031 東京都足立区千住大川町２０−１３,35.7554914,139.7984458
足立大谷田団地内郵便局,https://map.japanpost.jp/p/search/dtl/300100650000/?&cond2=1&cond200=1&&his=sa2,120-0001 東京都足立区大谷田１−１−４,35.7784056,139.8445472
足立栗原北郵便局,https://map.japanpost.jp/p/search/dtl/300100819000/?&cond2=1&cond200=1&&his=sa2,123-0842 東京都足立区栗原２−１７−６,35.7848908,139.7889347
足立江北郵便局,https://map.japanpost.jp/p/search/dtl/300100793000/?&cond2=1&cond200=1&&his=sa2,123-0872 東京都足立区江北６−３０−２１,35.7828178,139.7696978
足立江北四郵便局,https://map.japanpost.jp/p/search/dtl/300100527000/?&cond2=1&cond200=1&&his=sa2,123-0872 東京都足立区江北４−２−４,35.7726356,139.7692203
足立古千谷郵便局,https://map.japanpost.jp/p/search/dtl/300100688000/?&cond2=1&cond200=1&&his=sa2,121-0832 東京都足立区古千谷本町２−２０−１２,35.8059375,139.7741739
足立佐野郵便局,https://map.japanpost.jp/p/search/dtl/300100763000/?&cond2=1&cond200=1&&his=sa2,121-0053 東京都足立区佐野２−１１−１２,35.7864794,139.8411136
足立三郵便局,https://map.japanpost.jp/p/search/dtl/300100398000/?&cond2=1&cond200=1&&his=sa2,120-0015 東京都足立区足立３−１８−１６,35.7620461,139.8109694
足立鹿浜八郵便局,https://map.japanpost.jp/p/search/dtl/300100682000/?&cond2=1&cond200=1&&his=sa2,123-0864 東京都足立区鹿浜８−１１−４,35.7880725,139.7621003
足立鹿浜郵便局,https://map.japanpost.jp/p/search/dtl/300100602000/?&cond2=1&cond200=1&&his=sa2,123-0864 東京都足立区鹿浜２−３４−１９,35.7836092,139.7511822
足立島根郵便局,https://map.japanpost.jp/p/search/dtl/300100448000/?&cond2=1&cond200=1&&his=sa2,121-0815 東京都足立区島根２−１９−１３,35.7822633,139.7978253
足立新田郵便局,https://map.japanpost.jp/p/search/dtl/300100348000/?&cond2=1&cond200=1&&his=sa2,123-0865 東京都足立区新田２−１２−８,35.7726264,139.7419475
足立関原郵便局,https://map.japanpost.jp/p/search/dtl/300100207000/?&cond2=1&cond200=1&&his=sa2,123-0852 東京都足立区関原２−３７−１６,35.7677678,139.7884797
足立竹の塚郵便局,https://map.japanpost.jp/p/search/dtl/300100687000/?&cond2=1&cond200=1&&his=sa2,121-0813 東京都足立区竹の塚５−８−５,35.7942503,139.7953156
足立中央本町郵便局,https://map.japanpost.jp/p/search/dtl/300100179000/?&cond2=1&cond200=1&&his=sa2,120-0011 東京都足立区中央本町２−１９−１０,35.7706383,139.8102692
足立椿郵便局,https://map.japanpost.jp/p/search/dtl/300100400000/?&cond2=1&cond200=1&&his=sa2,123-0871 東京都足立区椿２−１８−１５,35.7799511,139.7605894
足立東和二郵便局,https://map.japanpost.jp/p/search/dtl/300100514000/?&cond2=1&cond200=1&&his=sa2,120-0003 東京都足立区東和２−１５−１６,35.76903,139.8430394
足立東和郵便局,https://map.japanpost.jp/p/search/dtl/300100428000/?&cond2=1&cond200=1&&his=sa2,120-0003 東京都足立区東和４−８−５,35.7725539,139.8414725
足立舎人郵便局,https://map.japanpost.jp/p/search/dtl/300101391000/?&cond2=1&cond200=1&&his=sa2,121-0831 東京都足立区舎人５−１７−４,35.8118778,139.7664886
荒川郵便局,https://map.japanpost.jp/p/search/dtl/300101314000/?&cond2=1&cond200=1&&his=sa2,116-8799 東京都荒川区荒川３−２−１,35.7345633,139.7842186
荒川北町屋郵便局,https://map.japanpost.jp/p/search/dtl/300100053000/?&cond2=1&cond200=1&&his=sa2,116-0001 東京都荒川区町屋８−３−１１,35.7484008,139.78462
荒川五郵便局,https://map.japanpost.jp/p/search/dtl/300100375000/?&cond2=1&cond200=1&&his=sa2,116-0002 東京都荒川区荒川５−１１−１２,35.7391069,139.7775269
荒川汐入郵便局,https://map.japanpost.jp/p/search/dtl/300100147000/?&cond2=1&cond200=1&&his=sa2,116-0003 東京都荒川区南千住８−４−５−１１８,35.7372575,139.8072331
荒川西尾久三郵便局,https://map.japanpost.jp/p/search/dtl/300100264000/?&cond2=1&cond200=1&&his=sa2,116-0011 東京都荒川区西尾久３−２５−１８,35.7527108,139.7619772
荒川西尾久七郵便局,https://map.japanpost.jp/p/search/dtl/300100146000/?&cond2=1&cond200=1&&his=sa2,116-0011 東京都荒川区西尾久７−１６−１３,35.7490239,139.7565503
荒川西尾久二郵便局,https://map.japanpost.jp/p/search/dtl/300100347000/?&cond2=1&cond200=1&&his=sa2,116-0011 東京都荒川区西尾久２−１６−７,35.7476247,139.7629828
荒川東尾久二郵便局,https://map.japanpost.jp/p/search/dtl/300100318000/?&cond2=1&cond200=1&&his=sa2,116-0012 東京都荒川区東尾久２−４０−２,35.7434006,139.7708247
荒川東尾久四郵便局,https://map.japanpost.jp/p/search/dtl/300100205000/?&cond2=1&cond200=1&&his=sa2,116-0012 東京都荒川区東尾久４−２１−６,35.7427922,139.7670331
荒川町屋五郵便局,https://map.japanpost.jp/p/search/dtl/300100376000/?&cond2=1&cond200=1&&his=sa2,116-0001 東京都荒川区町屋５−６−５,35.7499558,139.7786514
荒川町屋郵便局,https://map.japanpost.jp/p/search/dtl/300100204000/?&cond2=1&cond200=1&&his=sa2,116-0001 東京都荒川区町屋１−１９−９,35.7435264,139.7828131
荒川南千住五郵便局,https://map.japanpost.jp/p/search/dtl/300100658000/?&cond2=1&cond200=1&&his=sa2,116-0003 東京都荒川区南千住５−３９−５,35.7337797,139.7973936
荒川南千住郵便局,https://map.japanpost.jp/p/search/dtl/300101296000/?&cond2=1&cond200=1&&his=sa2,116-0003 東京都荒川区南千住６−１−８,35.7358806,139.7891872
熊野前郵便局,https://map.japanpost.jp/p/search/dtl/300101161000/?&cond2=1&cond200=1&&his=sa2,116-0012 東京都荒川区東尾久８−１４−１,35.7494356,139.7693972
西日暮里駅前郵便局,https://map.japanpost.jp/p/search/dtl/300101567000/?&cond2=1&cond200=1&&his=sa2,116-0013 東京都荒川区西日暮里５−１１−８,35.7326211,139.7688083
西日暮里郵便局,https://map.japanpost.jp/p/search/dtl/300100263000/?&cond2=1&cond200=1&&his=sa2,116-0013 東京都荒川区西日暮里１−６０−３,35.7348828,139.7723019
日暮里駅前郵便局,https://map.japanpost.jp/p/search/dtl/300100274000/?&cond2=1&cond200=1&&his=sa2,116-0013 東京都荒川区西日暮里２−２１−６−１０２,35.7295433,139.7701583
東日暮里二郵便局,https://map.japanpost.jp/p/search/dtl/300100248000/?&cond2=1&cond200=1&&his=sa2,116-0014 東京都荒川区東日暮里２−２７−７,35.7292167,139.7850317
板橋西郵便局,https://map.japanpost.jp/p/search/dtl/300100850000/?&cond2=1&cond200=1&&his=sa2,175-8799 東京都板橋区高島平３−１２−１,35.7861414,139.6586125
板橋北郵便局,https://map.japanpost.jp/p/search/dtl/300100675000/?&cond2=1&cond200=1&&his=sa2,174-8799 東京都板橋区志村３−２４−１６,35.7781056,139.6861933
板橋郵便局,https://map.japanpost.jp/p/search/dtl/300101136000/?&cond2=1&cond200=1&&his=sa2,173-8799 東京都板橋区板橋２−４２−１,35.7492008,139.7136922
赤塚三郵便局,https://map.japanpost.jp/p/search/dtl/300100557000/?&cond2=1&cond200=1&&his=sa2,175-0092 東京都板橋区赤塚３−７−１２,35.7763822,139.63755
イオン板橋ＳＣ内郵便局,https://map.japanpost.jp/p/search/dtl/300101799000/?&cond2=1&cond200=1&&his=sa2,175-0083 東京都板橋区徳丸２−６−１（イオン板橋ショッピングセンター４階）,35.7697011,139.6609622
板橋赤塚新町郵便局,https://map.japanpost.jp/p/search/dtl/300100133000/?&cond2=1&cond200=1&&his=sa2,175-0093 東京都板橋区赤塚新町１−２５−１０,35.7705683,139.6432833
板橋赤塚郵便局,https://map.japanpost.jp/p/search/dtl/300100452000/?&cond2=1&cond200=1&&his=sa2,175-0092 東京都板橋区赤塚６−４０−１１,35.7796894,139.6469139
板橋大谷口北郵便局,https://map.japanpost.jp/p/search/dtl/300100853000/?&cond2=1&cond200=1&&his=sa2,173-0031 東京都板橋区大谷口北町７６−４,35.7488142,139.6864108
板橋大谷口郵便局,https://map.japanpost.jp/p/search/dtl/300100328000/?&cond2=1&cond200=1&&his=sa2,173-0032 東京都板橋区大谷口上町４９−８,35.7465364,139.6912136
板橋大山郵便局,https://map.japanpost.jp/p/search/dtl/300100004000/?&cond2=1&cond200=1&&his=sa2,173-0033 東京都板橋区大山西町５２−１２,35.7488033,139.6968292
板橋幸町郵便局,https://map.japanpost.jp/p/search/dtl/300100516000/?&cond2=1&cond200=1&&his=sa2,173-0034 東京都板橋区幸町３７−２,35.7429683,139.6974406
板橋坂下一郵便局,https://map.japanpost.jp/p/search/dtl/300100401000/?&cond2=1&cond200=1&&his=sa2,174-0043 東京都板橋区坂下１−３−１,35.7799044,139.6890708
板橋坂下郵便局,https://map.japanpost.jp/p/search/dtl/300100309000/?&cond2=1&cond200=1&&his=sa2,174-0043 東京都板橋区坂下１−１６−１０,35.7794625,139.6819442
板橋清水郵便局,https://map.japanpost.jp/p/search/dtl/300101264000/?&cond2=1&cond200=1&&his=sa2,174-0053 東京都板橋区清水町２０−５,35.7643264,139.7055231
板橋志村郵便局,https://map.japanpost.jp/p/search/dtl/300100048000/?&cond2=1&cond200=1&&his=sa2,174-0056 東京都板橋区志村１−１２−２７,35.7741531,139.6968172
板橋高島平七郵便局,https://map.japanpost.jp/p/search/dtl/300101355000/?&cond2=1&cond200=1&&his=sa2,175-0082 東京都板橋区高島平７−２７−１,35.7912414,139.6578042
板橋高島平八郵便局,https://map.japanpost.jp/p/search/dtl/300100857000/?&cond2=1&cond200=1&&his=sa2,175-0082 東京都板橋区高島平８−７−５,35.7888014,139.6637142
板橋東新町郵便局,https://map.japanpost.jp/p/search/dtl/300101568000/?&cond2=1&cond200=1&&his=sa2,174-0074 東京都板橋区東新町２−５６−２,35.7530914,139.6831981
板橋常盤台三郵便局,https://map.japanpost.jp/p/search/dtl/300100397000/?&cond2=1&cond200=1&&his=sa2,174-0071 東京都板橋区常盤台３−１６−１１,35.7611739,139.683945
板橋常盤台郵便局,https://map.japanpost.jp/p/search/dtl/300100076000/?&cond2=1&cond200=1&&his=sa2,174-0071 東京都板橋区常盤台１−３０−９,35.7627592,139.6903853
板橋徳丸五郵便局,https://map.japanpost.jp/p/search/dtl/300100749000/?&cond2=1&cond200=1&&his=sa2,175-0083 東京都板橋区徳丸５−５−５,35.7763603,139.6541019
板橋徳丸三郵便局,https://map.japanpost.jp/p/search/dtl/300100442000/?&cond2=1&cond200=1&&his=sa2,175-0083 東京都板橋区徳丸３−１０−８,35.7699833,139.6548994
板橋徳丸郵便局,https://map.japanpost.jp/p/search/dtl/300100432000/?&cond2=1&cond200=1&&his=sa2,175-0083 東京都板橋区徳丸２−２８−９,35.7751269,139.66304
板橋中台二郵便局,https://map.japanpost.jp/p/search/dtl/300100647000/?&cond2=1&cond200=1&&his=sa2,174-0064 東京都板橋区中台２−３０−１５,35.7725994,139.6822806
板橋中台郵便局,https://map.japanpost.jp/p/search/dtl/300100350000/?&cond2=1&cond200=1&&his=sa2,174-0064 東京都板橋区中台１−３４−７,35.7656756,139.6778419
板橋成増ヶ丘郵便局,https://map.japanpost.jp/p/search/dtl/300100411000/?&cond2=1&cond200=1&&his=sa2,175-0094 東京都板橋区成増３−１３−１,35.7788225,139.6323092
板橋成増郵便局,https://map.japanpost.jp/p/search/dtl/300100050000/?&cond2=1&cond200=1&&his=sa2,175-0094 東京都板橋区成増１−２８−１０,35.7761681,139.6313261
板橋西台駅前郵便局,https://map.japanpost.jp/p/search/dtl/300101584000/?&cond2=1&cond200=1&&his=sa2,175-0082 東京都板橋区高島平９−３−１４,35.7892642,139.6726022
板橋西台郵便局,https://map.japanpost.jp/p/search/dtl/300100493000/?&cond2=1&cond200=1&&his=sa2,175-0045 東京都板橋区西台３−１８−１１,35.7739297,139.6701594
板橋蓮沼郵便局,https://map.japanpost.jp/p/search/dtl/300100599000/?&cond2=1&cond200=1&&his=sa2,174-0052 東京都板橋区蓮沼町２３−７,35.7694597,139.7021592
葛西郵便局,https://map.japanpost.jp/p/search/dtl/300101395000/?&cond2=1&cond200=1&&his=sa2,134-8799 東京都江戸川区中葛西１−３−１,35.6697833,139.8677519
江戸川郵便局,https://map.japanpost.jp/p/search/dtl/300101173000/?&cond2=1&cond200=1&&his=sa2,132-8799 東京都江戸川区松島１−１９−２４,35.7028008,139.8633431
小岩郵便局,https://map.japanpost.jp/p/search/dtl/300101178000/?&cond2=1&cond200=1&&his=sa2,133-8799 東京都江戸川区南小岩８−１−１０,35.7281486,139.8865197
江戸川一之江郵便局,https://map.japanpost.jp/p/search/dtl/300100120000/?&cond2=1&cond200=1&&his=sa2,132-0024 東京都江戸川区一之江４−６−１５,35.6894642,139.8801003
江戸川一郵便局,https://map.japanpost.jp/p/search/dtl/300100839000/?&cond2=1&cond200=1&&his=sa2,132-0013 東京都江戸川区江戸川１−２３−６,35.6876944,139.9062119
江戸川今井郵便局,https://map.japanpost.jp/p/search/dtl/300101306000/?&cond2=1&cond200=1&&his=sa2,132-0013 東京都江戸川区江戸川３−５０−１５,35.6829411,139.8887825
江戸川上一色郵便局,https://map.japanpost.jp/p/search/dtl/300100604000/?&cond2=1&cond200=1&&his=sa2,133-0041 東京都江戸川区上一色２−１８−４,35.7263797,139.8749739
江戸川上篠崎郵便局,https://map.japanpost.jp/p/search/dtl/300100605000/?&cond2=1&cond200=1&&his=sa2,133-0054 東京都江戸川区上篠崎３−１４−９,35.7101606,139.9008917
江戸川北葛西三郵便局,https://map.japanpost.jp/p/search/dtl/300100454000/?&cond2=1&cond200=1&&his=sa2,134-0081 東京都江戸川区北葛西３−１−３２,35.6704431,139.8583636
江戸川区役所前郵便局,https://map.japanpost.jp/p/search/dtl/300101503000/?&cond2=1&cond200=1&&his=sa2,132-0021 東京都江戸川区中央１−３−１３,35.7063161,139.8687767
江戸川小松川郵便局,https://map.japanpost.jp/p/search/dtl/300100206000/?&cond2=1&cond200=1&&his=sa2,132-0034 東京都江戸川区小松川３−１１−１,35.6982536,139.85168
江戸川鹿骨二郵便局,https://map.japanpost.jp/p/search/dtl/300101380000/?&cond2=1&cond200=1&&his=sa2,133-0073 東京都江戸川区鹿骨２−４５−１,35.7099639,139.8938928
江戸川鹿骨郵便局,https://map.japanpost.jp/p/search/dtl/300100026000/?&cond2=1&cond200=1&&his=sa2,133-0073 東京都江戸川区鹿骨５−１４−１２,35.7116319,139.8880564
江戸川篠崎七郵便局,https://map.japanpost.jp/p/search/dtl/300101392000/?&cond2=1&cond200=1&&his=sa2,133-0061 東京都江戸川区篠崎町７−８−２０,35.7062439,139.9005778
江戸川篠崎郵便局,https://map.japanpost.jp/p/search/dtl/300100154000/?&cond2=1&cond200=1&&his=sa2,133-0061 東京都江戸川区篠崎町３−２５−１,35.7024631,139.913695
江戸川中央三郵便局,https://map.japanpost.jp/p/search/dtl/300100690000/?&cond2=1&cond200=1&&his=sa2,132-0021 東京都江戸川区中央３−２４−１８,35.7097403,139.8754911
江戸川中央郵便局,https://map.japanpost.jp/p/search/dtl/300100315000/?&cond2=1&cond200=1&&his=sa2,132-0021 東京都江戸川区中央２−２４−３,35.7049153,139.8737494
江戸川中央四郵便局,https://map.japanpost.jp/p/search/dtl/300101365000/?&cond2=1&cond200=1&&his=sa2,132-0021 東京都江戸川区中央４−４−１９,35.7116186,139.8652481
江戸川椿郵便局,https://map.japanpost.jp/p/search/dtl/300100767000/?&cond2=1&cond200=1&&his=sa2,132-0003 東京都江戸川区春江町３−４３−１４,35.6969153,139.8903186
江戸川中葛西一郵便局,https://map.japanpost.jp/p/search/dtl/300101238000/?&cond2=1&cond200=1&&his=sa2,134-0083 東京都江戸川区中葛西１−４９−１４,35.6734683,139.8715544
江戸川中葛西五郵便局,https://map.japanpost.jp/p/search/dtl/300100876000/?&cond2=1&cond200=1&&his=sa2,134-0083 東京都江戸川区中葛西５−７−１６,35.661715,139.8650356
江戸川長島郵便局,https://map.japanpost.jp/p/search/dtl/300100653000/?&cond2=1&cond200=1&&his=sa2,134-0084 東京都江戸川区東葛西５−４５−１,35.6660783,139.8809481
江戸川西一之江郵便局,https://map.japanpost.jp/p/search/dtl/300100507000/?&cond2=1&cond200=1&&his=sa2,132-0023 東京都江戸川区西一之江３−１７−１８,35.6956606,139.8777111
江戸川春江五郵便局,https://map.japanpost.jp/p/search/dtl/300100768000/?&cond2=1&cond200=1&&his=sa2,134-0003 東京都江戸川区春江町５−１１−７,35.6804097,139.8744892
江戸川東葛西六郵便局,https://map.japanpost.jp/p/search/dtl/300101422000/?&cond2=1&cond200=1&&his=sa2,134-0084 東京都江戸川区東葛西６−８−１,35.6612986,139.8739011
江戸川東小松川三郵便局,https://map.japanpost.jp/p/search/dtl/300100654000/?&cond2=1&cond200=1&&his=sa2,132-0033 東京都江戸川区東小松川３−１３−４,35.6919772,139.8631986
江戸川東小松川郵便局,https://map.japanpost.jp/p/search/dtl/300100081000/?&cond2=1&cond200=1&&his=sa2,132-0033 東京都江戸川区東小松川１−１２−２３,35.6997675,139.8677236
江戸川東松本郵便局,https://map.japanpost.jp/p/search/dtl/300100691000/?&cond2=1&cond200=1&&his=sa2,133-0071 東京都江戸川区東松本１−１４−５,35.7180708,139.8878481
江戸川東瑞江二郵便局,https://map.japanpost.jp/p/search/dtl/300100607000/?&cond2=1&cond200=1&&his=sa2,132-0014 東京都江戸川区東瑞江２−１１−２１,35.6882156,139.8952683
江戸川平井五郵便局,https://map.japanpost.jp/p/search/dtl/300101212000/?&cond2=1&cond200=1&&his=sa2,132-0035 東京都江戸川区平井５−４８−１,35.7097722,139.845125
蒲田郵便局,https://map.japanpost.jp/p/search/dtl/300101086000/?&cond2=1&cond200=1&&his=sa2,144-8799 東京都大田区蒲田本町１−２−８,35.5585386,139.717875
田園調布郵便局,https://map.japanpost.jp/p/search/dtl/300100063000/?&cond2=1&cond200=1&&his=sa2,145-8799 東京都大田区南雪谷２−２１−１,35.5889719,139.6783981
大森郵便局,https://map.japanpost.jp/p/search/dtl/300101021000/?&cond2=1&cond200=1&&his=sa2,143-8799 東京都大田区山王３−９−１３,35.5826592,139.7231461
千鳥郵便局,https://map.japanpost.jp/p/search/dtl/300100866000/?&cond2=1&cond200=1&&his=sa2,146-8799 東京都大田区千鳥２−３４−１０,35.5686039,139.6954875
アロマスクエア郵便局,https://map.japanpost.jp/p/search/dtl/300101595000/?&cond2=1&cond200=1&&his=sa2,144-0052 東京都大田区蒲田５−３７−１（アロマスクエア）,35.5605294,139.7181156
池上郵便局,https://map.japanpost.jp/p/search/dtl/300101053000/?&cond2=1&cond200=1&&his=sa2,146-0082 東京都大田区池上３−３９−３,35.5733078,139.7005603
大岡山駅前郵便局,https://map.japanpost.jp/p/search/dtl/300101225000/?&cond2=1&cond200=1&&his=sa2,145-0062 東京都大田区北千束３−２６−１２,35.6071528,139.6863014
大田池上六郵便局,https://map.japanpost.jp/p/search/dtl/300100308000/?&cond2=1&cond200=1&&his=sa2,146-0082 東京都大田区池上６−３８−９,35.5673175,139.7039858
大田入新井郵便局,https://map.japanpost.jp/p/search/dtl/300101270000/?&cond2=1&cond200=1&&his=sa2,143-0016 東京都大田区大森北３−９−３,35.5842231,139.7341878
大田鵜の木郵便局,https://map.japanpost.jp/p/search/dtl/300100128000/?&cond2=1&cond200=1&&his=sa2,146-0091 東京都大田区鵜の木２−３−１,35.5759083,139.6806494
大田上池台郵便局,https://map.japanpost.jp/p/search/dtl/300101318000/?&cond2=1&cond200=1&&his=sa2,145-0064 東京都大田区上池台１−６−３,35.6018428,139.699295
大田北千束郵便局,https://map.japanpost.jp/p/search/dtl/300100127000/?&cond2=1&cond200=1&&his=sa2,145-0062 東京都大田区北千束２−１４−９,35.6053556,139.6938125
大田久が原西郵便局,https://map.japanpost.jp/p/search/dtl/300100578000/?&cond2=1&cond200=1&&his=sa2,146-0085 東京都大田区久が原４−１−１７,35.5827511,139.6925528
大田久が原郵便局,https://map.japanpost.jp/p/search/dtl/300100089000/?&cond2=1&cond200=1&&his=sa2,146-0085 東京都大田区久が原２−２４−１,35.5808314,139.6978125
大田京浜島郵便局,https://map.japanpost.jp/p/search/dtl/300101378000/?&cond2=1&cond200=1&&his=sa2,143-0003 東京都大田区京浜島２−９−１,35.5709067,139.7648778
大田山王郵便局,https://map.japanpost.jp/p/search/dtl/300101344000/?&cond2=1&cond200=1&&his=sa2,143-0023 東京都大田区山王２−５−７,35.590325,139.7280319
大田市場内郵便局,https://map.japanpost.jp/p/search/dtl/300101363000/?&cond2=1&cond200=1&&his=sa2,143-0001 東京都大田区東海３−２−１,35.5789325,139.7588669
大田下丸子郵便局,https://map.japanpost.jp/p/search/dtl/300100062000/?&cond2=1&cond200=1&&his=sa2,146-0092 東京都大田区下丸子２−８−１,35.5670594,139.6853097
大田洗足郵便局,https://map.japanpost.jp/p/search/dtl/300100333000/?&cond2=1&cond200=1&&his=sa2,145-0064 東京都大田区上池台２−３１−８,35.599215,139.6922739
大田中央一郵便局,https://map.japanpost.jp/p/search/dtl/300101199000/?&cond2=1&cond200=1&&his=sa2,143-0024 東京都大田区中央１−１６−５,35.5802203,139.7198222
大田中央七郵便局,https://map.japanpost.jp/p/search/dtl/300101343000/?&cond2=1&cond200=1&&his=sa2,143-0024 東京都大田区中央７−４−３,35.5759964,139.7132367
大田中央八郵便局,https://map.japanpost.jp/p/search/dtl/300101372000/?&cond2=1&cond200=1&&his=sa2,143-0024 東京都大田区中央８−３９−２,35.5737508,139.7192292
大田中央四郵便局,https://map.japanpost.jp/p/search/dtl/300100873000/?&cond2=1&cond200=1&&his=sa2,143-0024 東京都大田区中央４−３−１,35.5826731,139.71435
大田中馬込郵便局,https://map.japanpost.jp/p/search/dtl/300101577000/?&cond2=1&cond200=1&&his=sa2,143-0027 東京都大田区中馬込１−１４−１７,35.5950094,139.7052256
大田仲六郷郵便局,https://map.japanpost.jp/p/search/dtl/300100322000/?&cond2=1&cond200=1&&his=sa2,144-0055 東京都大田区仲六郷２−９−１１,35.5519725,139.7154297
大田西糀谷三郵便局,https://map.japanpost.jp/p/search/dtl/300100070000/?&cond2=1&cond200=1&&his=sa2,144-0034 東京都大田区西糀谷３−２０−２,35.5548133,139.7394022
大田西糀谷二郵便局,https://map.japanpost.jp/p/search/dtl/300100129000/?&cond2=1&cond200=1&&his=sa2,144-0034 東京都大田区西糀谷２−２１−２０,35.55851,139.7347892
大田西馬込郵便局,https://map.japanpost.jp/p/search/dtl/300100392000/?&cond2=1&cond200=1&&his=sa2,143-0026 東京都大田区西馬込２−３−８,35.5869425,139.7046292
大田西六郷三郵便局,https://map.japanpost.jp/p/search/dtl/300100512000/?&cond2=1&cond200=1&&his=sa2,144-0056 東京都大田区西六郷３−２８−７,35.5456811,139.7069369
大田西六郷郵便局,https://map.japanpost.jp/p/search/dtl/300100139000/?&cond2=1&cond200=1&&his=sa2,144-0056 東京都大田区西六郷１−１９−１５,35.5540356,139.7068086
葛飾新宿郵便局,https://map.japanpost.jp/p/search/dtl/300101018000/?&cond2=1&cond200=1&&his=sa2,125-8799 東京都葛飾区金町１−８−１,35.7634997,139.8656706
葛飾郵便局,https://map.japanpost.jp/p/search/dtl/300101316000/?&cond2=1&cond200=1&&his=sa2,124-8799 東京都葛飾区四つ木２−２８−１,35.7361964,139.8395833
お花茶屋駅前郵便局,https://map.japanpost.jp/p/search/dtl/300100166000/?&cond2=1&cond200=1&&his=sa2,124-0005 東京都葛飾区宝町２−３４−１３−１１３,35.746835,139.8398764
葛飾青戸三郵便局,https://map.japanpost.jp/p/search/dtl/300100491000/?&cond2=1&cond200=1&&his=sa2,125-0062 東京都葛飾区青戸３−１２−１６,35.7472322,139.8490806
葛飾青戸郵便局,https://map.japanpost.jp/p/search/dtl/300100083000/?&cond2=1&cond200=1&&his=sa2,125-0062 東京都葛飾区青戸３−３８−４,35.7459794,139.8552889
葛飾青戸四郵便局,https://map.japanpost.jp/p/search/dtl/300100386000/?&cond2=1&cond200=1&&his=sa2,125-0062 東京都葛飾区青戸４−２８−１３,35.7531433,139.8511639
葛飾奥戸郵便局,https://map.japanpost.jp/p/search/dtl/300100180000/?&cond2=1&cond200=1&&his=sa2,124-0022 東京都葛飾区奥戸３−２８−９,35.7345783,139.8637386
葛飾鎌倉郵便局,https://map.japanpost.jp/p/search/dtl/300100362000/?&cond2=1&cond200=1&&his=sa2,125-0053 東京都葛飾区鎌倉４−１０−７,35.7470103,139.8805119
葛飾亀有二郵便局,https://map.japanpost.jp/p/search/dtl/300100765000/?&cond2=1&cond200=1&&his=sa2,125-0061 東京都葛飾区亀有２−１５−２０,35.7581617,139.8489719
葛飾区役所内郵便局,https://map.japanpost.jp/p/search/dtl/300100474000/?&cond2=1&cond200=1&&his=sa2,124-0012 東京都葛飾区立石５−１３−１,35.7437969,139.8473975
葛飾小菅郵便局,https://map.japanpost.jp/p/search/dtl/300101237000/?&cond2=1&cond200=1&&his=sa2,124-0001 東京都葛飾区小菅１−１０−１１,35.754925,139.8195339
葛飾柴又一郵便局,https://map.japanpost.jp/p/search/dtl/300100561000/?&cond2=1&cond200=1&&his=sa2,125-0052 東京都葛飾区柴又１−１１−８,35.7557786,139.8713014
葛飾柴又郵便局,https://map.japanpost.jp/p/search/dtl/300100145000/?&cond2=1&cond200=1&&his=sa2,125-0052 東京都葛飾区柴又４−１０−７,35.7559592,139.8767478
葛飾白鳥郵便局,https://map.japanpost.jp/p/search/dtl/300101399000/?&cond2=1&cond200=1&&his=sa2,125-0063 東京都葛飾区白鳥３−２２−９,35.7531794,139.8456764
葛飾高砂七郵便局,https://map.japanpost.jp/p/search/dtl/300100729000/?&cond2=1&cond200=1&&his=sa2,125-0054 東京都葛飾区高砂７−２１−１０,35.7549036,139.8661819
葛飾高砂四郵便局,https://map.japanpost.jp/p/search/dtl/300100544000/?&cond2=1&cond200=1&&his=sa2,125-0054 東京都葛飾区高砂４−２−２６−１０１,35.7470767,139.8713239
葛飾新宿二郵便局,https://map.japanpost.jp/p/search/dtl/300100430000/?&cond2=1&cond200=1&&his=sa2,125-0051 東京都葛飾区新宿２−２５−５,35.7624911,139.8580689
葛飾西亀有郵便局,https://map.japanpost.jp/p/search/dtl/300100517000/?&cond2=1&cond200=1&&his=sa2,125-0002 東京都葛飾区西亀有３−３９−１２,35.7619439,139.8419394
葛飾西新小岩郵便局,https://map.japanpost.jp/p/search/dtl/300100082000/?&cond2=1&cond200=1&&his=sa2,124-0025 東京都葛飾区西新小岩５−３１−１１,35.7233733,139.8520094
葛飾西水元郵便局,https://map.japanpost.jp/p/search/dtl/300100728000/?&cond2=1&cond200=1&&his=sa2,125-0031 東京都葛飾区西水元５−１１−５,35.7846,139.8545794
葛飾東金町五郵便局,https://map.japanpost.jp/p/search/dtl/300100689000/?&cond2=1&cond200=1&&his=sa2,125-0041 東京都葛飾区東金町５−３２−３,35.7778456,139.8786336
葛飾東金町二郵便局,https://map.japanpost.jp/p/search/dtl/300100451000/?&cond2=1&cond200=1&&his=sa2,125-0041 東京都葛飾区東金町２−１７−１３,35.7722289,139.8681011
葛飾東金町郵便局,https://map.japanpost.jp/p/search/dtl/300100399000/?&cond2=1&cond200=1&&his=sa2,125-0041 東京都葛飾区東金町３−９−１,35.7717761,139.8751919
葛飾東新小岩郵便局,https://map.japanpost.jp/p/search/dtl/300100418000/?&cond2=1&cond200=1&&his=sa2,124-0023 東京都葛飾区東新小岩３−１１−５,35.7226708,139.8606781
葛飾東新小岩六郵便局,https://map.japanpost.jp/p/search/dtl/300100795000/?&cond2=1&cond200=1&&his=sa2,124-0023 東京都葛飾区東新小岩６−１６−２,35.7277375,139.8597975
葛飾東立石郵便局,https://map.japanpost.jp/p/search/dtl/300100603000/?&cond2=1&cond200=1&&his=sa2,124-0013 東京都葛飾区東立石３−２７−１,35.7343853,139.8467361
葛飾東堀切三郵便局,https://map.japanpost.jp/p/search/dtl/300100651000/?&cond2=1&cond200=1&&his=sa2,124-0004 東京都葛飾区東堀切３−２９−１２,35.7547561,139.8401814
葛飾東堀切二郵便局,https://map.japanpost.jp/p/search/dtl/300100766000/?&cond2=1&cond200=1&&his=sa2,124-0004 東京都葛飾区東堀切２−２１−２４,35.7506739,139.8361958
葛飾東四つ木郵便局,https://map.japanpost.jp/p/search/dtl/300100352000/?&cond2=1&cond200=1&&his=sa2,124-0014 東京都葛飾区東四つ木３−４７−５,35.7294019,139.8397444
葛飾細田郵便局,https://map.japanpost.jp/p/search/dtl/300100562000/?&cond2=1&cond200=1&&his=sa2,124-0021 東京都葛飾区細田３−２８−５,35.7410886,139.8712769
赤羽郵便局,https://map.japanpost.jp/p/search/dtl/300101017000/?&cond2=1&cond200=1&&his=sa2,115-8799 東京都北区赤羽南１−１２−１０,35.7772456,139.7238208
王子郵便局,https://map.japanpost.jp/p/search/dtl/300100244000/?&cond2=1&cond200=1&&his=sa2,114-8799 東京都北区王子６−２−２８,35.7609728,139.7405842
赤羽岩淵駅前郵便局,https://map.japanpost.jp/p/search/dtl/300101339000/?&cond2=1&cond200=1&&his=sa2,115-0045 東京都北区赤羽１−５５−９,35.7831578,139.7210772
赤羽駅前郵便局,https://map.japanpost.jp/p/search/dtl/300100673000/?&cond2=1&cond200=1&&his=sa2,115-0055 東京都北区赤羽西１−３３−１３,35.7777728,139.7176442
赤羽北二郵便局,https://map.japanpost.jp/p/search/dtl/300100052000/?&cond2=1&cond200=1&&his=sa2,115-0052 東京都北区赤羽北２−１３−１６,35.7848408,139.7073558
赤羽台郵便局,https://map.japanpost.jp/p/search/dtl/300100441000/?&cond2=1&cond200=1&&his=sa2,115-0053 東京都北区赤羽台２−４−５１,35.7777792,139.7138592
赤羽西二郵便局,https://map.japanpost.jp/p/search/dtl/300101289000/?&cond2=1&cond200=1&&his=sa2,115-0055 東京都北区赤羽西２−２−５,35.7722789,139.7215542
赤羽西四郵便局,https://map.japanpost.jp/p/search/dtl/300100024000/?&cond2=1&cond200=1&&his=sa2,115-0055 東京都北区赤羽西４−４４−１,35.7716117,139.7141414
赤羽西六郵便局,https://map.japanpost.jp/p/search/dtl/300100325000/?&cond2=1&cond200=1&&his=sa2,115-0055 東京都北区赤羽西６−１７−１３,35.7748419,139.7047756
赤羽二郵便局,https://map.japanpost.jp/p/search/dtl/300100644000/?&cond2=1&cond200=1&&his=sa2,115-0045 東京都北区赤羽２−９−２,35.7795981,139.725055
飛鳥山前郵便局,https://map.japanpost.jp/p/search/dtl/300101222000/?&cond2=1&cond200=1&&his=sa2,114-0023 東京都北区滝野川２−１−１０,35.7509347,139.7370011
王子五郵便局,https://map.japanpost.jp/p/search/dtl/300101337000/?&cond2=1&cond200=1&&his=sa2,114-0002 東京都北区王子５−１０−８,35.7655608,139.7358839
王子三郵便局,https://map.japanpost.jp/p/search/dtl/300100131000/?&cond2=1&cond200=1&&his=sa2,114-0002 東京都北区王子３−１１−１４,35.7594533,139.7370592
王子本町郵便局,https://map.japanpost.jp/p/search/dtl/300100892000/?&cond2=1&cond200=1&&his=sa2,114-0022 東京都北区王子本町１−２−１１,35.7527903,139.7349206
上十条郵便局,https://map.japanpost.jp/p/search/dtl/300101196000/?&cond2=1&cond200=1&&his=sa2,114-0034 東京都北区上十条１−２−１８,35.7583975,139.7257325
上十条四郵便局,https://map.japanpost.jp/p/search/dtl/300100144000/?&cond2=1&cond200=1&&his=sa2,114-0034 東京都北区上十条４−１７−８,35.7626294,139.7144222
北浮間二郵便局,https://map.japanpost.jp/p/search/dtl/300100598000/?&cond2=1&cond200=1&&his=sa2,115-0051 東京都北区浮間２−１０−１０,35.7909925,139.6988947
北浮間郵便局,https://map.japanpost.jp/p/search/dtl/300100355000/?&cond2=1&cond200=1&&his=sa2,115-0051 東京都北区浮間３−１９−１,35.7872397,139.6995003
北神谷郵便局,https://map.japanpost.jp/p/search/dtl/300100170000/?&cond2=1&cond200=1&&his=sa2,115-0043 東京都北区神谷２−１２−３,35.7700908,139.729635
北桐ケ丘郵便局,https://map.japanpost.jp/p/search/dtl/300100579000/?&cond2=1&cond200=1&&his=sa2,115-0054 東京都北区桐ケ丘２−７−２７,35.7794131,139.7078419
北志茂一郵便局,https://map.japanpost.jp/p/search/dtl/300100132000/?&cond2=1&cond200=1&&his=sa2,115-0042 東京都北区志茂１−３−９,35.7762733,139.7307264
北志茂郵便局,https://map.japanpost.jp/p/search/dtl/300101321000/?&cond2=1&cond200=1&&his=sa2,115-0042 東京都北区志茂４−５−１,35.7798047,139.7313186
北田端新町郵便局,https://map.japanpost.jp/p/search/dtl/300100302000/?&cond2=1&cond200=1&&his=sa2,114-0012 東京都北区田端新町２−１４−８,35.7404422,139.7641692
北田端郵便局,https://map.japanpost.jp/p/search/dtl/300101192000/?&cond2=1&cond200=1&&his=sa2,114-0014 東京都北区田端３−４−１０,35.7350039,139.7546064
北豊島三郵便局,https://map.japanpost.jp/p/search/dtl/300100228000/?&cond2=1&cond200=1&&his=sa2,114-0003 東京都北区豊島３−１７−２０,35.7619611,139.7472133
北豊島団地内郵便局,https://map.japanpost.jp/p/search/dtl/300100822000/?&cond2=1&cond200=1&&his=sa2,114-0003 東京都北区豊島５−５−５,35.7659403,139.7522156
北豊島二郵便局,https://map.japanpost.jp/p/search/dtl/300100307000/?&cond2=1&cond200=1&&his=sa2,114-0003 東京都北区豊島２−１−９,35.7563728,139.7417397
北堀船郵便局,https://map.japanpost.jp/p/search/dtl/300101167000/?&cond2=1&cond200=1&&his=sa2,114-0004 東京都北区堀船２−２−１８,35.7521958,139.7467817
十条仲原郵便局,https://map.japanpost.jp/p/search/dtl/300101278000/?&cond2=1&cond200=1&&his=sa2,114-0031 東京都北区十条仲原１−２２−１,35.7631461,139.7205611
滝野川三郵便局,https://map.japanpost.jp/p/search/dtl/300100872000/?&cond2=1&cond200=1&&his=sa2,114-0023 東京都北区滝野川３−７９−５,35.7513678,139.7283578
城東郵便局,https://map.japanpost.jp/p/search/dtl/300100287000/?&cond2=1&cond200=1&&his=sa2,136-8799 東京都江東区大島３−１５−２,35.6897569,139.82923
深川郵便局,https://map.japanpost.jp/p/search/dtl/300100211000/?&cond2=1&cond200=1&&his=sa2,135-8799 東京都江東区東陽４−４−２,35.6702731,139.8179392
イオン東雲内郵便局,https://map.japanpost.jp/p/search/dtl/300100641000/?&cond2=1&cond200=1&&his=sa2,135-0062 東京都江東区東雲１−９−１０（イオン東雲店２階）,35.6480517,139.8020033
亀戸駅前郵便局,https://map.japanpost.jp/p/search/dtl/300100589000/?&cond2=1&cond200=1&&his=sa2,136-0071 東京都江東区亀戸５−１−１（アトレ亀戸５階）,35.697755,139.8261631
江東永代郵便局,https://map.japanpost.jp/p/search/dtl/300100670000/?&cond2=1&cond200=1&&his=sa2,135-0034 東京都江東区永代１−１４−９,35.6762056,139.7906467
江東大島郵便局,https://map.japanpost.jp/p/search/dtl/300100261000/?&cond2=1&cond200=1&&his=sa2,136-0072 東京都江東区大島８−２２−８,35.6901322,139.8397408
江東亀戸一郵便局,https://map.japanpost.jp/p/search/dtl/300100330000/?&cond2=1&cond200=1&&his=sa2,136-0071 東京都江東区亀戸１−１７−６,35.6941653,139.8237439
江東亀戸七郵便局,https://map.japanpost.jp/p/search/dtl/300100369000/?&cond2=1&cond200=1&&his=sa2,136-0071 東京都江東区亀戸７−３８−５,35.6977622,139.8391861
江東亀戸郵便局,https://map.japanpost.jp/p/search/dtl/300100250000/?&cond2=1&cond200=1&&his=sa2,136-0071 東京都江東区亀戸３−６２−１２,35.7032058,139.8252383
江東亀戸六郵便局,https://map.japanpost.jp/p/search/dtl/300100259000/?&cond2=1&cond200=1&&his=sa2,136-0071 東京都江東区亀戸６−４２−３,35.6964892,139.8314467
江東北砂一郵便局,https://map.japanpost.jp/p/search/dtl/300100275000/?&cond2=1&cond200=1&&his=sa2,136-0073 東京都江東区北砂１−１１−１,35.6801222,139.8233297
江東北砂五郵便局,https://map.japanpost.jp/p/search/dtl/300100344000/?&cond2=1&cond200=1&&his=sa2,136-0073 東京都江東区北砂５−１９−２５−１０１,35.6848669,139.83607
江東北砂三郵便局,https://map.japanpost.jp/p/search/dtl/300100511000/?&cond2=1&cond200=1&&his=sa2,136-0073 東京都江東区北砂３−２０−９,35.6823611,139.8306186
江東北砂七郵便局,https://map.japanpost.jp/p/search/dtl/300100291000/?&cond2=1&cond200=1&&his=sa2,136-0073 東京都江東区北砂７−５−１５,35.6798058,139.8351228
江東木場郵便局,https://map.japanpost.jp/p/search/dtl/300100195000/?&cond2=1&cond200=1&&his=sa2,135-0042 東京都江東区木場1−５−９（深川ギャザリア レガーレ棟２階）,35.6677819,139.8042764
江東区文化センター内郵便局,https://map.japanpost.jp/p/search/dtl/300101394000/?&cond2=1&cond200=1&&his=sa2,135-0016 東京都江東区東陽４−１１−１,35.6723147,139.8188531
江東塩浜郵便局,https://map.japanpost.jp/p/search/dtl/300101508000/?&cond2=1&cond200=1&&his=sa2,135-0043 東京都江東区塩浜２−２３−２,35.6642183,139.8128975
江東潮見郵便局,https://map.japanpost.jp/p/search/dtl/300101564000/?&cond2=1&cond200=1&&his=sa2,135-0052 東京都江東区潮見１−２−１,35.6587081,139.8138089
江東白河郵便局,https://map.japanpost.jp/p/search/dtl/300100209000/?&cond2=1&cond200=1&&his=sa2,135-0021 東京都江東区白河４−１−５,35.6819164,139.8068861
江東新砂郵便局,https://map.japanpost.jp/p/search/dtl/300101354000/?&cond2=1&cond200=1&&his=sa2,137-8799 東京都江東区新砂２−４−２３,35.6606083,139.8243911
江東洲崎橋郵便局,https://map.japanpost.jp/p/search/dtl/300100298000/?&cond2=1&cond200=1&&his=sa2,135-0016 東京都江東区東陽３−２０−９,35.66891,139.8109086
江東住吉郵便局,https://map.japanpost.jp/p/search/dtl/300101193000/?&cond2=1&cond200=1&&his=sa2,135-0002 東京都江東区住吉２−３−９,35.6887319,139.8145181
江東千田郵便局,https://map.japanpost.jp/p/search/dtl/300100276000/?&cond2=1&cond200=1&&his=sa2,135-0013 東京都江東区千田２１−６,35.6815164,139.81624
江東辰巳郵便局,https://map.japanpost.jp/p/search/dtl/300100680000/?&cond2=1&cond200=1&&his=sa2,135-0053 東京都江東区辰巳１−９−４９,35.6500981,139.8093089
江東豊洲郵便局,https://map.japanpost.jp/p/search/dtl/300100178000/?&cond2=1&cond200=1&&his=sa2,135-0061 東京都江東区豊洲３−２−２０（豊洲フロント１F）,35.6570433,139.795835
江東東砂二郵便局,https://map.japanpost.jp/p/search/dtl/300100754000/?&cond2=1&cond200=1&&his=sa2,136-0074 東京都江東区東砂２−１３−１０−１０３,35.6853753,139.8427783
江東東砂八郵便局,https://map.japanpost.jp/p/search/dtl/300100784000/?&cond2=1&cond200=1&&his=sa2,136-0074 東京都江東区東砂８−１９−１３,35.6681244,139.8416869
江東東砂郵便局,https://map.japanpost.jp/p/search/dtl/300100187000/?&cond2=1&cond200=1&&his=sa2,136-0074 東京都江東区東砂３−１−１２,35.6778511,139.8404981
江東牡丹一郵便局,https://map.japanpost.jp/p/search/dtl/300100381000/?&cond2=1&cond200=1&&his=sa2,135-0046 東京都江東区牡丹１−２−１,35.6705111,139.7931661
江東牡丹郵便局,https://map.japanpost.jp/p/search/dtl/300100260000/?&cond2=1&cond200=1&&his=sa2,135-0046 東京都江東区牡丹３−８−３,35.6686792,139.7985625
品川郵便局,https://map.japanpost.jp/p/search/dtl/300101060000/?&cond2=1&cond200=1&&his=sa2,140-8799 東京都品川区東大井５−２３−３４,35.6050456,139.7362222
荏原郵便局,https://map.japanpost.jp/p/search/dtl/300100811000/?&cond2=1&cond200=1&&his=sa2,142-8799 東京都品川区西中延１−７−２３,35.6126828,139.7073333
大崎郵便局,https://map.japanpost.jp/p/search/dtl/300101299000/?&cond2=1&cond200=1&&his=sa2,141-8799 東京都品川区西五反田２−３２−７,35.6253292,139.7190097
大崎駅西口郵便局,https://map.japanpost.jp/p/search/dtl/300100124000/?&cond2=1&cond200=1&&his=sa2,141-0032 東京都品川区大崎２−１１−１（大崎ウィズタワー３階）,35.6172644,139.7296083
大崎駅前郵便局,https://map.japanpost.jp/p/search/dtl/300101153000/?&cond2=1&cond200=1&&his=sa2,141-0032 東京都品川区大崎１−６−４,35.6197208,139.7294867
大崎三郵便局,https://map.japanpost.jp/p/search/dtl/300100354000/?&cond2=1&cond200=1&&his=sa2,141-0032 東京都品川区大崎３−２０−１２,35.6173275,139.7231311
大森ベルポート郵便局,https://map.japanpost.jp/p/search/dtl/300101425000/?&cond2=1&cond200=1&&his=sa2,140-0013 東京都品川区南大井６−２６−３,35.5886833,139.7315931
北品川郵便局,https://map.japanpost.jp/p/search/dtl/300101080000/?&cond2=1&cond200=1&&his=sa2,140-0001 東京都品川区北品川１−２２−２０,35.6222992,139.7400078
ゲートシティ大崎郵便局,https://map.japanpost.jp/p/search/dtl/300101594000/?&cond2=1&cond200=1&&his=sa2,141-0032 東京都品川区大崎１−１１−１,35.6193747,139.7308228
品川大井三郵便局,https://map.japanpost.jp/p/search/dtl/300101341000/?&cond2=1&cond200=1&&his=sa2,140-0014 東京都品川区大井３−６−１３,35.6022825,139.7314328
品川大井七郵便局,https://map.japanpost.jp/p/search/dtl/300101174000/?&cond2=1&cond200=1&&his=sa2,140-0014 東京都品川区大井７−２７−９,35.5949183,139.7294456
品川区役所前郵便局,https://map.japanpost.jp/p/search/dtl/300101554000/?&cond2=1&cond200=1&&his=sa2,142-0043 東京都品川区二葉１−８−１８,35.6081567,139.7292042
品川小山五郵便局,https://map.japanpost.jp/p/search/dtl/300100300000/?&cond2=1&cond200=1&&his=sa2,142-0062 東京都品川区小山５−１６−１５,35.6152439,139.7021278
品川小山三郵便局,https://map.japanpost.jp/p/search/dtl/300100198000/?&cond2=1&cond200=1&&his=sa2,142-0062 東京都品川区小山３−８−１,35.6205206,139.7072442
品川御殿山郵便局,https://map.japanpost.jp/p/search/dtl/300101383000/?&cond2=1&cond200=1&&his=sa2,140-0001 東京都品川区北品川４−７−３５,35.6221547,139.7370022
品川鮫洲郵便局,https://map.japanpost.jp/p/search/dtl/300101416000/?&cond2=1&cond200=1&&his=sa2,140-0011 東京都品川区東大井１−６−９,35.6051678,139.7456028
品川水神郵便局,https://map.japanpost.jp/p/search/dtl/300101435000/?&cond2=1&cond200=1&&his=sa2,140-0013 東京都品川区南大井６−１２−６,35.5912028,139.7320597
品川洗足郵便局,https://map.japanpost.jp/p/search/dtl/300101208000/?&cond2=1&cond200=1&&his=sa2,142-0062 東京都品川区小山７−１６−４,35.609325,139.6959375
品川天王洲郵便局,https://map.japanpost.jp/p/search/dtl/300101516000/?&cond2=1&cond200=1&&his=sa2,140-0002 東京都品川区東品川２−３−１０−１１６,35.623165,139.7509653
品川戸越郵便局,https://map.japanpost.jp/p/search/dtl/300100034000/?&cond2=1&cond200=1&&his=sa2,142-0041 東京都品川区戸越４−９−１７,35.6107644,139.7190631
品川中延五郵便局,https://map.japanpost.jp/p/search/dtl/300100221000/?&cond2=1&cond200=1&&his=sa2,142-0053 東京都品川区中延５−５−１,35.6030839,139.7092103
品川中延三郵便局,https://map.japanpost.jp/p/search/dtl/300101248000/?&cond2=1&cond200=1&&his=sa2,142-0053 東京都品川区中延３−２−８,35.6091033,139.7118103
品川西大井五郵便局,https://map.japanpost.jp/p/search/dtl/300100109000/?&cond2=1&cond200=1&&his=sa2,140-0015 東京都品川区西大井５−１５−９,35.5984875,139.7196633
品川西大井二郵便局,https://map.japanpost.jp/p/search/dtl/300101215000/?&cond2=1&cond200=1&&his=sa2,140-0015 東京都品川区西大井２−１７−１６,35.5997322,139.7238428
品川西五反田六郵便局,https://map.japanpost.jp/p/search/dtl/300100637000/?&cond2=1&cond200=1&&his=sa2,141-0031 東京都品川区西五反田６−１５−６,35.6203264,139.7167931
品川旗の台郵便局,https://map.japanpost.jp/p/search/dtl/300101308000/?&cond2=1&cond200=1&&his=sa2,142-0064 東京都品川区旗の台2−7−7,35.6063708,139.7038572
品川東大井二郵便局,https://map.japanpost.jp/p/search/dtl/300101090000/?&cond2=1&cond200=1&&his=sa2,140-0011 東京都品川区東大井２−１２−１８,35.6019606,139.7400003
品川東五反田郵便局,https://map.japanpost.jp/p/search/dtl/300101101000/?&cond2=1&cond200=1&&his=sa2,141-0022 東京都品川区東五反田１−１８−１,35.6267708,139.7259978
品川平塚一郵便局,https://map.japanpost.jp/p/search/dtl/300101335000/?&cond2=1&cond200=1&&his=sa2,142-0051 東京都品川区平塚１−７−１８,35.6151578,139.7158544
品川二葉郵便局,https://map.japanpost.jp/p/search/dtl/300100197000/?&cond2=1&cond200=1&&his=sa2,142-0043 東京都品川区二葉２−４−２０,35.6049061,139.7256592
渋谷郵便局,https://map.japanpost.jp/p/search/dtl/300101041000/?&cond2=1&cond200=1&&his=sa2,150-8799 東京都渋谷区渋谷１−１２−１３,35.6602081,139.7039906
代々木郵便局,https://map.japanpost.jp/p/search/dtl/300101315000/?&cond2=1&cond200=1&&his=sa2,151-8799 東京都渋谷区西原１−４２−２,35.6768781,139.6823586
恵比寿駅ビル内郵便局,https://map.japanpost.jp/p/search/dtl/300101431000/?&cond2=1&cond200=1&&his=sa2,150-0022 東京都渋谷区恵比寿南１−５−５ アトレ６階,35.6463039,139.7105675
恵比寿駅前郵便局,https://map.japanpost.jp/p/search/dtl/300101220000/?&cond2=1&cond200=1&&his=sa2,150-0022 東京都渋谷区恵比寿南１−２−１１（フォーシーズンビル１階）,35.6462261,139.7080353
恵比寿ガーデンプレイス郵便局,https://map.japanpost.jp/p/search/dtl/300101547000/?&cond2=1&cond200=1&&his=sa2,150-6003 東京都渋谷区恵比寿４−２０−３（ＹＧＰタワー３階）,35.6422106,139.7134456
笹塚駅前郵便局,https://map.japanpost.jp/p/search/dtl/300100884000/?&cond2=1&cond200=1&&his=sa2,151-0073 東京都渋谷区笹塚１−４８−１４,35.6740778,139.6690486
渋谷青山通郵便局,https://map.japanpost.jp/p/search/dtl/300101108000/?&cond2=1&cond200=1&&his=sa2,150-0001 東京都渋谷区神宮前５−５２−２,35.6627175,139.7089478
渋谷上原郵便局,https://map.japanpost.jp/p/search/dtl/300101280000/?&cond2=1&cond200=1&&his=sa2,151-0064 東京都渋谷区上原１−３６−１３,35.6696153,139.682345
渋谷恵比寿郵便局,https://map.japanpost.jp/p/search/dtl/300101175000/?&cond2=1&cond200=1&&his=sa2,150-0013 東京都渋谷区恵比寿２−１０−７,35.6456983,139.7166647
渋谷桜丘郵便局,https://map.japanpost.jp/p/search/dtl/300100165000/?&cond2=1&cond200=1&&his=sa2,150-0031 東京都渋谷区桜丘町１２−６,35.6542833,139.7011183
渋谷笹塚郵便局,https://map.japanpost.jp/p/search/dtl/300101182000/?&cond2=1&cond200=1&&his=sa2,151-0073 東京都渋谷区笹塚２−２１−１,35.6739528,139.6646069
渋谷三郵便局,https://map.japanpost.jp/p/search/dtl/300101555000/?&cond2=1&cond200=1&&his=sa2,150-0002 東京都渋谷区渋谷３−２７−１５,35.65605,139.7046406
渋谷松濤郵便局,https://map.japanpost.jp/p/search/dtl/300101200000/?&cond2=1&cond200=1&&his=sa2,150-0046 東京都渋谷区松濤１−２９−２４,35.6601692,139.6951108
渋谷神宮前郵便局,https://map.japanpost.jp/p/search/dtl/300100351000/?&cond2=1&cond200=1&&his=sa2,150-0001 東京都渋谷区神宮前２−１８−１４,35.6727067,139.7094417
渋谷神南郵便局,https://map.japanpost.jp/p/search/dtl/300101236000/?&cond2=1&cond200=1&&his=sa2,150-0041 東京都渋谷区神南１−２１−１,35.6620158,139.7005847
渋谷千駄ケ谷郵便局,https://map.japanpost.jp/p/search/dtl/300101093000/?&cond2=1&cond200=1&&his=sa2,151-0051 東京都渋谷区千駄ヶ谷１−２３−７,35.6794314,139.7081644
渋谷代官山郵便局,https://map.japanpost.jp/p/search/dtl/300101349000/?&cond2=1&cond200=1&&his=sa2,150-0033 東京都渋谷区猿楽町２３−３,35.6489539,139.7019131
渋谷中央街郵便局,https://map.japanpost.jp/p/search/dtl/300101498000/?&cond2=1&cond200=1&&his=sa2,150-0043 東京都渋谷区道玄坂１−１０−２,35.6573556,139.6990017
渋谷富ケ谷一郵便局,https://map.japanpost.jp/p/search/dtl/300101219000/?&cond2=1&cond200=1&&his=sa2,151-0063 東京都渋谷区富ヶ谷１−９−１７,35.6681044,139.6905133
渋谷富ケ谷二郵便局,https://map.japanpost.jp/p/search/dtl/300101207000/?&cond2=1&cond200=1&&his=sa2,151-0063 東京都渋谷区富ヶ谷２−１８−２２,35.6632958,139.6852847
渋谷道玄坂郵便局,https://map.japanpost.jp/p/search/dtl/300101231000/?&cond2=1&cond200=1&&his=sa2,150-0043 東京都渋谷区道玄坂１−１９−１３,35.6571692,139.6961608
渋谷幡ヶ谷郵便局,https://map.japanpost.jp/p/search/dtl/300101201000/?&cond2=1&cond200=1&&his=sa2,151-0072 東京都渋谷区幡ヶ谷２−５６−５,35.6777,139.6711181
渋谷橋郵便局,https://map.japanpost.jp/p/search/dtl/300101097000/?&cond2=1&cond200=1&&his=sa2,150-0012 東京都渋谷区広尾１−３−１５,35.6487789,139.7128731
渋谷東二郵便局,https://map.japanpost.jp/p/search/dtl/300101164000/?&cond2=1&cond200=1&&his=sa2,150-0011 東京都渋谷区東２−２２−１４,35.6539694,139.7083239
渋谷広尾郵便局,https://map.japanpost.jp/p/search/dtl/300101116000/?&cond2=1&cond200=1&&his=sa2,150-0012 東京都渋谷区広尾５−８−１８（広尾柴田ビル地下１階）,35.6483594,139.7208036
渋谷広尾四郵便局,https://map.japanpost.jp/p/search/dtl/300101317000/?&cond2=1&cond200=1&&his=sa2,150-0012 東京都渋谷区広尾４−１−２１,35.6563475,139.7180589
渋谷本町五郵便局,https://map.japanpost.jp/p/search/dtl/300100234000/?&cond2=1&cond200=1&&his=sa2,151-0071 東京都渋谷区本町５−４３−４,35.6833272,139.6753669
渋谷本町二郵便局,https://map.japanpost.jp/p/search/dtl/300101235000/?&cond2=1&cond200=1&&his=sa2,151-0071 東京都渋谷区本町２−３−１４,35.6840886,139.6845047
新宿駅南口郵便局,https://map.japanpost.jp/p/search/dtl/300101526000/?&cond2=1&cond200=1&&his=sa2,151-0053 東京都渋谷区代々木２−１０−８,35.687785,139.697795
神宮前六郵便局,https://map.japanpost.jp/p/search/dtl/300101115000/?&cond2=1&cond200=1&&his=sa2,150-0001 東京都渋谷区神宮前６−１２−２８,35.6666411,139.7050847
牛込郵便局,https://map.japanpost.jp/p/search/dtl/300101005000/?&cond2=1&cond200=1&&his=sa2,162-8799 東京都新宿区北山伏町１−５,35.6996986,139.7311481
新宿郵便局,https://map.japanpost.jp/p/search/dtl/300100253000/?&cond2=1&cond200=1&&his=sa2,163-8799 東京都新宿区西新宿１−８−８,35.6902792,139.6966886
新宿北郵便局,https://map.japanpost.jp/p/search/dtl/300100854000/?&cond2=1&cond200=1&&his=sa2,169-8799 東京都新宿区大久保３−１４−８,35.7073942,139.7085083
飯田橋駅東口郵便局,https://map.japanpost.jp/p/search/dtl/300100346000/?&cond2=1&cond200=1&&his=sa2,162-0822 東京都新宿区下宮比町３−２,35.7031531,139.7433442
牛込抜弁天郵便局,https://map.japanpost.jp/p/search/dtl/300101137000/?&cond2=1&cond200=1&&his=sa2,162-0055 東京都新宿区余丁町８−１５,35.6977206,139.7150186
牛込若松町郵便局,https://map.japanpost.jp/p/search/dtl/300101089000/?&cond2=1&cond200=1&&his=sa2,162-0056 東京都新宿区若松町６−９,35.6998931,139.7212675
北新宿三郵便局,https://map.japanpost.jp/p/search/dtl/300100306000/?&cond2=1&cond200=1&&his=sa2,169-0074 東京都新宿区北新宿３−９−６,35.7019533,139.6922431
ＫＤＤＩビル内郵便局,https://map.japanpost.jp/p/search/dtl/300100818000/?&cond2=1&cond200=1&&his=sa2,160-0023 東京都新宿区西新宿２−３−３,35.6874975,139.6947089
信濃町駅前郵便局,https://map.japanpost.jp/p/search/dtl/300101004000/?&cond2=1&cond200=1&&his=sa2,160-0012 東京都新宿区南元町１９,35.6796717,139.7200583
新大久保駅前郵便局,https://map.japanpost.jp/p/search/dtl/300101206000/?&cond2=1&cond200=1&&his=sa2,169-0073 東京都新宿区百人町１−１０−１０,35.7006842,139.6999836
新宿アイタウン郵便局,https://map.japanpost.jp/p/search/dtl/300101565000/?&cond2=1&cond200=1&&his=sa2,163-8012 東京都新宿区西新宿６−２１−１,35.6935514,139.6877711
新宿アイランド郵便局,https://map.japanpost.jp/p/search/dtl/300101574000/?&cond2=1&cond200=1&&his=sa2,163-1302 東京都新宿区西新宿６−５−１,35.6928983,139.6928064
新宿一郵便局,https://map.japanpost.jp/p/search/dtl/300101109000/?&cond2=1&cond200=1&&his=sa2,160-0022 東京都新宿区新宿１−１４−６,35.6892908,139.7101606
新宿大久保郵便局,https://map.japanpost.jp/p/search/dtl/300100262000/?&cond2=1&cond200=1&&his=sa2,169-0072 東京都新宿区大久保２−１３−１０,35.7020231,139.7061475
新宿小滝橋郵便局,https://map.japanpost.jp/p/search/dtl/300101267000/?&cond2=1&cond200=1&&his=sa2,169-0075 東京都新宿区高田馬場４−４０−１１,35.7098772,139.6949456
新宿改代町郵便局,https://map.japanpost.jp/p/search/dtl/300101587000/?&cond2=1&cond200=1&&his=sa2,162-0802 東京都新宿区改代町３−２,35.706595,139.7344619
新宿神楽坂郵便局,https://map.japanpost.jp/p/search/dtl/300100246000/?&cond2=1&cond200=1&&his=sa2,162-0825 東京都新宿区神楽坂４−１,35.7018772,139.7394097
新宿歌舞伎町郵便局,https://map.japanpost.jp/p/search/dtl/300101388000/?&cond2=1&cond200=1&&his=sa2,160-0021 東京都新宿区歌舞伎町２−４１−８,35.6979147,139.7022892
新宿上落合郵便局,https://map.japanpost.jp/p/search/dtl/300100226000/?&cond2=1&cond200=1&&his=sa2,161-0034 東京都新宿区上落合２−２３−１４,35.7130569,139.6868481
新宿区役所内郵便局,https://map.japanpost.jp/p/search/dtl/300101350000/?&cond2=1&cond200=1&&his=sa2,160-0021 東京都新宿区歌舞伎町１−４−１,35.6939592,139.7035847
新宿三郵便局,https://map.japanpost.jp/p/search/dtl/300100192000/?&cond2=1&cond200=1&&his=sa2,160-0022 東京都新宿区新宿３−１７−２３,35.6917961,139.7039006
新宿下落合三郵便局,https://map.japanpost.jp/p/search/dtl/300100074000/?&cond2=1&cond200=1&&his=sa2,161-0033 東京都新宿区下落合３−１８−５,35.7227883,139.7039647
新宿下落合四郵便局,https://map.japanpost.jp/p/search/dtl/300101580000/?&cond2=1&cond200=1&&his=sa2,161-0033 東京都新宿区下落合４−２６−６,35.7221253,139.6962478
新宿住吉郵便局,https://map.japanpost.jp/p/search/dtl/300100273000/?&cond2=1&cond200=1&&his=sa2,162-0065 東京都新宿区住吉町２−１３,35.69208,139.7211789
新宿諏訪町郵便局,https://map.japanpost.jp/p/search/dtl/300101221000/?&cond2=1&cond200=1&&his=sa2,169-0075 東京都新宿区高田馬場１−２９−１８,35.7108386,139.7043389
新宿センタービル内郵便局,https://map.japanpost.jp/p/search/dtl/300101432000/?&cond2=1&cond200=1&&his=sa2,163-0690 東京都新宿区西新宿１−２５−１,35.6915219,139.6955975
新宿第一生命ビル内郵便局,https://map.japanpost.jp/p/search/dtl/300100757000/?&cond2=1&cond200=1&&his=sa2,163-0701 東京都新宿区西新宿２−７−１,35.6916153,139.6910128
新宿天神郵便局,https://map.japanpost.jp/p/search/dtl/300100293000/?&cond2=1&cond200=1&&his=sa2,162-0808 東京都新宿区天神町２２−３,35.7052394,139.7311536
新宿戸山郵便局,https://map.japanpost.jp/p/search/dtl/300100789000/?&cond2=1&cond200=1&&his=sa2,162-0052 東京都新宿区戸山２−１０−１０１,35.7021178,139.7148992
新宿中落合郵便局,https://map.japanpost.jp/p/search/dtl/300100201000/?&cond2=1&cond200=1&&his=sa2,161-0032 東京都新宿区中落合３−１６−１４,35.7226947,139.6891172
荻窪郵便局,https://map.japanpost.jp/p/search/dtl/300100060000/?&cond2=1&cond200=1&&his=sa2,167-8799 東京都杉並区桃井２−３−２,35.7110889,139.6094081
杉並南郵便局,https://map.japanpost.jp/p/search/dtl/300100813000/?&cond2=1&cond200=1&&his=sa2,168-8799 東京都杉並区浜田山４−５−５,35.6815153,139.6339183
杉並郵便局,https://map.japanpost.jp/p/search/dtl/300101313000/?&cond2=1&cond200=1&&his=sa2,166-8799 東京都杉並区成田東４−３８−１４,35.6987214,139.6358444
阿佐谷駅前郵便局,https://map.japanpost.jp/p/search/dtl/300101218000/?&cond2=1&cond200=1&&his=sa2,166-0004 東京都杉並区阿佐谷南３−３５−８,35.704055,139.6359869
阿佐谷北三郵便局,https://map.japanpost.jp/p/search/dtl/300101328000/?&cond2=1&cond200=1&&his=sa2,166-0001 東京都杉並区阿佐谷北３−４０−１５,35.7118081,139.6299253
阿佐谷北六郵便局,https://map.japanpost.jp/p/search/dtl/300100044000/?&cond2=1&cond200=1&&his=sa2,166-0001 東京都杉並区阿佐谷北６−９−５,35.7129694,139.6389356
阿佐谷南三郵便局,https://map.japanpost.jp/p/search/dtl/300100033000/?&cond2=1&cond200=1&&his=sa2,166-0004 東京都杉並区阿佐谷南３−１３−６,35.7034061,139.6275728
井荻駅前郵便局,https://map.japanpost.jp/p/search/dtl/300100342000/?&cond2=1&cond200=1&&his=sa2,167-0023 東京都杉並区上井草１−２３−２３,35.7224428,139.6140456
荻窪川南郵便局,https://map.japanpost.jp/p/search/dtl/300100002000/?&cond2=1&cond200=1&&his=sa2,167-0051 東京都杉並区荻窪２−３１−７,35.697765,139.6177853
荻窪二郵便局,https://map.japanpost.jp/p/search/dtl/300100425000/?&cond2=1&cond200=1&&his=sa2,167-0051 東京都杉並区荻窪２−４−３１,35.6962517,139.6234425
荻窪四郵便局,https://map.japanpost.jp/p/search/dtl/300101185000/?&cond2=1&cond200=1&&his=sa2,167-0051 東京都杉並区荻窪４−２２−１１,35.702185,139.6225897
高円寺駅前郵便局,https://map.japanpost.jp/p/search/dtl/300100462000/?&cond2=1&cond200=1&&his=sa2,166-0002 東京都杉並区高円寺北２−２０−７,35.7071958,139.6505042
高円寺北三郵便局,https://map.japanpost.jp/p/search/dtl/300100042000/?&cond2=1&cond200=1&&his=sa2,166-0002 東京都杉並区高円寺北３−１０−６,35.7073675,139.6457581
高円寺中央通郵便局,https://map.japanpost.jp/p/search/dtl/300100017000/?&cond2=1&cond200=1&&his=sa2,166-0003 東京都杉並区高円寺南４−２−６,35.7023106,139.6540322
高円寺南三郵便局,https://map.japanpost.jp/p/search/dtl/300100163000/?&cond2=1&cond200=1&&his=sa2,166-0003 東京都杉並区高円寺南３−３７−２１,35.7026161,139.6478739
下井草南郵便局,https://map.japanpost.jp/p/search/dtl/300101452000/?&cond2=1&cond200=1&&his=sa2,167-0022 東京都杉並区下井草１−２５−１３,35.7156886,139.6299392
新高円寺駅前郵便局,https://map.japanpost.jp/p/search/dtl/300101245000/?&cond2=1&cond200=1&&his=sa2,166-0003 東京都杉並区高円寺南２−１６−３,35.6980189,139.6490906
杉並井草郵便局,https://map.japanpost.jp/p/search/dtl/300100457000/?&cond2=1&cond200=1&&his=sa2,167-0021 東京都杉並区井草２−２６−７,35.7276511,139.6205428
杉並和泉二郵便局,https://map.japanpost.jp/p/search/dtl/300100684000/?&cond2=1&cond200=1&&his=sa2,168-0063 東京都杉並区和泉２−３６−３,35.6746025,139.6515914
杉並和泉郵便局,https://map.japanpost.jp/p/search/dtl/300101281000/?&cond2=1&cond200=1&&his=sa2,168-0063 東京都杉並区和泉１−３１−６,35.6755025,139.6582275
杉並今川三郵便局,https://map.japanpost.jp/p/search/dtl/300100595000/?&cond2=1&cond200=1&&his=sa2,167-0035 東京都杉並区今川３−１４−１７,35.71606,139.6072772
杉並今川四郵便局,https://map.japanpost.jp/p/search/dtl/300100065000/?&cond2=1&cond200=1&&his=sa2,167-0035 東京都杉並区今川４−２０−７,35.7160267,139.5977689
杉並永福郵便局,https://map.japanpost.jp/p/search/dtl/300100046000/?&cond2=1&cond200=1&&his=sa2,168-0064 東京都杉並区永福２−５０−１９,35.6745911,139.642945
杉並上井草郵便局,https://map.japanpost.jp/p/search/dtl/300100241000/?&cond2=1&cond200=1&&his=sa2,167-0023 東京都杉並区上井草３−３１−２５,35.7242564,139.6040742
杉並上高井戸郵便局,https://map.japanpost.jp/p/search/dtl/300100377000/?&cond2=1&cond200=1&&his=sa2,168-0074 東京都杉並区上高井戸１−３０−５０,35.6726403,139.6106692
杉並久我山郵便局,https://map.japanpost.jp/p/search/dtl/300100164000/?&cond2=1&cond200=1&&his=sa2,168-0082 東京都杉並区久我山３−１８−１２,35.6872492,139.5985197
杉並桜上水郵便局,https://map.japanpost.jp/p/search/dtl/300100162000/?&cond2=1&cond200=1&&his=sa2,168-0073 東京都杉並区下高井戸１−２３−９,35.6689278,139.6328239
杉並四面道郵便局,https://map.japanpost.jp/p/search/dtl/300101327000/?&cond2=1&cond200=1&&his=sa2,167-0032 東京都杉並区天沼３−１２−４,35.7076614,139.6160961
杉並下井草郵便局,https://map.japanpost.jp/p/search/dtl/300100112000/?&cond2=1&cond200=1&&his=sa2,167-0022 東京都杉並区下井草３−３０−１４,35.7223764,139.6247389
杉並下高井戸郵便局,https://map.japanpost.jp/p/search/dtl/300101242000/?&cond2=1&cond200=1&&his=sa2,168-0073 東京都杉並区下高井戸１−４０−８,35.6697361,139.6250156
本所郵便局,https://map.japanpost.jp/p/search/dtl/300101001000/?&cond2=1&cond200=1&&his=sa2,130-8799 東京都墨田区太平４−２１−２,35.7026419,139.8177761
向島郵便局,https://map.japanpost.jp/p/search/dtl/300100788000/?&cond2=1&cond200=1&&his=sa2,131-8799 東京都墨田区東向島２−３２−２５,35.7197653,139.8172875
押上駅前郵便局,https://map.japanpost.jp/p/search/dtl/300100255000/?&cond2=1&cond200=1&&his=sa2,130-0002 東京都墨田区業平４−１７−１２,35.7089494,139.8146972
錦糸町駅前郵便局,https://map.japanpost.jp/p/search/dtl/300101583000/?&cond2=1&cond200=1&&his=sa2,130-0013 東京都墨田区錦糸３−２−１（アルカイースト３階）,35.6975142,139.8143567
錦糸町パルコ内郵便局,https://map.japanpost.jp/p/search/dtl/300100245000/?&cond2=1&cond200=1&&his=sa2,130-0022 東京都墨田区江東橋４−２７−１４ 錦糸町パルコ７階,35.6962828,139.8156083
墨田石原郵便局,https://map.japanpost.jp/p/search/dtl/300100345000/?&cond2=1&cond200=1&&his=sa2,130-0011 東京都墨田区石原３−２５−６,35.7011617,139.8036417
墨田菊川郵便局,https://map.japanpost.jp/p/search/dtl/300100256000/?&cond2=1&cond200=1&&his=sa2,130-0024 東京都墨田区菊川３−８−７,35.6883156,139.8071294
墨田京島一郵便局,https://map.japanpost.jp/p/search/dtl/300101117000/?&cond2=1&cond200=1&&his=sa2,131-0046 東京都墨田区京島１−２３−９,35.7164542,139.8191542
墨田京島郵便局,https://map.japanpost.jp/p/search/dtl/300101329000/?&cond2=1&cond200=1&&his=sa2,131-0046 東京都墨田区京島３−４７−３,35.7135614,139.8233675
墨田江東橋郵便局,https://map.japanpost.jp/p/search/dtl/300100218000/?&cond2=1&cond200=1&&his=sa2,130-0022 東京都墨田区江東橋１−７−１９,35.6951058,139.8106678
墨田白鬚郵便局,https://map.japanpost.jp/p/search/dtl/300101333000/?&cond2=1&cond200=1&&his=sa2,131-0032 東京都墨田区東向島４−９−４,35.7275131,139.8158475
墨田立花団地内郵便局,https://map.japanpost.jp/p/search/dtl/300100782000/?&cond2=1&cond200=1&&his=sa2,131-0043 東京都墨田区立花１−２６−２,35.7056906,139.8303744
墨田立花郵便局,https://map.japanpost.jp/p/search/dtl/300100289000/?&cond2=1&cond200=1&&his=sa2,131-0043 東京都墨田区立花５−２３−１−１０２,35.7112725,139.8298814
墨田二郵便局,https://map.japanpost.jp/p/search/dtl/300101044000/?&cond2=1&cond200=1&&his=sa2,131-0031 東京都墨田区墨田２−６−１０,35.7331431,139.816965
墨田緑町郵便局,https://map.japanpost.jp/p/search/dtl/300100299000/?&cond2=1&cond200=1&&his=sa2,130-0021 東京都墨田区緑１−１４−１２,35.6943267,139.8001489
墨田八広三郵便局,https://map.japanpost.jp/p/search/dtl/300100353000/?&cond2=1&cond200=1&&his=sa2,131-0041 東京都墨田区八広３−３２−１６,35.7186753,139.8286925
墨田八広四郵便局,https://map.japanpost.jp/p/search/dtl/300100102000/?&cond2=1&cond200=1&&his=sa2,131-0041 東京都墨田区八広４−５１−３,35.7230189,139.8308122
墨田横網郵便局,https://map.japanpost.jp/p/search/dtl/300100855000/?&cond2=1&cond200=1&&his=sa2,130-0015 東京都墨田区横網１−６−１（国際ファッションセンタービル２階）,35.698195,139.796925
墨田横川郵便局,https://map.japanpost.jp/p/search/dtl/300100292000/?&cond2=1&cond200=1&&his=sa2,130-0003 東京都墨田区横川４−７−３,35.7043133,139.8147417
墨田四郵便局,https://map.japanpost.jp/p/search/dtl/300100463000/?&cond2=1&cond200=1&&his=sa2,131-0031 東京都墨田区墨田４−５０−１,35.7305433,139.8244819
墨田両国三郵便局,https://map.japanpost.jp/p/search/dtl/300100280000/?&cond2=1&cond200=1&&his=sa2,130-0026 東京都墨田区両国３−７−３,35.6931372,139.7940222
東向島一郵便局,https://map.japanpost.jp/p/search/dtl/300101304000/?&cond2=1&cond200=1&&his=sa2,131-0032 東京都墨田区東向島１−４−８,35.7223908,139.8142364
東向島五郵便局,https://map.japanpost.jp/p/search/dtl/300100270000/?&cond2=1&cond200=1&&his=sa2,131-0032 東京都墨田区東向島５−１７−８,35.7262856,139.8216928
本所吾妻橋駅前郵便局,https://map.japanpost.jp/p/search/dtl/300101012000/?&cond2=1&cond200=1&&his=sa2,130-0001 東京都墨田区吾妻橋２−３−１３,35.7087758,139.80357
本所一郵便局,https://map.japanpost.jp/p/search/dtl/300100282000/?&cond2=1&cond200=1&&his=sa2,130-0004 東京都墨田区本所１−２５−７,35.7040153,139.7997856
向島四郵便局,https://map.japanpost.jp/p/search/dtl/300100219000/?&cond2=1&cond200=1&&his=sa2,131-0033 東京都墨田区向島４−２５−１６,35.7143792,139.8121014
成城郵便局,https://map.japanpost.jp/p/search/dtl/300100497000/?&cond2=1&cond200=1&&his=sa2,157-8799 東京都世田谷区成城８−３０−２５,35.6482036,139.5928942
世田谷郵便局,https://map.japanpost.jp/p/search/dtl/300101045000/?&cond2=1&cond200=1&&his=sa2,154-8799 東京都世田谷区三軒茶屋２−１−１,35.6401914,139.6677869
玉川郵便局,https://map.japanpost.jp/p/search/dtl/300100257000/?&cond2=1&cond200=1&&his=sa2,158-8799 東京都世田谷区等々力８−２２−１,35.6160558,139.6498747
千歳郵便局,https://map.japanpost.jp/p/search/dtl/300101172000/?&cond2=1&cond200=1&&his=sa2,156-8799 東京都世田谷区経堂１−４０−１,35.6493325,139.6323606
池ノ上駅前郵便局,https://map.japanpost.jp/p/search/dtl/300100036000/?&cond2=1&cond200=1&&his=sa2,155-0032 東京都世田谷区代沢２−４２−１１,35.6601161,139.6729592
梅ケ丘駅前郵便局,https://map.japanpost.jp/p/search/dtl/300100871000/?&cond2=1&cond200=1&&his=sa2,156-0043 東京都世田谷区松原６−２−９,35.6566533,139.6529278
尾山台駅前郵便局,https://map.japanpost.jp/p/search/dtl/300100184000/?&cond2=1&cond200=1&&his=sa2,158-0082 東京都世田谷区等々力５−５−１２,35.6074547,139.6537628
学芸大学前郵便局,https://map.japanpost.jp/p/search/dtl/300100037000/?&cond2=1&cond200=1&&his=sa2,154-0002 東京都世田谷区下馬６−３８−６,35.6335914,139.6785319
喜多見駅前郵便局,https://map.japanpost.jp/p/search/dtl/300100453000/?&cond2=1&cond200=1&&his=sa2,157-0067 東京都世田谷区喜多見９−１−１,35.637305,139.5888142
経堂駅前郵便局,https://map.japanpost.jp/p/search/dtl/300101283000/?&cond2=1&cond200=1&&his=sa2,156-0051 東京都世田谷区宮坂３−１１−７,35.6521522,139.6376042
豪徳寺駅前郵便局,https://map.japanpost.jp/p/search/dtl/300101348000/?&cond2=1&cond200=1&&his=sa2,154-0021 東京都世田谷区豪徳寺１−３８−６,35.6552322,139.6482083
三軒茶屋駅前郵便局,https://map.japanpost.jp/p/search/dtl/300101371000/?&cond2=1&cond200=1&&his=sa2,154-0004 東京都世田谷区太子堂４−２２−５,35.643915,139.6700469
新代田駅前郵便局,https://map.japanpost.jp/p/search/dtl/300100223000/?&cond2=1&cond200=1&&his=sa2,155-0033 東京都世田谷区代田５−２９−７,35.6622094,139.6604767
成城学園前郵便局,https://map.japanpost.jp/p/search/dtl/300101249000/?&cond2=1&cond200=1&&his=sa2,157-0066 東京都世田谷区成城６−１６−３０,35.6409175,139.5979844
世田谷赤堤二郵便局,https://map.japanpost.jp/p/search/dtl/300100394000/?&cond2=1&cond200=1&&his=sa2,156-0044 東京都世田谷区赤堤２−４４−８,35.6596153,139.6433372
世田谷赤堤郵便局,https://map.japanpost.jp/p/search/dtl/300100035000/?&cond2=1&cond200=1&&his=sa2,156-0044 東京都世田谷区赤堤５−４３−１７,35.6658364,139.6388842
世田谷淡島郵便局,https://map.japanpost.jp/p/search/dtl/300101345000/?&cond2=1&cond200=1&&his=sa2,154-0001 東京都世田谷区池尻４−３８−１３,35.6547911,139.6738203
世田谷池尻郵便局,https://map.japanpost.jp/p/search/dtl/300101234000/?&cond2=1&cond200=1&&his=sa2,154-0001 東京都世田谷区池尻３−２８−５,35.6485033,139.6778872
世田谷一郵便局,https://map.japanpost.jp/p/search/dtl/300101019000/?&cond2=1&cond200=1&&his=sa2,154-0017 東京都世田谷区世田谷１−２５−８,35.6420144,139.6456986
世田谷梅丘郵便局,https://map.japanpost.jp/p/search/dtl/300101302000/?&cond2=1&cond200=1&&his=sa2,154-0022 東京都世田谷区梅丘３−１４−１６,35.6514972,139.6577086
世田谷大原郵便局,https://map.japanpost.jp/p/search/dtl/300101227000/?&cond2=1&cond200=1&&his=sa2,156-0041 東京都世田谷区大原２−１８−５,35.6708581,139.6591497
世田谷岡本郵便局,https://map.japanpost.jp/p/search/dtl/300101447000/?&cond2=1&cond200=1&&his=sa2,157-0076 東京都世田谷区岡本１−３０−７,35.6261528,139.6193828
世田谷奥沢郵便局,https://map.japanpost.jp/p/search/dtl/300101258000/?&cond2=1&cond200=1&&his=sa2,158-0083 東京都世田谷区奥沢２−１０−７,35.6046803,139.6717719
世田谷粕谷郵便局,https://map.japanpost.jp/p/search/dtl/300100466000/?&cond2=1&cond200=1&&his=sa2,157-0063 東京都世田谷区粕谷４−１３−１４,35.6632686,139.6041925
世田谷鎌田郵便局,https://map.japanpost.jp/p/search/dtl/300100594000/?&cond2=1&cond200=1&&his=sa2,157-0077 東京都世田谷区鎌田２−２３−１０,35.6208081,139.6088478
世田谷上馬一郵便局,https://map.japanpost.jp/p/search/dtl/300100072000/?&cond2=1&cond200=1&&his=sa2,154-0011 東京都世田谷区上馬１−１５−１４,35.6382594,139.6677414
世田谷上馬郵便局,https://map.japanpost.jp/p/search/dtl/300101282000/?&cond2=1&cond200=1&&his=sa2,154-0011 東京都世田谷区上馬４−２−５,35.6347683,139.6631525
世田谷上祖師谷二郵便局,https://map.japanpost.jp/p/search/dtl/300100758000/?&cond2=1&cond200=1&&his=sa2,157-0065 東京都世田谷区上祖師谷２−７−１０,35.6576281,139.5994706
世田谷上祖師谷郵便局,https://map.japanpost.jp/p/search/dtl/300100437000/?&cond2=1&cond200=1&&his=sa2,157-0065 東京都世田谷区上祖師谷７−１６−８,35.6586831,139.5921022
世田谷上野毛郵便局,https://map.japanpost.jp/p/search/dtl/300100173000/?&cond2=1&cond200=1&&his=sa2,158-0093 東京都世田谷区上野毛１−３４−１５,35.6148594,139.6371389
浅草郵便局,https://map.japanpost.jp/p/search/dtl/300101010000/?&cond2=1&cond200=1&&his=sa2,111-8799 東京都台東区西浅草１−１−１,35.7101325,139.7909078
上野郵便局,https://map.japanpost.jp/p/search/dtl/300101009000/?&cond2=1&cond200=1&&his=sa2,110-8799 東京都台東区下谷１−５−１２,35.7188778,139.7810044
浅草橋郵便局,https://map.japanpost.jp/p/search/dtl/300100235000/?&cond2=1&cond200=1&&his=sa2,111-0053 東京都台東区浅草橋５−５−６,35.6999489,139.7806972
浅草四郵便局,https://map.japanpost.jp/p/search/dtl/300100311000/?&cond2=1&cond200=1&&his=sa2,111-0032 東京都台東区浅草４−４２−１,35.7187428,139.7964961
上野駅前郵便局,https://map.japanpost.jp/p/search/dtl/300100725000/?&cond2=1&cond200=1&&his=sa2,110-0005 東京都台東区上野６−１５−１,35.7105036,139.7757914
上野黒門郵便局,https://map.japanpost.jp/p/search/dtl/300101453000/?&cond2=1&cond200=1&&his=sa2,110-0005 東京都台東区上野３−１４−１,35.7051183,139.7728303
上野三郵便局,https://map.japanpost.jp/p/search/dtl/300101275000/?&cond2=1&cond200=1&&his=sa2,110-0005 東京都台東区上野３−２１−５,35.7062792,139.773945
上野七郵便局,https://map.japanpost.jp/p/search/dtl/300101063000/?&cond2=1&cond200=1&&his=sa2,110-0005 東京都台東区上野７−９−１５,35.7151231,139.7797967
雷門郵便局,https://map.japanpost.jp/p/search/dtl/300101191000/?&cond2=1&cond200=1&&his=sa2,111-0034 東京都台東区雷門２−２−８,35.7095717,139.7971822
くらまえ橋郵便局,https://map.japanpost.jp/p/search/dtl/300100837000/?&cond2=1&cond200=1&&his=sa2,111-0051 東京都台東区蔵前１−３−２７,35.7013569,139.7904247
下谷三郵便局,https://map.japanpost.jp/p/search/dtl/300101092000/?&cond2=1&cond200=1&&his=sa2,110-0004 東京都台東区下谷３−２０−７,35.7275144,139.7891903
下谷神社前郵便局,https://map.japanpost.jp/p/search/dtl/300101032000/?&cond2=1&cond200=1&&his=sa2,110-0015 東京都台東区東上野３−２９−８,35.7106433,139.7811108
台東一郵便局,https://map.japanpost.jp/p/search/dtl/300101546000/?&cond2=1&cond200=1&&his=sa2,110-0016 東京都台東区台東１−２３−５,35.7017081,139.7790361
台東入谷郵便局,https://map.japanpost.jp/p/search/dtl/300100194000/?&cond2=1&cond200=1&&his=sa2,110-0013 東京都台東区入谷１−１７−２,35.7205589,139.7849264
台東清川郵便局,https://map.japanpost.jp/p/search/dtl/300100217000/?&cond2=1&cond200=1&&his=sa2,111-0022 東京都台東区清川１−２８−４,35.7261506,139.804625
台東桜木郵便局,https://map.japanpost.jp/p/search/dtl/300101154000/?&cond2=1&cond200=1&&his=sa2,110-0002 東京都台東区上野桜木１−１０−１０,35.7202386,139.769725
台東三郵便局,https://map.japanpost.jp/p/search/dtl/300101076000/?&cond2=1&cond200=1&&his=sa2,110-0016 東京都台東区台東３−１２−５,35.7042881,139.7767383
台東聖天前郵便局,https://map.japanpost.jp/p/search/dtl/300100237000/?&cond2=1&cond200=1&&his=sa2,111-0032 東京都台東区浅草６−３４−８,35.7183958,139.8012589
台東千束郵便局,https://map.japanpost.jp/p/search/dtl/300100247000/?&cond2=1&cond200=1&&his=sa2,111-0031 東京都台東区千束１−１６−９,35.7194428,139.7919711
台東日本堤郵便局,https://map.japanpost.jp/p/search/dtl/300101103000/?&cond2=1&cond200=1&&his=sa2,111-0021 東京都台東区日本堤１−３１−７,35.7260061,139.7970917
台東根岸三郵便局,https://map.japanpost.jp/p/search/dtl/300101030000/?&cond2=1&cond200=1&&his=sa2,110-0003 東京都台東区根岸３−２−１０,35.7220975,139.7822744
台東根岸二郵便局,https://map.japanpost.jp/p/search/dtl/300101050000/?&cond2=1&cond200=1&&his=sa2,110-0003 東京都台東区根岸２−１８−１９,35.7248586,139.7780994
台東花川戸郵便局,https://map.japanpost.jp/p/search/dtl/300100679000/?&cond2=1&cond200=1&&his=sa2,111-0033 東京都台東区花川戸２−８−１,35.7146486,139.799195
台東松が谷郵便局,https://map.japanpost.jp/p/search/dtl/300100415000/?&cond2=1&cond200=1&&his=sa2,111-0036 東京都台東区松が谷１−２−１１,35.7111075,139.7873772
台東三筋郵便局,https://map.japanpost.jp/p/search/dtl/300100193000/?&cond2=1&cond200=1&&his=sa2,111-0055 東京都台東区三筋２−７−１１,35.7049547,139.7853494
台東谷中郵便局,https://map.japanpost.jp/p/search/dtl/300101134000/?&cond2=1&cond200=1&&his=sa2,110-0001 東京都台東区谷中２−５−２３,35.7213469,139.7644972
台東竜泉郵便局,https://map.japanpost.jp/p/search/dtl/300100331000/?&cond2=1&cond200=1&&his=sa2,110-0012 東京都台東区竜泉３−９−６,35.7247006,139.7922736
鳥越神社前郵便局,https://map.japanpost.jp/p/search/dtl/300101051000/?&cond2=1&cond200=1&&his=sa2,111-0053 東京都台東区浅草橋３−３３−６,35.7016142,139.7850806
仲御徒町郵便局,https://map.japanpost.jp/p/search/dtl/300101509000/?&cond2=1&cond200=1&&his=sa2,110-0005 東京都台東区上野５−１６−１２,35.705685,139.7753664
西浅草郵便局,https://map.japanpost.jp/p/search/dtl/300100281000/?&cond2=1&cond200=1&&his=sa2,111-0035 東京都台東区西浅草３−１２−１,35.71489,139.7903628
京橋郵便局（晴海郵便局京橋分室）,https://map.japanpost.jp/p/search/dtl/300101083000/?&cond2=1&cond200=1&&his=sa2,104-8799 東京都中央区築地４−２−２,35.6672364,139.7690767
ＩＢＭ箱崎ビル内郵便局,https://map.japanpost.jp/p/search/dtl/300101412000/?&cond2=1&cond200=1&&his=sa2,103-0015 東京都中央区日本橋箱崎町１９−２１,35.6795131,139.7865881
京橋月島郵便局,https://map.japanpost.jp/p/search/dtl/300101073000/?&cond2=1&cond200=1&&his=sa2,104-0052 東京都中央区月島４−１−１４,35.6618989,139.7817286
京橋通郵便局,https://map.japanpost.jp/p/search/dtl/300101272000/?&cond2=1&cond200=1&&his=sa2,104-0031 東京都中央区京橋２−４−１２（第一生命京橋キノテラス２階）,35.6766703,139.7697297
銀座一郵便局,https://map.japanpost.jp/p/search/dtl/300101598000/?&cond2=1&cond200=1&&his=sa2,104-0061 東京都中央区銀座１−２０−１４,35.6725994,139.7701847
銀座通郵便局,https://map.japanpost.jp/p/search/dtl/300101450000/?&cond2=1&cond200=1&&his=sa2,104-0061 東京都中央区銀座２−７−１８,35.6732856,139.7675569
銀座七郵便局,https://map.japanpost.jp/p/search/dtl/300101588000/?&cond2=1&cond200=1&&his=sa2,104-0061 東京都中央区銀座７−１５−５,35.6671142,139.7652267
銀座並木通郵便局,https://map.japanpost.jp/p/search/dtl/300101538000/?&cond2=1&cond200=1&&his=sa2,104-0061 東京都中央区銀座３−２−１０ ３階,35.6732683,139.7650075
銀座西郵便局,https://map.japanpost.jp/p/search/dtl/300101038000/?&cond2=1&cond200=1&&his=sa2,104-0061 東京都中央区銀座８−３先,35.6693458,139.7589994
銀座みゆき通郵便局,https://map.japanpost.jp/p/search/dtl/300101043000/?&cond2=1&cond200=1&&his=sa2,104-0061 東京都中央区銀座６−８−３（銀座尾張町ＴＯＷＥＲ４階）,35.6705714,139.7634203
銀座郵便局,https://map.japanpost.jp/p/search/dtl/200101016000/?&cond2=1&cond200=1&&his=sa2,100-8799 東京都中央区銀座８-２０-２６,35.6645042,139.7646803
銀座四郵便局,https://map.japanpost.jp/p/search/dtl/300101522000/?&cond2=1&cond200=1&&his=sa2,104-0061 東京都中央区銀座４−６−１１,35.6711606,139.7655069
小伝馬町郵便局,https://map.japanpost.jp/p/search/dtl/300101253000/?&cond2=1&cond200=1&&his=sa2,103-0001 東京都中央区日本橋小伝馬町１０−１０,35.6913972,139.7791889
新富郵便局,https://map.japanpost.jp/p/search/dtl/300101297000/?&cond2=1&cond200=1&&his=sa2,104-0041 東京都中央区新富１−１９−１,35.6732803,139.7757864
新日本橋駅前郵便局,https://map.japanpost.jp/p/search/dtl/300101558000/?&cond2=1&cond200=1&&his=sa2,103-0023 東京都中央区日本橋本町３−３−４,35.6886814,139.7739419
聖路加ガーデン内郵便局,https://map.japanpost.jp/p/search/dtl/300101559000/?&cond2=1&cond200=1&&his=sa2,104-0044 東京都中央区明石町８−１,35.6671964,139.7788228
中央勝どき三郵便局,https://map.japanpost.jp/p/search/dtl/300101545000/?&cond2=1&cond200=1&&his=sa2,104-0054 東京都中央区勝どき３−１３−１,35.6591656,139.7736592
中央勝どき郵便局,https://map.japanpost.jp/p/search/dtl/300101286000/?&cond2=1&cond200=1&&his=sa2,104-0054 東京都中央区勝どき１−７−１（勝どきサンスクェア２階）,35.6599461,139.7776619
中央新川二郵便局,https://map.japanpost.jp/p/search/dtl/300101437000/?&cond2=1&cond200=1&&his=sa2,104-0033 東京都中央区新川２−１５−１１,35.6746553,139.7837753
中央新川郵便局,https://map.japanpost.jp/p/search/dtl/300100238000/?&cond2=1&cond200=1&&his=sa2,104-0033 東京都中央区新川１−９−１１,35.6774581,139.7824531
中央新富二郵便局,https://map.japanpost.jp/p/search/dtl/300101028000/?&cond2=1&cond200=1&&his=sa2,104-0041 東京都中央区新富２−５−１,35.6718331,139.7738003
中央豊海郵便局,https://map.japanpost.jp/p/search/dtl/300100809000/?&cond2=1&cond200=1&&his=sa2,104-0055 東京都中央区豊海町５−１,35.6536881,139.7696897
中央人形町二郵便局,https://map.japanpost.jp/p/search/dtl/300101534000/?&cond2=1&cond200=1&&his=sa2,103-0013 東京都中央区日本橋人形町２−１５−１,35.6846075,139.7855686
中央八丁堀郵便局,https://map.japanpost.jp/p/search/dtl/300101084000/?&cond2=1&cond200=1&&his=sa2,104-0032 東京都中央区八丁堀２−９−１,35.6764331,139.7751614
中央浜町一郵便局,https://map.japanpost.jp/p/search/dtl/300100296000/?&cond2=1&cond200=1&&his=sa2,103-0007 東京都中央区日本橋浜町１−５−１,35.6898083,139.7867139
中央湊郵便局,https://map.japanpost.jp/p/search/dtl/300101118000/?&cond2=1&cond200=1&&his=sa2,104-0043 東京都中央区湊２−７−４,35.6714719,139.7791364
東京シティターミナル内郵便局,https://map.japanpost.jp/p/search/dtl/300101104000/?&cond2=1&cond200=1&&his=sa2,103-0015 東京都中央区日本橋箱崎町２２−１,35.6812575,139.7863742
日本橋大伝馬町郵便局,https://map.japanpost.jp/p/search/dtl/300101088000/?&cond2=1&cond200=1&&his=sa2,103-0011 東京都中央区日本橋大伝馬町１２−１,35.6901203,139.7808947
日本橋茅場町郵便局,https://map.japanpost.jp/p/search/dtl/300101512000/?&cond2=1&cond200=1&&his=sa2,103-0025 東京都中央区日本橋茅場町２−４−６,35.6786442,139.7782697
日本橋小網町郵便局,https://map.japanpost.jp/p/search/dtl/300101106000/?&cond2=1&cond200=1&&his=sa2,103-0016 東京都中央区日本橋小網町１１−５,35.6828211,139.7812253
東京中央郵便局（銀座郵便局ＪＰタワー内分室）,https://map.japanpost.jp/p/search/dtl/300101615000/?&cond2=1&cond200=1&&his=sa2,100-8994 東京都千代田区丸の内２−７−２,35.6800403,139.7646017
神田郵便局,https://map.japanpost.jp/p/search/dtl/300101008000/?&cond2=1&cond200=1&&his=sa2,101-8799 東京都千代田区神田淡路町２−１２,35.6975611,139.7686442
麹町郵便局,https://map.japanpost.jp/p/search/dtl/300101252000/?&cond2=1&cond200=1&&his=sa2,102-8799 東京都千代田区九段南４−５−９,35.6920731,139.7404811
秋葉原ＵＤＸ内郵便局,https://map.japanpost.jp/p/search/dtl/300100288000/?&cond2=1&cond200=1&&his=sa2,101-0021 東京都千代田区外神田４−１４−１（秋葉原ＵＤＸビル１階）,35.6997697,139.7724269
飯田橋郵便局,https://map.japanpost.jp/p/search/dtl/300100269000/?&cond2=1&cond200=1&&his=sa2,102-0071 東京都千代田区富士見２−１０−２,35.6993283,139.7436719
大手町ビル内郵便局,https://map.japanpost.jp/p/search/dtl/300100379000/?&cond2=1&cond200=1&&his=sa2,100-0004 東京都千代田区大手町１丁目６−１（大手町ビル１階）,35.6862733,139.7648414
大手町郵便局,https://map.japanpost.jp/p/search/dtl/300100755000/?&cond2=1&cond200=1&&his=sa2,100-0004 東京都千代田区大手町２−３−１,35.6866778,139.7669697
小川町駅前郵便局,https://map.japanpost.jp/p/search/dtl/300101024000/?&cond2=1&cond200=1&&his=sa2,101-0052 東京都千代田区神田小川町１−３−１,35.6945381,139.7659281
小川町郵便局,https://map.japanpost.jp/p/search/dtl/300101298000/?&cond2=1&cond200=1&&his=sa2,101-0052 東京都千代田区神田小川町３−２２,35.6961381,139.7620556
海事ビル内郵便局,https://map.japanpost.jp/p/search/dtl/300100891000/?&cond2=1&cond200=1&&his=sa2,102-0083 東京都千代田区麹町４−５,35.6833525,139.7368092
霞が関ビル内郵便局,https://map.japanpost.jp/p/search/dtl/300100210000/?&cond2=1&cond200=1&&his=sa2,100-6003 東京都千代田区霞が関３−２−５（霞が関ビル３階）,35.6710497,139.7467506
霞ヶ関郵便局,https://map.japanpost.jp/p/search/dtl/300100185000/?&cond2=1&cond200=1&&his=sa2,100-0013 東京都千代田区霞が関１−２−１,35.6744019,139.7517942
神田今川橋郵便局,https://map.japanpost.jp/p/search/dtl/300101128000/?&cond2=1&cond200=1&&his=sa2,101-0044 東京都千代田区鍛冶町１−７−１１,35.6905364,139.7718675
神田駅前郵便局,https://map.japanpost.jp/p/search/dtl/300100329000/?&cond2=1&cond200=1&&his=sa2,101-0046 東京都千代田区神田多町２−２−６,35.6934836,139.7696647
神田北神保町郵便局,https://map.japanpost.jp/p/search/dtl/300101077000/?&cond2=1&cond200=1&&his=sa2,101-0051 東京都千代田区神田神保町２−２,35.6961308,139.7572019
神田須田町郵便局,https://map.japanpost.jp/p/search/dtl/300100254000/?&cond2=1&cond200=1&&his=sa2,101-0041 東京都千代田区神田須田町２−８,35.6953886,139.7743389
神田駿河台郵便局,https://map.japanpost.jp/p/search/dtl/300101439000/?&cond2=1&cond200=1&&his=sa2,101-0062 東京都千代田区神田駿河台２−３−４５,35.7002133,139.7625397
神田錦町郵便局,https://map.japanpost.jp/p/search/dtl/300100188000/?&cond2=1&cond200=1&&his=sa2,101-0054 東京都千代田区神田錦町１−１７−４,35.6912197,139.7635758
神田南神保町郵便局,https://map.japanpost.jp/p/search/dtl/300101131000/?&cond2=1&cond200=1&&his=sa2,101-0051 東京都千代田区神田神保町１−１３,35.6951742,139.7585767
九段郵便局,https://map.japanpost.jp/p/search/dtl/300101023000/?&cond2=1&cond200=1&&his=sa2,102-0074 東京都千代田区九段南１−４−６,35.6951528,139.7526008
宮内庁内郵便局,https://map.japanpost.jp/p/search/dtl/300101203000/?&cond2=1&cond200=1&&his=sa2,100-0001 東京都千代田区千代田１−１,35.6837264,139.7536506
ＫＤＤＩ大手町ビル内郵便局,https://map.japanpost.jp/p/search/dtl/300101517000/?&cond2=1&cond200=1&&his=sa2,100-0004 東京都千代田区大手町１−８−１,35.6878825,139.7641786
麹町飯田橋通郵便局,https://map.japanpost.jp/p/search/dtl/300101034000/?&cond2=1&cond200=1&&his=sa2,102-0072 東京都千代田区飯田橋２−７−６,35.6993242,139.7491767
国会内郵便局,https://map.japanpost.jp/p/search/dtl/300100087000/?&cond2=1&cond200=1&&his=sa2,100-0014 東京都千代田区永田町１−７−１,35.6746047,139.7443314
最高裁判所内郵便局,https://map.japanpost.jp/p/search/dtl/300100838000/?&cond2=1&cond200=1&&his=sa2,102-0092 東京都千代田区隼町４−２,35.6800453,139.7426114
山王グランドビル内郵便局,https://map.japanpost.jp/p/search/dtl/300100067000/?&cond2=1&cond200=1&&his=sa2,100-0014 東京都千代田区永田町２−１４−２,35.6764767,139.7382256
山王パークタワー内郵便局,https://map.japanpost.jp/p/search/dtl/300101601000/?&cond2=1&cond200=1&&his=sa2,100-6190 東京都千代田区永田町２−１１−１,35.6732761,139.7403981
新御茶ノ水駅前郵便局,https://map.japanpost.jp/p/search/dtl/300101609000/?&cond2=1&cond200=1&&his=sa2,101-0062 東京都千代田区神田駿河台３−９,35.6963106,139.7646064
第一生命館内郵便局,https://map.japanpost.jp/p/search/dtl/300100066000/?&cond2=1&cond200=1&&his=sa2,100-0006 東京都千代田区有楽町１−１３−１,35.6757214,139.7603283
第二霞ケ関郵便局,https://map.japanpost.jp/p/search/dtl/300100620000/?&cond2=1&cond200=1&&his=sa2,100-0013 東京都千代田区霞が関２−１−２（中央合同庁舎２号館内）,35.6752294,139.750695
豊島郵便局,https://map.japanpost.jp/p/search/dtl/300101014000/?&cond2=1&cond200=1&&his=sa2,170-8799 東京都豊島区東池袋３−１８−１,35.7295367,139.7210522
池袋駅前郵便局,https://map.japanpost.jp/p/search/dtl/300100278000/?&cond2=1&cond200=1&&his=sa2,170-0013 東京都豊島区東池袋１−１７−１,35.7319444,139.7150344
池袋サンシャイン通郵便局,https://map.japanpost.jp/p/search/dtl/300101507000/?&cond2=1&cond200=1&&his=sa2,170-0013 東京都豊島区東池袋１−２０−３（ＭＡＫＩビル２階）,35.7308056,139.7155622
池袋本町三郵便局,https://map.japanpost.jp/p/search/dtl/300100643000/?&cond2=1&cond200=1&&his=sa2,170-0011 東京都豊島区池袋本町３−２３−５,35.7449092,139.7136256
池袋本町郵便局,https://map.japanpost.jp/p/search/dtl/300100285000/?&cond2=1&cond200=1&&his=sa2,170-0011 東京都豊島区池袋本町４−４−１４,35.7423436,139.7158953
池袋郵便局,https://map.japanpost.jp/p/search/dtl/300101152000/?&cond2=1&cond200=1&&his=sa2,171-0014 東京都豊島区池袋２−４０−１３,35.7333278,139.7089817
池袋四郵便局,https://map.japanpost.jp/p/search/dtl/300100312000/?&cond2=1&cond200=1&&his=sa2,171-0014 東京都豊島区池袋４−２５−１３,35.7374353,139.7112369
大塚駅前郵便局,https://map.japanpost.jp/p/search/dtl/300100258000/?&cond2=1&cond200=1&&his=sa2,170-0004 東京都豊島区北大塚２−２５−６,35.7333753,139.7290194
上池袋郵便局,https://map.japanpost.jp/p/search/dtl/300100438000/?&cond2=1&cond200=1&&his=sa2,170-0012 東京都豊島区上池袋１−９−８,35.7349139,139.7185678
駒込駅前郵便局,https://map.japanpost.jp/p/search/dtl/300101187000/?&cond2=1&cond200=1&&his=sa2,170-0003 東京都豊島区駒込１−４４−９,35.7360175,139.7464711
サンシャイン６０内郵便局,https://map.japanpost.jp/p/search/dtl/300100880000/?&cond2=1&cond200=1&&his=sa2,170-6090 東京都豊島区東池袋３−１−１,35.7294128,139.71775
巣鴨駅前郵便局,https://map.japanpost.jp/p/search/dtl/300100301000/?&cond2=1&cond200=1&&his=sa2,170-0002 東京都豊島区巣鴨２−９−７,35.7347144,139.7375414
巣鴨郵便局,https://map.japanpost.jp/p/search/dtl/300101407000/?&cond2=1&cond200=1&&his=sa2,170-0002 東京都豊島区巣鴨４−２６−１,35.7372272,139.7330081
雑司が谷郵便局,https://map.japanpost.jp/p/search/dtl/300101233000/?&cond2=1&cond200=1&&his=sa2,171-0032 東京都豊島区雑司が谷２−７−１４,35.7198214,139.7149572
東京芸術劇場郵便局,https://map.japanpost.jp/p/search/dtl/300101510000/?&cond2=1&cond200=1&&his=sa2,171-0021 東京都豊島区西池袋１−８−１,35.7299794,139.7079
豊島要町一郵便局,https://map.japanpost.jp/p/search/dtl/300100597000/?&cond2=1&cond200=1&&his=sa2,171-0043 東京都豊島区要町１−８−１６,35.7336772,139.6956558
豊島区役所前郵便局,https://map.japanpost.jp/p/search/dtl/300101393000/?&cond2=1&cond200=1&&his=sa2,171-0022 東京都豊島区南池袋２−３０−１７,35.7268133,139.7159744
豊島千川一郵便局,https://map.japanpost.jp/p/search/dtl/300100685000/?&cond2=1&cond200=1&&his=sa2,171-0041 東京都豊島区千川１−１４−８,35.7393622,139.6939556
豊島千川駅前郵便局,https://map.japanpost.jp/p/search/dtl/300100160000/?&cond2=1&cond200=1&&his=sa2,171-0043 東京都豊島区要町３−１１−４,35.7377733,139.6889417
豊島高田郵便局,https://map.japanpost.jp/p/search/dtl/300100143000/?&cond2=1&cond200=1&&his=sa2,171-0033 東京都豊島区高田３−４０−１２,35.7156214,139.7118183
豊島高松郵便局,https://map.japanpost.jp/p/search/dtl/300100113000/?&cond2=1&cond200=1&&his=sa2,171-0042 東京都豊島区高松１−１１−１３,35.7364775,139.7016769
豊島千早郵便局,https://map.japanpost.jp/p/search/dtl/300100023000/?&cond2=1&cond200=1&&his=sa2,171-0044 東京都豊島区千早２−２−８,35.731805,139.6928197
豊島長崎一郵便局,https://map.japanpost.jp/p/search/dtl/300101266000/?&cond2=1&cond200=1&&his=sa2,171-0051 東京都豊島区長崎１−１６−１６,35.7284161,139.6951114
豊島長崎六郵便局,https://map.japanpost.jp/p/search/dtl/300100596000/?&cond2=1&cond200=1&&his=sa2,171-0051 東京都豊島区長崎６−２０−１,35.7340544,139.6811514
豊島南大塚郵便局,https://map.japanpost.jp/p/search/dtl/300100332000/?&cond2=1&cond200=1&&his=sa2,170-0005 東京都豊島区南大塚１−４８−７,35.7290419,139.7318222
豊島南長崎郵便局,https://map.japanpost.jp/p/search/dtl/300101265000/?&cond2=1&cond200=1&&his=sa2,171-0052 東京都豊島区南長崎４−２７−５,35.7264975,139.6842311
豊島南長崎六郵便局,https://map.japanpost.jp/p/search/dtl/300100075000/?&cond2=1&cond200=1&&his=sa2,171-0052 東京都豊島区南長崎６−９−１２,35.7305683,139.6786125
西池袋郵便局,https://map.japanpost.jp/p/search/dtl/300101224000/?&cond2=1&cond200=1&&his=sa2,171-0021 東京都豊島区西池袋３−２２−１３,35.7302608,139.7065742
西巣鴨一郵便局,https://map.japanpost.jp/p/search/dtl/300100340000/?&cond2=1&cond200=1&&his=sa2,170-0001 東京都豊島区西巣鴨１−９−３,35.7378911,139.7230914
東池袋郵便局,https://map.japanpost.jp/p/search/dtl/300100202000/?&cond2=1&cond200=1&&his=sa2,170-0013 東京都豊島区東池袋５−１０−８,35.7257014,139.7220419
中野郵便局,https://map.japanpost.jp/p/search/dtl/300101139000/?&cond2=1&cond200=1&&his=sa2,164-8799 東京都中野区中野２−２７−１,35.7033219,139.6665256
落合郵便局,https://map.japanpost.jp/p/search/dtl/300101581000/?&cond2=1&cond200=1&&his=sa2,161-8799 東京都中野区東中野４−２７−２１,35.7108439,139.6879567
中野北郵便局,https://map.japanpost.jp/p/search/dtl/300100496000/?&cond2=1&cond200=1&&his=sa2,165-8799 東京都中野区丸山１−２８−１０,35.7257967,139.6541731
鷺ノ宮駅前郵便局,https://map.japanpost.jp/p/search/dtl/300100019000/?&cond2=1&cond200=1&&his=sa2,165-0032 東京都中野区鷺宮４−３４−８,35.7244203,139.6380744
新中野駅前郵便局,https://map.japanpost.jp/p/search/dtl/300101255000/?&cond2=1&cond200=1&&his=sa2,164-0011 東京都中野区中央５−６−２,35.6976608,139.6663033
中野新井郵便局,https://map.japanpost.jp/p/search/dtl/300101198000/?&cond2=1&cond200=1&&his=sa2,165-0026 東京都中野区新井１−３１−９,35.7127367,139.6675389
中野江古田三郵便局,https://map.japanpost.jp/p/search/dtl/300100020000/?&cond2=1&cond200=1&&his=sa2,165-0022 東京都中野区江古田３−１０−１,35.7262553,139.6677886
中野上高田一郵便局,https://map.japanpost.jp/p/search/dtl/300100040000/?&cond2=1&cond200=1&&his=sa2,164-0002 東京都中野区上高田１−３５−３,35.7088075,139.6751106
中野五郵便局,https://map.japanpost.jp/p/search/dtl/300101320000/?&cond2=1&cond200=1&&his=sa2,164-0001 東京都中野区中野５−５０−９,35.7097767,139.6666586
中野坂上郵便局,https://map.japanpost.jp/p/search/dtl/300101582000/?&cond2=1&cond200=1&&his=sa2,164-0012 東京都中野区本町１−３２−２,35.6963753,139.6829692
中野鷺宮北郵便局,https://map.japanpost.jp/p/search/dtl/300100619000/?&cond2=1&cond200=1&&his=sa2,165-0032 東京都中野区鷺宮２−５−９,35.7248767,139.6450072
中野鷺宮五郵便局,https://map.japanpost.jp/p/search/dtl/300100538000/?&cond2=1&cond200=1&&his=sa2,165-0032 東京都中野区鷺宮５−２３−８,35.7270375,139.6323167
中野サンクォーレ内郵便局,https://map.japanpost.jp/p/search/dtl/300100001000/?&cond2=1&cond200=1&&his=sa2,164-0001 東京都中野区中野４−３−１,35.7089211,139.6647475
中野新橋駅前郵便局,https://map.japanpost.jp/p/search/dtl/300100874000/?&cond2=1&cond200=1&&his=sa2,164-0012 東京都中野区本町３−２−５,35.6932317,139.6748722
中野中央一郵便局,https://map.japanpost.jp/p/search/dtl/300101202000/?&cond2=1&cond200=1&&his=sa2,164-0003 東京都中野区東中野１−９−１,35.7012086,139.6832331
中野沼袋郵便局,https://map.japanpost.jp/p/search/dtl/300101273000/?&cond2=1&cond200=1&&his=sa2,165-0025 東京都中野区沼袋３−２６−１２,35.719895,139.6630667
中野野方五郵便局,https://map.japanpost.jp/p/search/dtl/300100537000/?&cond2=1&cond200=1&&his=sa2,165-0027 東京都中野区野方５−３−１,35.7183364,139.6533456
中野本町五郵便局,https://map.japanpost.jp/p/search/dtl/300100142000/?&cond2=1&cond200=1&&his=sa2,164-0012 東京都中野区本町５−３３−１１,35.6931731,139.6690925
中野本町三郵便局,https://map.japanpost.jp/p/search/dtl/300100224000/?&cond2=1&cond200=1&&his=sa2,164-0012 東京都中野区本町３−３１−１０,35.6974392,139.6760414
中野丸山郵便局,https://map.japanpost.jp/p/search/dtl/300100337000/?&cond2=1&cond200=1&&his=sa2,165-0021 東京都中野区丸山１−２−６,35.7228911,139.6567342
中野南台二郵便局,https://map.japanpost.jp/p/search/dtl/300100321000/?&cond2=1&cond200=1&&his=sa2,164-0014 東京都中野区南台２−５１−１０,35.6856131,139.6693011
中野南台郵便局,https://map.japanpost.jp/p/search/dtl/300100157000/?&cond2=1&cond200=1&&his=sa2,164-0014 東京都中野区南台３−３７−８,35.6826881,139.6646094
中野大和町郵便局,https://map.japanpost.jp/p/search/dtl/300101246000/?&cond2=1&cond200=1&&his=sa2,165-0034 東京都中野区大和町１−６４−１,35.7098292,139.6499514
中野弥生郵便局,https://map.japanpost.jp/p/search/dtl/300101303000/?&cond2=1&cond200=1&&his=sa2,164-0013 東京都中野区弥生町１−１９−８,35.6904206,139.6790167
中野若宮郵便局,https://map.japanpost.jp/p/search/dtl/300101334000/?&cond2=1&cond200=1&&his=sa2,165-0033 東京都中野区若宮３−３７−１０,35.7208433,139.6448406
東中野郵便局,https://map.japanpost.jp/p/search/dtl/300100041000/?&cond2=1&cond200=1&&his=sa2,164-0003 東京都中野区東中野５−１１−１１,35.7083689,139.688765
富士見台駅前郵便局,https://map.japanpost.jp/p/search/dtl/300100316000/?&cond2=1&cond200=1&&his=sa2,165-0031 東京都中野区上鷺宮４−１６−１,35.7347506,139.6304594
練馬郵便局,https://map.japanpost.jp/p/search/dtl/300101179000/?&cond2=1&cond200=1&&his=sa2,176-8799 東京都練馬区豊玉北６−４−２,35.7353789,139.6526644
光が丘郵便局,https://map.japanpost.jp/p/search/dtl/300101470000/?&cond2=1&cond200=1&&his=sa2,179-8799 東京都練馬区光が丘２−９−７,35.7591172,139.6305294
大泉郵便局,https://map.japanpost.jp/p/search/dtl/300101442000/?&cond2=1&cond200=1&&his=sa2,178-8799 東京都練馬区大泉学園町４−２０−２３,35.7651125,139.5879822
石神井郵便局,https://map.japanpost.jp/p/search/dtl/300101190000/?&cond2=1&cond200=1&&his=sa2,177-8799 東京都練馬区石神井台３−３−７,35.7412319,139.5938775
上石神井郵便局,https://map.japanpost.jp/p/search/dtl/300100005000/?&cond2=1&cond200=1&&his=sa2,177-0044 東京都練馬区上石神井１−１３−１９,35.7257108,139.5915006
下石神井三郵便局,https://map.japanpost.jp/p/search/dtl/300100510000/?&cond2=1&cond200=1&&his=sa2,177-0042 東京都練馬区下石神井３−７−１,35.7329886,139.6066656
石神井公園駅前郵便局,https://map.japanpost.jp/p/search/dtl/300100540000/?&cond2=1&cond200=1&&his=sa2,177-0041 東京都練馬区石神井町３−２５−１１,35.7436406,139.6045322
石神井台六郵便局,https://map.japanpost.jp/p/search/dtl/300100724000/?&cond2=1&cond200=1&&his=sa2,177-0045 東京都練馬区石神井台６−１５−８,35.7383233,139.5824953
石神井四郵便局,https://map.japanpost.jp/p/search/dtl/300100674000/?&cond2=1&cond200=1&&his=sa2,177-0041 東京都練馬区石神井町４−２８−１３,35.7501756,139.6014261
練馬旭丘郵便局,https://map.japanpost.jp/p/search/dtl/300101295000/?&cond2=1&cond200=1&&his=sa2,176-0005 東京都練馬区旭丘１−７６−３,35.7369869,139.6722678
練馬旭町郵便局,https://map.japanpost.jp/p/search/dtl/300101364000/?&cond2=1&cond200=1&&his=sa2,179-0071 東京都練馬区旭町２−４３−１１,35.7717903,139.6311817
練馬大泉学園北郵便局,https://map.japanpost.jp/p/search/dtl/300100833000/?&cond2=1&cond200=1&&his=sa2,178-0061 東京都練馬区大泉学園町７−１５−２,35.7738436,139.5887717
練馬大泉学園郵便局,https://map.japanpost.jp/p/search/dtl/300100488000/?&cond2=1&cond200=1&&his=sa2,178-0061 東京都練馬区大泉学園町６−１１−４４,35.7692542,139.5868461
練馬大泉二郵便局,https://map.japanpost.jp/p/search/dtl/300100723000/?&cond2=1&cond200=1&&his=sa2,178-0062 東京都練馬区大泉町２−５１−１,35.7611108,139.6065036
練馬大泉四郵便局,https://map.japanpost.jp/p/search/dtl/300100762000/?&cond2=1&cond200=1&&his=sa2,178-0062 東京都練馬区大泉町４−２８−１３,35.7626875,139.5957683
練馬春日二郵便局,https://map.japanpost.jp/p/search/dtl/300101390000/?&cond2=1&cond200=1&&his=sa2,179-0074 東京都練馬区春日町２−７−３１,35.7538206,139.6469803
練馬春日南郵便局,https://map.japanpost.jp/p/search/dtl/300100649000/?&cond2=1&cond200=1&&his=sa2,179-0074 東京都練馬区春日町１−１２−３,35.7481353,139.6476333
練馬春日郵便局,https://map.japanpost.jp/p/search/dtl/300100374000/?&cond2=1&cond200=1&&his=sa2,179-0074 東京都練馬区春日町６−２−６,35.7515011,139.6377886
練馬上石神井北郵便局,https://map.japanpost.jp/p/search/dtl/300100600000/?&cond2=1&cond200=1&&his=sa2,177-0044 東京都練馬区上石神井４−８−９,35.730855,139.58825
練馬北町郵便局,https://map.japanpost.jp/p/search/dtl/300101087000/?&cond2=1&cond200=1&&his=sa2,179-0081 東京都練馬区北町１−３２−５,35.7669169,139.6646931
練馬小竹郵便局,https://map.japanpost.jp/p/search/dtl/300101400000/?&cond2=1&cond200=1&&his=sa2,176-0004 東京都練馬区小竹町２−４２−４,35.7433786,139.6761511
練馬桜台二郵便局,https://map.japanpost.jp/p/search/dtl/300100169000/?&cond2=1&cond200=1&&his=sa2,176-0002 東京都練馬区桜台２−１７−１３,35.7437561,139.6674214
練馬桜台郵便局,https://map.japanpost.jp/p/search/dtl/300100077000/?&cond2=1&cond200=1&&his=sa2,176-0011 東京都練馬区豊玉上２−２２−１４,35.7372339,139.6605353
練馬下石神井通郵便局,https://map.japanpost.jp/p/search/dtl/300100447000/?&cond2=1&cond200=1&&his=sa2,177-0044 東京都練馬区上石神井３−９−１,35.7323719,139.5992878
練馬関一郵便局,https://map.japanpost.jp/p/search/dtl/300100469000/?&cond2=1&cond200=1&&his=sa2,177-0053 東京都練馬区関町南１−６−１,35.7200097,139.5919478
練馬関町郵便局,https://map.japanpost.jp/p/search/dtl/300100116000/?&cond2=1&cond200=1&&his=sa2,177-0051 東京都練馬区関町北２−３−４,35.7232003,139.5747708
練馬高野台駅前郵便局,https://map.japanpost.jp/p/search/dtl/300100489000/?&cond2=1&cond200=1&&his=sa2,177-0033 東京都練馬区高野台１−７−３,35.7416214,139.6158478
練馬高野台郵便局,https://map.japanpost.jp/p/search/dtl/300100433000/?&cond2=1&cond200=1&&his=sa2,177-0033 東京都練馬区高野台５−３９−１１,35.7499339,139.6084789
練馬高松三郵便局,https://map.japanpost.jp/p/search/dtl/300100714000/?&cond2=1&cond200=1&&his=sa2,179-0075 東京都練馬区高松３−２１−１９,35.7511986,139.6276964
練馬高松郵便局,https://map.japanpost.jp/p/search/dtl/300100508000/?&cond2=1&cond200=1&&his=sa2,179-0075 東京都練馬区高松６−７−９,35.7576194,139.6183389
小石川郵便局,https://map.japanpost.jp/p/search/dtl/300101006000/?&cond2=1&cond200=1&&his=sa2,112-8799 東京都文京区小石川４−４−２,35.7136358,139.7423494
本郷郵便局,https://map.japanpost.jp/p/search/dtl/300101007000/?&cond2=1&cond200=1&&his=sa2,113-8799 東京都文京区本郷６−１−１５,35.7122556,139.7590344
御茶ノ水郵便局,https://map.japanpost.jp/p/search/dtl/300101046000/?&cond2=1&cond200=1&&his=sa2,113-0034 東京都文京区湯島１−５−４５,35.7006022,139.7643675
小石川一郵便局,https://map.japanpost.jp/p/search/dtl/300101079000/?&cond2=1&cond200=1&&his=sa2,112-0002 東京都文京区小石川１−２７−１,35.7149028,139.7506539
東京大学内郵便局,https://map.japanpost.jp/p/search/dtl/300100420000/?&cond2=1&cond200=1&&his=sa2,113-0033 東京都文京区本郷７−３−１,35.7107958,139.7662169
文京大塚五郵便局,https://map.japanpost.jp/p/search/dtl/300101168000/?&cond2=1&cond200=1&&his=sa2,112-0012 東京都文京区大塚５−７−１１,35.7248014,139.7301364
文京大塚三郵便局,https://map.japanpost.jp/p/search/dtl/300101171000/?&cond2=1&cond200=1&&his=sa2,112-0012 東京都文京区大塚３−３９−７,35.7218489,139.7383658
文京音羽郵便局,https://map.japanpost.jp/p/search/dtl/300101074000/?&cond2=1&cond200=1&&his=sa2,112-0013 東京都文京区音羽１−１５−１５,35.7158522,139.7294506
文京春日郵便局,https://map.japanpost.jp/p/search/dtl/300100153000/?&cond2=1&cond200=1&&his=sa2,112-0003 東京都文京区春日１−１６−２１,35.7082956,139.7522125
文京グリーンコート郵便局,https://map.japanpost.jp/p/search/dtl/300101524000/?&cond2=1&cond200=1&&his=sa2,113-0021 東京都文京区本駒込２−２８−８,35.7298872,139.7473731
文京水道郵便局,https://map.japanpost.jp/p/search/dtl/300101040000/?&cond2=1&cond200=1&&his=sa2,112-0005 東京都文京区水道２−１２−１６,35.7099458,139.7350511
文京関口一郵便局,https://map.japanpost.jp/p/search/dtl/300100900000/?&cond2=1&cond200=1&&his=sa2,112-0014 東京都文京区関口１−２３−６,35.7103228,139.7303425
文京千石郵便局,https://map.japanpost.jp/p/search/dtl/300101114000/?&cond2=1&cond200=1&&his=sa2,112-0011 東京都文京区千石４−３７−２０,35.7274461,139.7419881
文京千駄木三郵便局,https://map.japanpost.jp/p/search/dtl/300101156000/?&cond2=1&cond200=1&&his=sa2,113-0022 東京都文京区千駄木３−４１−３,35.7272192,139.7639222
文京千駄木四郵便局,https://map.japanpost.jp/p/search/dtl/300101120000/?&cond2=1&cond200=1&&his=sa2,113-0022 東京都文京区千駄木４−６−７,35.7311822,139.7598444
文京根津郵便局,https://map.japanpost.jp/p/search/dtl/300101049000/?&cond2=1&cond200=1&&his=sa2,113-0031 東京都文京区根津１−１７−１,35.7190089,139.7638722
文京白山上郵便局,https://map.japanpost.jp/p/search/dtl/300101151000/?&cond2=1&cond200=1&&his=sa2,113-0023 東京都文京区向丘１−９−１６,35.7215158,139.7534258
文京白山五郵便局,https://map.japanpost.jp/p/search/dtl/300100327000/?&cond2=1&cond200=1&&his=sa2,112-0001 東京都文京区白山５−１８−１１,35.7259631,139.7477119
文京白山下郵便局,https://map.japanpost.jp/p/search/dtl/300101082000/?&cond2=1&cond200=1&&his=sa2,113-0001 東京都文京区白山１−１１−８,35.7167556,139.75234
文京向丘二郵便局,https://map.japanpost.jp/p/search/dtl/300101105000/?&cond2=1&cond200=1&&his=sa2,113-0023 東京都文京区向丘２−３０−６,35.7235547,139.7553342
文京向丘郵便局,https://map.japanpost.jp/p/search/dtl/300101075000/?&cond2=1&cond200=1&&his=sa2,113-0023 東京都文京区向丘２−３−８,35.7179972,139.7583178
文京目白台一郵便局,https://map.japanpost.jp/p/search/dtl/300101062000/?&cond2=1&cond200=1&&his=sa2,112-0015 東京都文京区目白台１−２３−８,35.7149717,139.7246061
文京目白台二郵便局,https://map.japanpost.jp/p/search/dtl/300101183000/?&cond2=1&cond200=1&&his=sa2,112-0015 東京都文京区目白台２−１２−１,35.7183383,139.7217033
本駒込二郵便局,https://map.japanpost.jp/p/search/dtl/300100634000/?&cond2=1&cond200=1&&his=sa2,113-0021 東京都文京区本駒込２−２８−２９,35.7319011,139.7493397
本駒込郵便局,https://map.japanpost.jp/p/search/dtl/300101133000/?&cond2=1&cond200=1&&his=sa2,113-0021 東京都文京区本駒込３−２２−１,35.7281956,139.7524231
本郷五郵便局,https://map.japanpost.jp/p/search/dtl/300101039000/?&cond2=1&cond200=1&&his=sa2,113-0033 東京都文京区本郷５−９−７,35.71099,139.7553597
本郷三郵便局,https://map.japanpost.jp/p/search/dtl/300101132000/?&cond2=1&cond200=1&&his=sa2,113-0033 東京都文京区本郷３−２５−１３,35.7059681,139.7633281
本郷四郵便局,https://map.japanpost.jp/p/search/dtl/300100216000/?&cond2=1&cond200=1&&his=sa2,113-0033 東京都文京区本郷４−２−５,35.7076681,139.7596058
茗荷谷駅前郵便局,https://map.japanpost.jp/p/search/dtl/300101094000/?&cond2=1&cond200=1&&his=sa2,112-0012 東京都文京区大塚１−４−１,35.7183558,139.7355986
湯島二郵便局,https://map.japanpost.jp/p/search/dtl/300100577000/?&cond2=1&cond200=1&&his=sa2,113-0034 東京都文京区湯島２−２１−１（長谷川ビル２階）,35.7051875,139.7664003
赤坂郵便局,https://map.japanpost.jp/p/search/dtl/300101251000/?&cond2=1&cond200=1&&his=sa2,107-8799 東京都港区赤坂８−４−１７,35.6730653,139.7262322
芝郵便局,https://map.japanpost.jp/p/search/dtl/300101022000/?&cond2=1&cond200=1&&his=sa2,105-8799 東京都港区西新橋３−２２−５,35.6628522,139.7519411
高輪郵便局,https://map.japanpost.jp/p/search/dtl/300101070000/?&cond2=1&cond200=1&&his=sa2,108-8799 東京都港区三田３−８−６,35.6422025,139.7414406
アーク森ビル内郵便局,https://map.japanpost.jp/p/search/dtl/300101420000/?&cond2=1&cond200=1&&his=sa2,107-6003 東京都港区赤坂１−１２−３２,35.6668292,139.73983
赤坂通郵便局,https://map.japanpost.jp/p/search/dtl/300101472000/?&cond2=1&cond200=1&&his=sa2,107-0052 東京都港区赤坂２−６−２４,35.6731044,139.7385311
赤坂七郵便局,https://map.japanpost.jp/p/search/dtl/300101061000/?&cond2=1&cond200=1&&his=sa2,107-0052 東京都港区赤坂７−６−３８,35.6703681,139.7320294
赤坂一ツ木通郵便局,https://map.japanpost.jp/p/search/dtl/300101551000/?&cond2=1&cond200=1&&his=sa2,107-0052 東京都港区赤坂３−２０−６,35.6761294,139.7359256
麻布十番郵便局,https://map.japanpost.jp/p/search/dtl/300100576000/?&cond2=1&cond200=1&&his=sa2,106-0045 東京都港区麻布十番２−３−５,35.6554703,139.7353483
麻布台ヒルズ郵便局,https://map.japanpost.jp/p/search/dtl/300101003000/?&cond2=1&cond200=1&&his=sa2,106-0041 東京都港区麻布台１−３−１（麻布台ヒルズタワープラザ４階）,35.6607003,139.7407931
お台場海浜公園前郵便局,https://map.japanpost.jp/p/search/dtl/300101552000/?&cond2=1&cond200=1&&his=sa2,135-0091 東京都港区台場１−５−４−３０１（トミンハイム台場五番街 ３階）,35.630185,139.7779208
神谷町郵便局,https://map.japanpost.jp/p/search/dtl/300100832000/?&cond2=1&cond200=1&&his=sa2,105-0001 東京都港区虎ノ門４−２−１２,35.6641672,139.7455439
外苑前郵便局,https://map.japanpost.jp/p/search/dtl/300101096000/?&cond2=1&cond200=1&&his=sa2,107-0062 東京都港区南青山２−２７−２３,35.6691772,139.7164058
機械振興会館内郵便局,https://map.japanpost.jp/p/search/dtl/300100626000/?&cond2=1&cond200=1&&his=sa2,105-0011 東京都港区芝公園３−５−８,35.6596397,139.7453233
慶應義塾前郵便局,https://map.japanpost.jp/p/search/dtl/300101047000/?&cond2=1&cond200=1&&his=sa2,108-0014 東京都港区芝５−１３−１８,35.6495878,139.7451319
シーバンスＮ館内郵便局,https://map.japanpost.jp/p/search/dtl/300101474000/?&cond2=1&cond200=1&&his=sa2,105-0023 東京都港区芝浦１−２−１,35.6499631,139.7569003
汐留シティセンター郵便局,https://map.japanpost.jp/p/search/dtl/300101613000/?&cond2=1&cond200=1&&his=sa2,105-7190 東京都港区東新橋１−５−２（汐留シティセンタービル地下２階）,35.6653697,139.7609933
品川インターシティ郵便局,https://map.japanpost.jp/p/search/dtl/300101593000/?&cond2=1&cond200=1&&his=sa2,108-6101 東京都港区港南２−１５−２（品川インターシティＢ棟１階）,35.6261714,139.7420717
芝一郵便局,https://map.japanpost.jp/p/search/dtl/300101181000/?&cond2=1&cond200=1&&his=sa2,105-0014 東京都港区芝１−１１−１５,35.6507992,139.7540253
芝浦海岸通郵便局,https://map.japanpost.jp/p/search/dtl/300101027000/?&cond2=1&cond200=1&&his=sa2,108-0023 東京都港区芝浦４−１３−２３,35.6402225,139.7480258
芝公園郵便局,https://map.japanpost.jp/p/search/dtl/300101556000/?&cond2=1&cond200=1&&his=sa2,105-0011 東京都港区芝公園１−８−１２,35.6573678,139.7517544
芝三郵便局,https://map.japanpost.jp/p/search/dtl/300101048000/?&cond2=1&cond200=1&&his=sa2,105-0014 東京都港区芝３−４−１３（KIJビル1階）,35.6527942,139.7489542
芝大門郵便局,https://map.japanpost.jp/p/search/dtl/300100785000/?&cond2=1&cond200=1&&his=sa2,105-0012 東京都港区芝大門１−１−１３,35.6596122,139.7539503
新橋郵便局,https://map.japanpost.jp/p/search/dtl/300101002000/?&cond2=1&cond200=1&&his=sa2,105-0004 東京都港区新橋１−６−９,35.6671753,139.7612822
新橋四郵便局,https://map.japanpost.jp/p/search/dtl/300100189000/?&cond2=1&cond200=1&&his=sa2,105-0004 東京都港区新橋４−３０−６,35.6646167,139.7536556
世界貿易センター内郵便局,https://map.japanpost.jp/p/search/dtl/300100787000/?&cond2=1&cond200=1&&his=sa2,105-5103 東京都港区浜松町２−４−１（世界貿易センタービルディング南館３階）,35.6546081,139.7560997
泉岳寺駅前郵便局,https://map.japanpost.jp/p/search/dtl/300100820000/?&cond2=1&cond200=1&&his=sa2,108-0074 東京都港区高輪２−１５−１９,35.6363117,139.7385528
全特六本木ビル内郵便局,https://map.japanpost.jp/p/search/dtl/300101502000/?&cond2=1&cond200=1&&his=sa2,106-0032 東京都港区六本木１−７−２７,35.6638942,139.7390203
高輪台郵便局,https://map.japanpost.jp/p/search/dtl/300101186000/?&cond2=1&cond200=1&&his=sa2,108-0074 東京都港区高輪３−１０−２,35.631945,139.7313364
高輪二郵便局,https://map.japanpost.jp/p/search/dtl/300101013000/?&cond2=1&cond200=1&&his=sa2,108-0074 東京都港区高輪２−４−１０,35.6371831,139.7335889
東京ミッドタウン郵便局,https://map.japanpost.jp/p/search/dtl/300101523000/?&cond2=1&cond200=1&&his=sa2,107-6203 東京都港区赤坂９−７−１（ミッドタウンタワー3階）,35.6661161,139.7313353
目黒郵便局,https://map.japanpost.jp/p/search/dtl/300101214000/?&cond2=1&cond200=1&&his=sa2,152-8799 東京都目黒区目黒本町１−１５−１６,35.6277731,139.6938619
上目黒四郵便局,https://map.japanpost.jp/p/search/dtl/300101319000/?&cond2=1&cond200=1&&his=sa2,153-0051 東京都目黒区上目黒４−２１−１３,35.6417767,139.6907253
下目黒郵便局,https://map.japanpost.jp/p/search/dtl/300101065000/?&cond2=1&cond200=1&&his=sa2,153-0064 東京都目黒区下目黒３−２−３,35.6313114,139.7088931
中目黒駅前郵便局,https://map.japanpost.jp/p/search/dtl/300100382000/?&cond2=1&cond200=1&&his=sa2,153-0051 東京都目黒区上目黒２−１５−８,35.6422186,139.6974244
目黒大橋郵便局,https://map.japanpost.jp/p/search/dtl/300101305000/?&cond2=1&cond200=1&&his=sa2,153-0044 東京都目黒区大橋１−１０−１−１０３,35.6512508,139.6865111
目黒柿ノ木坂郵便局,https://map.japanpost.jp/p/search/dtl/300101325000/?&cond2=1&cond200=1&&his=sa2,152-0023 東京都目黒区八雲１−３−４,35.6189961,139.6746353
目黒駒場郵便局,https://map.japanpost.jp/p/search/dtl/300100295000/?&cond2=1&cond200=1&&his=sa2,153-0041 東京都目黒区駒場１−９−６,35.6577553,139.6864692
目黒五本木郵便局,https://map.japanpost.jp/p/search/dtl/300100071000/?&cond2=1&cond200=1&&his=sa2,153-0053 東京都目黒区五本木１−２２−５,35.6374489,139.6867892
目黒三郵便局,https://map.japanpost.jp/p/search/dtl/300101342000/?&cond2=1&cond200=1&&his=sa2,153-0063 東京都目黒区目黒３−１−２６,35.6358364,139.7059133
目黒自由が丘郵便局,https://map.japanpost.jp/p/search/dtl/300101310000/?&cond2=1&cond200=1&&his=sa2,152-0035 東京都目黒区自由が丘２−１１−１９,35.6079742,139.6671644
目黒鷹番郵便局,https://map.japanpost.jp/p/search/dtl/300101301000/?&cond2=1&cond200=1&&his=sa2,152-0003 東京都目黒区碑文谷６−１−２０,35.6271983,139.6845361
目黒中町郵便局,https://map.japanpost.jp/p/search/dtl/300101259000/?&cond2=1&cond200=1&&his=sa2,153-0065 東京都目黒区中町２−４８−３３,35.6350883,139.6923089
目黒原町郵便局,https://map.japanpost.jp/p/search/dtl/300100110000/?&cond2=1&cond200=1&&his=sa2,152-0012 東京都目黒区洗足１−１１−２０,35.6153408,139.6946261
目黒東山一郵便局,https://map.japanpost.jp/p/search/dtl/300100012000/?&cond2=1&cond200=1&&his=sa2,153-0043 東京都目黒区東山１−１−１,35.6483675,139.6924333
目黒東山二郵便局,https://map.japanpost.jp/p/search/dtl/300100404000/?&cond2=1&cond200=1&&his=sa2,153-0043 東京都目黒区東山２−１５−１７,35.6484481,139.6873167
目黒碑文谷二郵便局,https://map.japanpost.jp/p/search/dtl/300100370000/?&cond2=1&cond200=1&&his=sa2,152-0003 東京都目黒区碑文谷２−５−８,35.6218981,139.6894814
目黒碑文谷四郵便局,https://map.japanpost.jp/p/search/dtl/300100200000/?&cond2=1&cond200=1&&his=sa2,152-0003 東京都目黒区碑文谷４−１６−２,35.621645,139.6825906
目黒本町郵便局,https://map.japanpost.jp/p/search/dtl/300101204000/?&cond2=1&cond200=1&&his=sa2,152-0002 東京都目黒区目黒本町６−１２−１６,35.6214731,139.6956536
目黒三田郵便局,https://map.japanpost.jp/p/search/dtl/300100391000/?&cond2=1&cond200=1&&his=sa2,153-0062 東京都目黒区三田２−４−１０,35.6404578,139.71199
目黒緑が丘郵便局,https://map.japanpost.jp/p/search/dtl/300100125000/?&cond2=1&cond200=1&&his=sa2,152-0034 東京都目黒区緑が丘１−１９−６,35.6096192,139.6766803
目黒南三郵便局,https://map.japanpost.jp/p/search/dtl/300100039000/?&cond2=1&cond200=1&&his=sa2,152-0013 東京都目黒区南３−３−１１,35.6138158,139.6851817
目黒八雲二郵便局,https://map.japanpost.jp/p/search/dtl/300100364000/?&cond2=1&cond200=1&&his=sa2,152-0023 東京都目黒区八雲２−２４−１８,35.6175428,139.6686558
目黒八雲四郵便局,https://map.japanpost.jp/p/search/dtl/300100168000/?&cond2=1&cond200=1&&his=sa2,152-0023 東京都目黒区八雲４−２０−１４,35.6254333,139.6689492
目黒四郵便局,https://map.japanpost.jp/p/search/dtl/300100126000/?&cond2=1&cond200=1&&his=sa2,153-0063 東京都目黒区目黒４−９−１４,35.6318336,139.7028217
