0,1,2,Latitude,Longitude
芦原郵便局,https://map.japanpost.jp/p/search/dtl/300133048000/?&cond2=1&cond200=1&&his=sa2,910-4199 福井県あわら市二面４−５０２,36.2244947,136.198475
伊井簡易郵便局,https://map.japanpost.jp/p/search/dtl/300133730000/?&cond2=1&cond200=1&&his=sa2,919-0614 福井県あわら市伊井１５−４−１,36.19674,136.2435022
柿原簡易郵便局,https://map.japanpost.jp/p/search/dtl/300133725000/?&cond2=1&cond200=1&&his=sa2,919-0812 福井県あわら市柿原第４０−５,36.2357531,136.2369872
金津郵便局,https://map.japanpost.jp/p/search/dtl/300133004000/?&cond2=1&cond200=1&&his=sa2,919-0699 福井県あわら市市姫３−２２−１,36.2091889,136.2275867
北潟郵便局,https://map.japanpost.jp/p/search/dtl/300133095000/?&cond2=1&cond200=1&&his=sa2,910-4299 福井県あわら市北潟４１−２,36.2607056,136.2216181
坪江郵便局,https://map.japanpost.jp/p/search/dtl/300133054000/?&cond2=1&cond200=1&&his=sa2,919-0799 福井県あわら市中川１６−３,36.1968794,136.2714667
細呂木郵便局,https://map.japanpost.jp/p/search/dtl/300133110000/?&cond2=1&cond200=1&&his=sa2,919-0899 福井県あわら市滝６−２０−１,36.2432942,136.2581272
本荘郵便局,https://map.japanpost.jp/p/search/dtl/300133128000/?&cond2=1&cond200=1&&his=sa2,910-4137 福井県あわら市中番１１西町出３−５,36.2050078,136.1973281
吉崎郵便局,https://map.japanpost.jp/p/search/dtl/300133025000/?&cond2=1&cond200=1&&his=sa2,922-0679 福井県あわら市吉崎１−８０８,36.2893383,136.2521211
池田郵便局,https://map.japanpost.jp/p/search/dtl/300133088000/?&cond2=1&cond200=1&&his=sa2,910-2599 福井県今立郡池田町稲荷２８−７,35.8891192,136.3449036
角間郵便局,https://map.japanpost.jp/p/search/dtl/300133066000/?&cond2=1&cond200=1&&his=sa2,910-2535 福井県今立郡池田町菅生２６−１０−４,35.8575992,136.3070183
武生郵便局,https://map.japanpost.jp/p/search/dtl/300133083000/?&cond2=1&cond200=1&&his=sa2,915-8799 福井県越前市中央１−１０−３０,35.9014486,136.1579947
今立郵便局,https://map.japanpost.jp/p/search/dtl/300133002000/?&cond2=1&cond200=1&&his=sa2,915-0242 福井県越前市粟田部町２７−４１−１,35.9158708,136.2379536
王子保郵便局,https://map.japanpost.jp/p/search/dtl/300133122000/?&cond2=1&cond200=1&&his=sa2,915-0861 福井県越前市今宿町３−１３−５,35.8666614,136.1697028
大虫郵便局,https://map.japanpost.jp/p/search/dtl/300133137000/?&cond2=1&cond200=1&&his=sa2,915-0885 福井県越前市大虫町１４−４２−１,35.9015983,136.1350764
岡本郵便局,https://map.japanpost.jp/p/search/dtl/300133059000/?&cond2=1&cond200=1&&his=sa2,915-0233 福井県越前市岩本町１０−１５,35.9093831,136.2466844
北新庄郵便局,https://map.japanpost.jp/p/search/dtl/300133148000/?&cond2=1&cond200=1&&his=sa2,915-0004 福井県越前市北町４５−６１−５,35.9115228,136.2076997
五分市郵便局,https://map.japanpost.jp/p/search/dtl/300133091000/?&cond2=1&cond200=1&&his=sa2,915-0025 福井県越前市味真野町７−７−２４,35.8881297,136.2268878
芝原郵便局,https://map.japanpost.jp/p/search/dtl/300133215000/?&cond2=1&cond200=1&&his=sa2,915-0805 福井県越前市芝原５−１−１,35.9205733,136.1614928
白山郵便局,https://map.japanpost.jp/p/search/dtl/300133047000/?&cond2=1&cond200=1&&his=sa2,915-1211 福井県越前市堀町１５−１４−１,35.8833364,136.0526861
武生大山郵便局,https://map.japanpost.jp/p/search/dtl/300133075000/?&cond2=1&cond200=1&&his=sa2,915-0066 福井県越前市神明町３−１８,35.8979156,136.1669822
武生桂郵便局,https://map.japanpost.jp/p/search/dtl/300133073000/?&cond2=1&cond200=1&&his=sa2,915-0076 福井県越前市国府２−５−８,35.9067036,136.1662542
武生国高郵便局,https://map.japanpost.jp/p/search/dtl/300133184000/?&cond2=1&cond200=1&&his=sa2,915-0084 福井県越前市村国１−５−１８,35.9059956,136.1798528
武生塚町郵便局,https://map.japanpost.jp/p/search/dtl/300133027000/?&cond2=1&cond200=1&&his=sa2,915-0092 福井県越前市塚町１０４,35.9170725,136.1923233
武生月見郵便局,https://map.japanpost.jp/p/search/dtl/300133227000/?&cond2=1&cond200=1&&his=sa2,915-0852 福井県越前市松森町１５−８−２,35.8797011,136.1613439
武生常久町郵便局,https://map.japanpost.jp/p/search/dtl/300133211000/?&cond2=1&cond200=1&&his=sa2,915-0825 福井県越前市南１−１４−２０,35.8890194,136.1638714
武生天王郵便局,https://map.japanpost.jp/p/search/dtl/300133208000/?&cond2=1&cond200=1&&his=sa2,915-0068 福井県越前市天王町２−３１,35.9012211,136.1675933
武生八王子郵便局,https://map.japanpost.jp/p/search/dtl/300133230000/?&cond2=1&cond200=1&&his=sa2,915-0082 福井県越前市国高２−２６８,35.9092767,136.1879097
武生広瀬郵便局,https://map.japanpost.jp/p/search/dtl/300133146000/?&cond2=1&cond200=1&&his=sa2,915-0872 福井県越前市広瀬町１０９−１９−８,35.8872433,136.1387536
武生深草郵便局,https://map.japanpost.jp/p/search/dtl/300133192000/?&cond2=1&cond200=1&&his=sa2,915-0815 福井県越前市深草２−３−１,35.9051425,136.1599764
服間郵便局,https://map.japanpost.jp/p/search/dtl/300133112000/?&cond2=1&cond200=1&&his=sa2,915-0261 福井県越前市朽飯町6-12-1,35.9318258,136.2597797
吉野郵便局,https://map.japanpost.jp/p/search/dtl/300133182000/?&cond2=1&cond200=1&&his=sa2,915-0806 福井県越前市本保町21-22,35.9258781,136.1602992
大飯郵便局,https://map.japanpost.jp/p/search/dtl/300133018000/?&cond2=1&cond200=1&&his=sa2,919-2199 福井県大飯郡おおい町本郷１５６天神７−３,35.4827178,135.6167739
大島郵便局,https://map.japanpost.jp/p/search/dtl/300133172000/?&cond2=1&cond200=1&&his=sa2,919-2101 福井県大飯郡おおい町大島９０−１４−１,35.5255128,135.64263
奥名田郵便局,https://map.japanpost.jp/p/search/dtl/300133020000/?&cond2=1&cond200=1&&his=sa2,917-0386 福井県大飯郡おおい町名田庄口坂本３６−２−１,35.3991056,135.6135583
佐分利郵便局,https://map.japanpost.jp/p/search/dtl/300133102000/?&cond2=1&cond200=1&&his=sa2,919-2125 福井県大飯郡おおい町石山２０−３０−２,35.4498481,135.5618431
名田庄郵便局,https://map.japanpost.jp/p/search/dtl/300133046000/?&cond2=1&cond200=1&&his=sa2,917-0382 福井県大飯郡おおい町名田庄久坂２−３８,35.3994394,135.6803792
青郷郵便局,https://map.japanpost.jp/p/search/dtl/300133113000/?&cond2=1&cond200=1&&his=sa2,919-2384 福井県大飯郡高浜町青６−３５−３,35.4829708,135.4998911
内浦簡易郵便局,https://map.japanpost.jp/p/search/dtl/300133745000/?&cond2=1&cond200=1&&his=sa2,919-2351 福井県大飯郡高浜町山中第９７−１２−３,35.5182625,135.4691264
音海郵便局,https://map.japanpost.jp/p/search/dtl/300133094000/?&cond2=1&cond200=1&&his=sa2,919-2361 福井県大飯郡高浜町音海３３−３９,35.5375247,135.5081878
高浜郵便局,https://map.japanpost.jp/p/search/dtl/300133087000/?&cond2=1&cond200=1&&his=sa2,919-2299 福井県大飯郡高浜町宮崎８７−６−１０,35.4886917,135.5478211
和田郵便局,https://map.japanpost.jp/p/search/dtl/300133064000/?&cond2=1&cond200=1&&his=sa2,919-2201 福井県大飯郡高浜町和田１２２−３１−２,35.4924056,135.5782281
大野郵便局,https://map.japanpost.jp/p/search/dtl/300133082000/?&cond2=1&cond200=1&&his=sa2,912-8799 福井県大野市陽明町２−２１０,35.9906897,136.4979192
大野大橋簡易郵便局,https://map.japanpost.jp/p/search/dtl/300133710000/?&cond2=1&cond200=1&&his=sa2,912-0021 福井県大野市中野９高町２３,35.99212,136.4761136
大野春日郵便局,https://map.japanpost.jp/p/search/dtl/300133213000/?&cond2=1&cond200=1&&his=sa2,912-0053 福井県大野市春日３−２０−１８,35.972645,136.4973606
大野神明郵便局,https://map.japanpost.jp/p/search/dtl/300133168000/?&cond2=1&cond200=1&&his=sa2,912-0052 福井県大野市弥生町６−４,35.9814322,136.4962092
大野童子丸郵便局,https://map.japanpost.jp/p/search/dtl/300133231000/?&cond2=1&cond200=1&&his=sa2,912-0015 福井県大野市中挾１−１４０９,35.9855658,136.50333
大野中野郵便局,https://map.japanpost.jp/p/search/dtl/300133203000/?&cond2=1&cond200=1&&his=sa2,912-0025 福井県大野市本町７−２,35.9889167,136.4901536
大野元町郵便局,https://map.japanpost.jp/p/search/dtl/300133123000/?&cond2=1&cond200=1&&his=sa2,912-0081 福井県大野市元町８−１２,35.9847933,136.4906092
上庄郵便局,https://map.japanpost.jp/p/search/dtl/300133101000/?&cond2=1&cond200=1&&his=sa2,912-0415 福井県大野市稲郷２９−６−２,35.9500633,136.52357
阪谷郵便局,https://map.japanpost.jp/p/search/dtl/300133021000/?&cond2=1&cond200=1&&his=sa2,912-0149 福井県大野市伏石２５−１,35.9872172,136.5778644
下穴馬郵便局,https://map.japanpost.jp/p/search/dtl/300133042000/?&cond2=1&cond200=1&&his=sa2,912-0205 福井県大野市朝日１７−４−１,35.9058614,136.6670411
富田郵便局,https://map.japanpost.jp/p/search/dtl/300133117000/?&cond2=1&cond200=1&&his=sa2,912-0813 福井県大野市上野６９−５−１,35.9918239,136.5311642
六呂師高原簡易郵便局,https://map.japanpost.jp/p/search/dtl/300133721000/?&cond2=1&cond200=1&&his=sa2,912-0131 福井県大野市南六呂師第３９−１−２,36.0142761,136.5802178
小浜郵便局,https://map.japanpost.jp/p/search/dtl/300133086000/?&cond2=1&cond200=1&&his=sa2,917-8799 福井県小浜市一番町１−１,35.4996592,135.7457261
内外海郵便局,https://map.japanpost.jp/p/search/dtl/300133062000/?&cond2=1&cond200=1&&his=sa2,917-0107 福井県小浜市甲ケ崎１０−２１−４,35.5266628,135.7521444
遠敷郵便局,https://map.japanpost.jp/p/search/dtl/300133031000/?&cond2=1&cond200=1&&his=sa2,917-0241 福井県小浜市遠敷５−５２１,35.4818644,135.7794475
小浜今富郵便局,https://map.japanpost.jp/p/search/dtl/300133225000/?&cond2=1&cond200=1&&his=sa2,917-0024 福井県小浜市和久里９−１−２７,35.4882489,135.7601611
小浜大手町郵便局,https://map.japanpost.jp/p/search/dtl/300133125000/?&cond2=1&cond200=1&&his=sa2,917-0078 福井県小浜市大手町2-17,35.4953981,135.7457286
小浜住吉郵便局,https://map.japanpost.jp/p/search/dtl/300133167000/?&cond2=1&cond200=1&&his=sa2,917-0065 福井県小浜市小浜住吉８,35.4935042,135.7391958
小浜玉前郵便局,https://map.japanpost.jp/p/search/dtl/300133071000/?&cond2=1&cond200=1&&his=sa2,917-0061 福井県小浜市小浜玉前５５−３,35.4963786,135.7410761
小浜西津郵便局,https://map.japanpost.jp/p/search/dtl/300133028000/?&cond2=1&cond200=1&&his=sa2,917-0002 福井県小浜市北塩屋３−中道４−１,35.5157331,135.7533278
加斗郵便局,https://map.japanpost.jp/p/search/dtl/300133116000/?&cond2=1&cond200=1&&his=sa2,917-0045 福井県小浜市加斗３９−１４,35.4820883,135.6691289
口名田郵便局,https://map.japanpost.jp/p/search/dtl/300133063000/?&cond2=1&cond200=1&&his=sa2,917-0036 福井県小浜市中井２２−南本２０−１,35.4526089,135.7102092
新平野郵便局,https://map.japanpost.jp/p/search/dtl/300133061000/?&cond2=1&cond200=1&&his=sa2,917-0226 福井県小浜市平野２８−２７,35.4719439,135.8082183
田烏簡易郵便局,https://map.japanpost.jp/p/search/dtl/300133715000/?&cond2=1&cond200=1&&his=sa2,917-0101 福井県小浜市田烏第３６−３７,35.5367881,135.8353322
中名田郵便局,https://map.japanpost.jp/p/search/dtl/300133090000/?&cond2=1&cond200=1&&his=sa2,917-0355 福井県小浜市下田３３−１１−１,35.4282375,135.6678464
宮川郵便局,https://map.japanpost.jp/p/search/dtl/300133181000/?&cond2=1&cond200=1&&his=sa2,917-0223 福井県小浜市加茂１５−４１−１,35.4889839,135.8193839
