0,1,2,Latitude,Longitude
草津栗生郵便局,https://map.japanpost.jp/p/search/dtl/300104226000/?&cond2=1&cond200=1&&his=sa2,377-1711 群馬県吾妻郡草津町草津乙６５０,36.6182686,138.6270436
草津郵便局,https://map.japanpost.jp/p/search/dtl/300104022000/?&cond2=1&cond200=1&&his=sa2,377-1799 群馬県吾妻郡草津町草津２１−２,36.6199142,138.5967086
高山郵便局,https://map.japanpost.jp/p/search/dtl/300104069000/?&cond2=1&cond200=1&&his=sa2,377-0799 群馬県吾妻郡高山村中山１０３−４,36.6286486,138.9568622
中山簡易郵便局,https://map.japanpost.jp/p/search/dtl/300104812000/?&cond2=1&cond200=1&&his=sa2,377-0702 群馬県吾妻郡高山村中山３３７４,36.6216178,138.9421672
大笹郵便局,https://map.japanpost.jp/p/search/dtl/300104056000/?&cond2=1&cond200=1&&his=sa2,377-1699 群馬県吾妻郡嬬恋村大笹３９６−４,36.5050489,138.5083978
田代郵便局,https://map.japanpost.jp/p/search/dtl/300104173000/?&cond2=1&cond200=1&&his=sa2,377-1614 群馬県吾妻郡嬬恋村田代甲４９２,36.4884522,138.4514361
干俣簡易郵便局,https://map.japanpost.jp/p/search/dtl/300104843000/?&cond2=1&cond200=1&&his=sa2,377-1611 群馬県吾妻郡嬬恋村干俣１６３９−１,36.5323528,138.5015517
三原郵便局,https://map.japanpost.jp/p/search/dtl/300104067000/?&cond2=1&cond200=1&&his=sa2,377-1599 群馬県吾妻郡嬬恋村三原４０１,36.5334139,138.550195
中之条郵便局,https://map.japanpost.jp/p/search/dtl/300104013000/?&cond2=1&cond200=1&&his=sa2,377-0499 群馬県吾妻郡中之条町中之条町２０７５−３,36.5920153,138.8448267
伊参簡易郵便局,https://map.japanpost.jp/p/search/dtl/300104806000/?&cond2=1&cond200=1&&his=sa2,377-0432 群馬県吾妻郡中之条町五反田３５３４−２２,36.6217017,138.8355647
入山郵便局,https://map.japanpost.jp/p/search/dtl/300104180000/?&cond2=1&cond200=1&&his=sa2,377-1701 群馬県吾妻郡中之条町入山１５３０,36.6472875,138.6489381
六合郵便局,https://map.japanpost.jp/p/search/dtl/300104126000/?&cond2=1&cond200=1&&his=sa2,377-1704 群馬県吾妻郡中之条町小雨６７１−１,36.5954644,138.6272533
沢渡郵便局,https://map.japanpost.jp/p/search/dtl/300104052000/?&cond2=1&cond200=1&&his=sa2,377-0599 群馬県吾妻郡中之条町上沢渡２３２８,36.6233175,138.7640739
四万郵便局,https://map.japanpost.jp/p/search/dtl/300104051000/?&cond2=1&cond200=1&&his=sa2,377-0601 群馬県吾妻郡中之条町四万３８３１−１,36.6754903,138.7841525
下沢渡簡易郵便局,https://map.japanpost.jp/p/search/dtl/300104834000/?&cond2=1&cond200=1&&his=sa2,377-0542 群馬県吾妻郡中之条町下沢渡１１２５−１,36.6125644,138.7846844
中之条名久田郵便局,https://map.japanpost.jp/p/search/dtl/300104107000/?&cond2=1&cond200=1&&his=sa2,377-0417 群馬県吾妻郡中之条町赤坂２０７−１,36.6091189,138.8747469
応桑郵便局,https://map.japanpost.jp/p/search/dtl/300104065000/?&cond2=1&cond200=1&&his=sa2,377-1499 群馬県吾妻郡長野原町応桑８,36.5081672,138.5939381
川原湯簡易郵便局,https://map.japanpost.jp/p/search/dtl/300104860000/?&cond2=1&cond200=1&&his=sa2,377-1302 群馬県吾妻郡長野原町川原湯４５４-１１６,36.5513981,138.7109456
北軽井沢郵便局,https://map.japanpost.jp/p/search/dtl/300104209000/?&cond2=1&cond200=1&&his=sa2,377-1412 群馬県吾妻郡長野原町北軽井沢１９２４−１００６,36.4651944,138.5906611
長野原郵便局,https://map.japanpost.jp/p/search/dtl/300104035000/?&cond2=1&cond200=1&&his=sa2,377-1399 群馬県吾妻郡長野原町長野原１８４,36.5509703,138.6416042
吾妻本宿簡易郵便局,https://map.japanpost.jp/p/search/dtl/300104825000/?&cond2=1&cond200=1&&his=sa2,377-0933 群馬県吾妻郡東吾妻町本宿９０,36.5090603,138.7553425
厚田簡易郵便局,https://map.japanpost.jp/p/search/dtl/300104832000/?&cond2=1&cond200=1&&his=sa2,377-0812 群馬県吾妻郡東吾妻町厚田７１１−１,36.54368,138.7972622
岩下郵便局,https://map.japanpost.jp/p/search/dtl/300104040000/?&cond2=1&cond200=1&&his=sa2,377-0815 群馬県吾妻郡東吾妻町岩下１８５７−６,36.5567722,138.7724239
植栗簡易郵便局,https://map.japanpost.jp/p/search/dtl/300104824000/?&cond2=1&cond200=1&&his=sa2,377-0805 群馬県吾妻郡東吾妻町植栗１６０,36.5712997,138.8644431
大戸郵便局,https://map.japanpost.jp/p/search/dtl/300104058000/?&cond2=1&cond200=1&&his=sa2,377-0999 群馬県吾妻郡東吾妻町大戸２１１−３,36.5134381,138.7729114
箱島郵便局,https://map.japanpost.jp/p/search/dtl/300104068000/?&cond2=1&cond200=1&&his=sa2,377-0399 群馬県吾妻郡東吾妻町箱島甲７９５,36.5444486,138.9288133
原町郵便局,https://map.japanpost.jp/p/search/dtl/300104054000/?&cond2=1&cond200=1&&his=sa2,377-0899 群馬県吾妻郡東吾妻町原町４１０,36.5734736,138.8296192
安中郵便局,https://map.japanpost.jp/p/search/dtl/300104010000/?&cond2=1&cond200=1&&his=sa2,379-0199 群馬県安中市安中３−２４−７,36.3292508,138.8999881
秋間郵便局,https://map.japanpost.jp/p/search/dtl/300104113000/?&cond2=1&cond200=1&&his=sa2,379-0102 群馬県安中市東上秋間１５１３−２,36.3529,138.8583861
安中岩井郵便局,https://map.japanpost.jp/p/search/dtl/300104245000/?&cond2=1&cond200=1&&his=sa2,379-0112 群馬県安中市岩井五反田２４７１−１,36.3339375,138.929525
安中上野尻郵便局,https://map.japanpost.jp/p/search/dtl/300104236000/?&cond2=1&cond200=1&&his=sa2,379-0116 群馬県安中市安中１−１９−２,36.3234175,138.8873808
安中後閑郵便局,https://map.japanpost.jp/p/search/dtl/300104131000/?&cond2=1&cond200=1&&his=sa2,379-0107 群馬県安中市中後閑６９５−５,36.3303458,138.8348381
安中原市郵便局,https://map.japanpost.jp/p/search/dtl/300104060000/?&cond2=1&cond200=1&&his=sa2,379-0133 群馬県安中市原市１−１４−２３,36.3151842,138.8630364
安中東横野郵便局,https://map.japanpost.jp/p/search/dtl/300104207000/?&cond2=1&cond200=1&&his=sa2,379-0124 群馬県安中市鷺宮２３５７−８,36.2972833,138.878875
磯部郵便局,https://map.japanpost.jp/p/search/dtl/300104048000/?&cond2=1&cond200=1&&his=sa2,379-0127 群馬県安中市磯部１−１４−１６,36.299855,138.8487244
板鼻郵便局,https://map.japanpost.jp/p/search/dtl/300104027000/?&cond2=1&cond200=1&&his=sa2,379-0111 群馬県安中市板鼻２−６−８,36.3369394,138.9340772
郷原簡易郵便局,https://map.japanpost.jp/p/search/dtl/300104827000/?&cond2=1&cond200=1&&his=sa2,379-0135 群馬県安中市郷原５８９−１,36.3052842,138.8394367
九十九簡易郵便局,https://map.japanpost.jp/p/search/dtl/300104801000/?&cond2=1&cond200=1&&his=sa2,379-0214 群馬県安中市松井田町国衙９０−１,36.3241453,138.8160717
中野谷簡易郵便局,https://map.japanpost.jp/p/search/dtl/300104822000/?&cond2=1&cond200=1&&his=sa2,379-0125 群馬県安中市中野谷甲２３５３,36.2836181,138.8545556
西横野簡易郵便局,https://map.japanpost.jp/p/search/dtl/300104816000/?&cond2=1&cond200=1&&his=sa2,379-0224 群馬県安中市松井田町人見１０３６−３,36.2994386,138.8201781
細野郵便局,https://map.japanpost.jp/p/search/dtl/300104144000/?&cond2=1&cond200=1&&his=sa2,379-0216 群馬県安中市松井田町新井３７７−１,36.3461881,138.7781786
松井田下町郵便局,https://map.japanpost.jp/p/search/dtl/300104281000/?&cond2=1&cond200=1&&his=sa2,379-0222 群馬県安中市松井田町松井田６９５,36.3113531,138.8071097
松井田郵便局,https://map.japanpost.jp/p/search/dtl/300104019000/?&cond2=1&cond200=1&&his=sa2,379-0299 群馬県安中市松井田町新堀１３７４,36.3152492,138.7964936
横川郵便局,https://map.japanpost.jp/p/search/dtl/300104047000/?&cond2=1&cond200=1&&his=sa2,379-0301 群馬県安中市松井田町横川４０４−８,36.3367386,138.7350964
伊勢崎郵便局,https://map.japanpost.jp/p/search/dtl/300104009000/?&cond2=1&cond200=1&&his=sa2,372-8799 群馬県伊勢崎市曲輪町３６−２,36.3206333,139.1913589
赤堀郵便局,https://map.japanpost.jp/p/search/dtl/300104153000/?&cond2=1&cond200=1&&his=sa2,379-2211 群馬県伊勢崎市市場町１−３５−１,36.3767828,139.2275594
伊勢崎太田郵便局,https://map.japanpost.jp/p/search/dtl/300104287000/?&cond2=1&cond200=1&&his=sa2,372-0006 群馬県伊勢崎市太田町８９３,36.3337325,139.1890417
伊勢崎上泉郵便局,https://map.japanpost.jp/p/search/dtl/300104272000/?&cond2=1&cond200=1&&his=sa2,372-0045 群馬県伊勢崎市上泉町２４９−３,36.3137817,139.1931314
伊勢崎寿町郵便局,https://map.japanpost.jp/p/search/dtl/300104269000/?&cond2=1&cond200=1&&his=sa2,372-0052 群馬県伊勢崎市寿町１５０−２,36.3330631,139.1992044
伊勢崎山王郵便局,https://map.japanpost.jp/p/search/dtl/300104304000/?&cond2=1&cond200=1&&his=sa2,372-0831 群馬県伊勢崎市山王町６４−１,36.3035328,139.1885514
伊勢崎三和郵便局,https://map.japanpost.jp/p/search/dtl/300104286000/?&cond2=1&cond200=1&&his=sa2,372-0011 群馬県伊勢崎市三和町２１９５−３,36.3461758,139.2141972
伊勢崎田中郵便局,https://map.japanpost.jp/p/search/dtl/300104162000/?&cond2=1&cond200=1&&his=sa2,372-0814 群馬県伊勢崎市田中町６７４−３,36.3139678,139.1635542
伊勢崎中央町郵便局,https://map.japanpost.jp/p/search/dtl/300104147000/?&cond2=1&cond200=1&&his=sa2,372-0042 群馬県伊勢崎市中央町２９−２,36.3165372,139.2013219
伊勢崎富塚郵便局,https://map.japanpost.jp/p/search/dtl/300104292000/?&cond2=1&cond200=1&&his=sa2,372-0833 群馬県伊勢崎市富塚町２４３１,36.2774514,139.1978492
伊勢崎豊受郵便局,https://map.japanpost.jp/p/search/dtl/300104101000/?&cond2=1&cond200=1&&his=sa2,372-0842 群馬県伊勢崎市馬見塚町１８０３,36.2778519,139.2192947
伊勢崎豊城郵便局,https://map.japanpost.jp/p/search/dtl/300104243000/?&cond2=1&cond200=1&&his=sa2,372-0012 群馬県伊勢崎市豊城町１９６２−１,36.3307808,139.2220128
伊勢崎名和郵便局,https://map.japanpost.jp/p/search/dtl/300104137000/?&cond2=1&cond200=1&&his=sa2,372-0834 群馬県伊勢崎市堀口町１１２−４,36.2918667,139.1814897
伊勢崎東本町郵便局,https://map.japanpost.jp/p/search/dtl/300104177000/?&cond2=1&cond200=1&&his=sa2,372-0025 群馬県伊勢崎市東本町３７７−７,36.3195111,139.2069467
伊勢崎宮郷郵便局,https://map.japanpost.jp/p/search/dtl/300104320000/?&cond2=1&cond200=1&&his=sa2,372-0802 群馬県伊勢崎市田中島町１４２０−３,36.3263297,139.1657706
国定郵便局,https://map.japanpost.jp/p/search/dtl/300104090000/?&cond2=1&cond200=1&&his=sa2,379-2299 群馬県伊勢崎市国定町２−２０１６−５,36.3604511,139.2394292
境東町郵便局,https://map.japanpost.jp/p/search/dtl/300104240000/?&cond2=1&cond200=1&&his=sa2,370-0124 群馬県伊勢崎市境２６１−１,36.2722411,139.2571964
境伊与久郵便局,https://map.japanpost.jp/p/search/dtl/300104117000/?&cond2=1&cond200=1&&his=sa2,370-0105 群馬県伊勢崎市境伊与久５９４−７,36.2949903,139.2291172
境島村簡易郵便局,https://map.japanpost.jp/p/search/dtl/300104807000/?&cond2=1&cond200=1&&his=sa2,370-0134 群馬県伊勢崎市境島村２５６５,36.2460794,139.2481558
境下淵名郵便局,https://map.japanpost.jp/p/search/dtl/300104253000/?&cond2=1&cond200=1&&his=sa2,370-0103 群馬県伊勢崎市境下渕名２６７６−５,36.3049231,139.2455461
境町駅前郵便局,https://map.japanpost.jp/p/search/dtl/300104310000/?&cond2=1&cond200=1&&his=sa2,370-0116 群馬県伊勢崎市境百々東２−１４,36.2776578,139.2554158
境郵便局,https://map.japanpost.jp/p/search/dtl/300104016000/?&cond2=1&cond200=1&&his=sa2,370-0199 群馬県伊勢崎市境下武士３６０−２,36.2745828,139.2463131
東小保方郵便局,https://map.japanpost.jp/p/search/dtl/300104231000/?&cond2=1&cond200=1&&his=sa2,379-2234 群馬県伊勢崎市東小保方町３４６５−７,36.3283689,139.2481667
茂呂郵便局,https://map.japanpost.jp/p/search/dtl/300104135000/?&cond2=1&cond200=1&&his=sa2,372-0034 群馬県伊勢崎市茂呂町１−３４１３−１,36.3042439,139.2049639
板倉郵便局,https://map.japanpost.jp/p/search/dtl/300104029000/?&cond2=1&cond200=1&&his=sa2,374-0132 群馬県邑楽郡板倉町板倉１３１３,36.2206372,139.6162692
海老瀬簡易郵便局,https://map.japanpost.jp/p/search/dtl/300104828000/?&cond2=1&cond200=1&&his=sa2,374-0111 群馬県邑楽郡板倉町海老瀬８４８０,36.2139767,139.6377981
大箇野郵便局,https://map.japanpost.jp/p/search/dtl/300104220000/?&cond2=1&cond200=1&&his=sa2,374-0122 群馬県邑楽郡板倉町大高嶋１７１４−１,36.2055031,139.6187169
西谷田郵便局,https://map.japanpost.jp/p/search/dtl/300104219000/?&cond2=1&cond200=1&&his=sa2,374-0101 群馬県邑楽郡板倉町除川３８４−１,36.2608703,139.6220342
邑楽藤川郵便局,https://map.japanpost.jp/p/search/dtl/300104251000/?&cond2=1&cond200=1&&his=sa2,370-0605 群馬県邑楽郡邑楽町藤川１２９,36.2715553,139.4547786
中野郵便局,https://map.japanpost.jp/p/search/dtl/300104076000/?&cond2=1&cond200=1&&his=sa2,370-0603 群馬県邑楽郡邑楽町中野４６３２−４,36.2597656,139.4683058
長柄郵便局,https://map.japanpost.jp/p/search/dtl/300104218000/?&cond2=1&cond200=1&&his=sa2,370-0615 群馬県邑楽郡邑楽町篠塚１２８７−１,36.2396014,139.4566575
大泉郵便局,https://map.japanpost.jp/p/search/dtl/300104045000/?&cond2=1&cond200=1&&his=sa2,370-0599 群馬県邑楽郡大泉町中央３−２−１７,36.2572308,139.4183108
大泉坂田郵便局,https://map.japanpost.jp/p/search/dtl/300104296000/?&cond2=1&cond200=1&&his=sa2,370-0532 群馬県邑楽郡大泉町坂田２９０−１,36.258775,139.3968319
大泉吉田郵便局,https://map.japanpost.jp/p/search/dtl/300104293000/?&cond2=1&cond200=1&&his=sa2,370-0523 群馬県邑楽郡大泉町吉田１７７２−１１,36.2405767,139.4078542
西小泉郵便局,https://map.japanpost.jp/p/search/dtl/300104213000/?&cond2=1&cond200=1&&his=sa2,370-0517 群馬県邑楽郡大泉町西小泉２−１４−５,36.2557614,139.4112219
赤岩郵便局,https://map.japanpost.jp/p/search/dtl/300104078000/?&cond2=1&cond200=1&&his=sa2,370-0503 群馬県邑楽郡千代田町赤岩１７０６−４,36.2125083,139.4436936
富永郵便局,https://map.japanpost.jp/p/search/dtl/300104204000/?&cond2=1&cond200=1&&his=sa2,370-0725 群馬県邑楽郡千代田町上中森９０６−１,36.1974003,139.4712836
江黒郵便局,https://map.japanpost.jp/p/search/dtl/300104262000/?&cond2=1&cond200=1&&his=sa2,370-0702 群馬県邑楽郡明和町上江黒６３７,36.2123633,139.5608786
川俣郵便局,https://map.japanpost.jp/p/search/dtl/300104046000/?&cond2=1&cond200=1&&his=sa2,370-0716 群馬県邑楽郡明和町川俣２１６−１,36.1971022,139.51472
太田郵便局,https://map.japanpost.jp/p/search/dtl/300104005000/?&cond2=1&cond200=1&&his=sa2,373-8799 群馬県太田市飯田町９４８,36.2898269,139.3768431
生品郵便局,https://map.japanpost.jp/p/search/dtl/300104094000/?&cond2=1&cond200=1&&his=sa2,370-0314 群馬県太田市新田市野井町７−１,36.3044781,139.31052
太田飯田郵便局,https://map.japanpost.jp/p/search/dtl/300104290000/?&cond2=1&cond200=1&&his=sa2,373-0851 群馬県太田市飯田町７９４−２,36.2873575,139.3835403
太田宝郵便局,https://map.japanpost.jp/p/search/dtl/300104301000/?&cond2=1&cond200=1&&his=sa2,373-0042 群馬県太田市宝町５３８−１,36.2892042,139.3329278
太田鳥山郵便局,https://map.japanpost.jp/p/search/dtl/300104291000/?&cond2=1&cond200=1&&his=sa2,373-0063 群馬県太田市鳥山下町８７７−１０,36.3149378,139.3545339
太田西本町郵便局,https://map.japanpost.jp/p/search/dtl/300104189000/?&cond2=1&cond200=1&&his=sa2,373-0033 群馬県太田市西本町６−１２,36.2966481,139.3674106
太田浜町郵便局,https://map.japanpost.jp/p/search/dtl/300104263000/?&cond2=1&cond200=1&&his=sa2,373-0853 群馬県太田市浜町１９−１４,36.2914769,139.3717042
太田東本町郵便局,https://map.japanpost.jp/p/search/dtl/300104183000/?&cond2=1&cond200=1&&his=sa2,373-0026 群馬県太田市東本町４４−３６,36.2989344,139.3774456
太田福沢郵便局,https://map.japanpost.jp/p/search/dtl/300104306000/?&cond2=1&cond200=1&&his=sa2,373-0831 群馬県太田市福沢町３０４−３,36.2703894,139.3570869
太田竜舞郵便局,https://map.japanpost.jp/p/search/dtl/300104088000/?&cond2=1&cond200=1&&his=sa2,373-0806 群馬県太田市龍舞町２０８０−７,36.2813953,139.4112653
尾島郵便局,https://map.japanpost.jp/p/search/dtl/300104055000/?&cond2=1&cond200=1&&his=sa2,370-0499 群馬県太田市尾島町２６５−５,36.2602078,139.3234261
木崎郵便局,https://map.japanpost.jp/p/search/dtl/300104017000/?&cond2=1&cond200=1&&his=sa2,370-0399 群馬県太田市新田木崎町１３１８−１６,36.2839631,139.3046556
強戸郵便局,https://map.japanpost.jp/p/search/dtl/300104093000/?&cond2=1&cond200=1&&his=sa2,373-0007 群馬県太田市石橋町８４２,36.3314139,139.3389678
世良田郵便局,https://map.japanpost.jp/p/search/dtl/300104087000/?&cond2=1&cond200=1&&his=sa2,370-0426 群馬県太田市世良田町１３６９−３,36.2665058,139.2786978
高林郵便局,https://map.japanpost.jp/p/search/dtl/300104150000/?&cond2=1&cond200=1&&his=sa2,373-0861 群馬県太田市南矢島町679-1（太田都市計画事業東矢島土地区画整理事業103街区4番）,36.2630683,139.3794397
韮川郵便局,https://map.japanpost.jp/p/search/dtl/300104166000/?&cond2=1&cond200=1&&his=sa2,373-0801 群馬県太田市台之郷町１０６７−１,36.3080617,139.4003936
宝泉郵便局,https://map.japanpost.jp/p/search/dtl/300104190000/?&cond2=1&cond200=1&&his=sa2,373-0035 群馬県太田市藤久良町８０−１,36.2929017,139.3502783
毛里田郵便局,https://map.japanpost.jp/p/search/dtl/300104112000/?&cond2=1&cond200=1&&his=sa2,373-0016 群馬県太田市矢田堀町２６６−３,36.3361725,139.3836875
藪塚駅前郵便局,https://map.japanpost.jp/p/search/dtl/300104232000/?&cond2=1&cond200=1&&his=sa2,379-2301 群馬県太田市藪塚町１４３４−１,36.3574756,139.314405
藪塚本町郵便局,https://map.japanpost.jp/p/search/dtl/300104041000/?&cond2=1&cond200=1&&his=sa2,379-2399 群馬県太田市大原町６１０−１,36.3575861,139.2968208
綿打郵便局,https://map.japanpost.jp/p/search/dtl/300104167000/?&cond2=1&cond200=1&&his=sa2,370-0346 群馬県太田市新田上田中町７９２−１,36.3069847,139.2787569
