0,1,2,Latitude,Longitude
豊科郵便局,https://map.japanpost.jp/p/search/dtl/300111020000/?&cond2=1&cond200=1&&his=sa2,399-8299 長野県安曇野市豊科５７０８−２,36.3015164,137.9057278
穂高郵便局,https://map.japanpost.jp/p/search/dtl/300111040000/?&cond2=1&cond200=1&&his=sa2,399-8399 長野県安曇野市穂高５６１７−１,36.3441675,137.8827311
明科郵便局,https://map.japanpost.jp/p/search/dtl/300111130000/?&cond2=1&cond200=1&&his=sa2,399-7102 長野県安曇野市明科中川手３５２３,36.3525906,137.9279825
有明郵便局,https://map.japanpost.jp/p/search/dtl/300111259000/?&cond2=1&cond200=1&&his=sa2,399-8301 長野県安曇野市穂高有明１７１６−１８,36.3615119,137.8565994
小倉郵便局,https://map.japanpost.jp/p/search/dtl/300111342000/?&cond2=1&cond200=1&&his=sa2,399-8103 長野県安曇野市三郷小倉３４８２,36.2582597,137.8478564
烏川郵便局,https://map.japanpost.jp/p/search/dtl/300111404000/?&cond2=1&cond200=1&&his=sa2,399-8211 長野県安曇野市堀金烏川１７３１−３,36.3077256,137.8593581
北穂高郵便局,https://map.japanpost.jp/p/search/dtl/300111274000/?&cond2=1&cond200=1&&his=sa2,399-8302 長野県安曇野市穂高北穂高２７９１−１,36.3641756,137.8770472
木戸簡易郵便局,https://map.japanpost.jp/p/search/dtl/300111848000/?&cond2=1&cond200=1&&his=sa2,399-7101 長野県安曇野市明科東川手１３３６０,36.3675231,137.9312275
高家郵便局,https://map.japanpost.jp/p/search/dtl/300111182000/?&cond2=1&cond200=1&&his=sa2,399-8204 長野県安曇野市豊科高家５１３０−３,36.2547608,137.9174333
田沢郵便局,https://map.japanpost.jp/p/search/dtl/300111293000/?&cond2=1&cond200=1&&his=sa2,399-8203 長野県安曇野市豊科田沢５１２７−５,36.3012933,137.9406769
立石簡易郵便局,https://map.japanpost.jp/p/search/dtl/300111856000/?&cond2=1&cond200=1&&his=sa2,399-8205 長野県安曇野市豊科４７８,36.2704339,137.9091336
中萱簡易郵便局,https://map.japanpost.jp/p/search/dtl/300111721000/?&cond2=1&cond200=1&&his=sa2,399-8101 長野県安曇野市三郷明盛３０５３−１,36.274595,137.8982336
中川手簡易郵便局,https://map.japanpost.jp/p/search/dtl/300111607000/?&cond2=1&cond200=1&&his=sa2,399-7102 長野県安曇野市明科中川手１２４−１,36.3348728,137.9257519
中堀簡易郵便局,https://map.japanpost.jp/p/search/dtl/300111712000/?&cond2=1&cond200=1&&his=sa2,399-8211 長野県安曇野市堀金烏川３６４８−１,36.2906094,137.8880367
楡郵便局,https://map.japanpost.jp/p/search/dtl/300111228000/?&cond2=1&cond200=1&&his=sa2,399-8102 長野県安曇野市三郷温５７６９,36.2719889,137.8811628
柏矢郵便局,https://map.japanpost.jp/p/search/dtl/300111149000/?&cond2=1&cond200=1&&his=sa2,399-8303 長野県安曇野市穂高５９４−４,36.3216781,137.8923411
東川手簡易郵便局,https://map.japanpost.jp/p/search/dtl/300111759000/?&cond2=1&cond200=1&&his=sa2,399-7101 長野県安曇野市明科東川手１１６４９,36.3753878,137.9554317
踏入簡易郵便局,https://map.japanpost.jp/p/search/dtl/300111739000/?&cond2=1&cond200=1&&his=sa2,399-8201 長野県安曇野市豊科南穂高２５７６,36.3096836,137.9136897
穂高神田町簡易郵便局,https://map.japanpost.jp/p/search/dtl/300111727000/?&cond2=1&cond200=1&&his=sa2,399-8303 長野県安曇野市穂高６７０３,36.3354936,137.8886606
三郷郵便局,https://map.japanpost.jp/p/search/dtl/300111140000/?&cond2=1&cond200=1&&his=sa2,399-8101 長野県安曇野市三郷明盛１５９８−７,36.2593244,137.9000508
三田郵便局,https://map.japanpost.jp/p/search/dtl/300111260000/?&cond2=1&cond200=1&&his=sa2,399-8211 長野県安曇野市堀金烏川２５７５−１,36.2929947,137.8715606
温郵便局,https://map.japanpost.jp/p/search/dtl/300111141000/?&cond2=1&cond200=1&&his=sa2,399-8102 長野県安曇野市三郷温３４７,36.2435894,137.8802864
吉野簡易郵便局,https://map.japanpost.jp/p/search/dtl/300111888000/?&cond2=1&cond200=1&&his=sa2,399-8205 長野県安曇野市豊科４０１０−３,36.2925325,137.9122544
陸郷簡易郵便局,https://map.japanpost.jp/p/search/dtl/300111819000/?&cond2=1&cond200=1&&his=sa2,399-7105 長野県安曇野市明科南陸郷１００１,36.3841972,137.9245931
飯田郵便局,https://map.japanpost.jp/p/search/dtl/300111004000/?&cond2=1&cond200=1&&his=sa2,395-8799 長野県飯田市鈴加町１−７,35.5202908,137.8251886
上溝簡易郵便局,https://map.japanpost.jp/p/search/dtl/300111629000/?&cond2=1&cond200=1&&his=sa2,395-0811 長野県飯田市松尾上溝３１２６−２,35.5049828,137.8511833
飯田大門郵便局,https://map.japanpost.jp/p/search/dtl/300111412000/?&cond2=1&cond200=1&&his=sa2,395-0011 長野県飯田市大門町２,35.5223103,137.8289331
飯田知久町郵便局,https://map.japanpost.jp/p/search/dtl/300111210000/?&cond2=1&cond200=1&&his=sa2,395-0045 長野県飯田市知久町２−１３,35.5151475,137.8236528
飯田馬場郵便局,https://map.japanpost.jp/p/search/dtl/300111144000/?&cond2=1&cond200=1&&his=sa2,395-0027 長野県飯田市馬場町１−３,35.5159308,137.8283
飯田風越郵便局,https://map.japanpost.jp/p/search/dtl/300111111000/?&cond2=1&cond200=1&&his=sa2,395-0077 長野県飯田市丸山町２−１−８,35.5210878,137.8102953
伊賀良郵便局,https://map.japanpost.jp/p/search/dtl/300111178000/?&cond2=1&cond200=1&&his=sa2,395-0157 長野県飯田市大瀬木３９９１−２,35.4922967,137.7857142
尾林簡易郵便局,https://map.japanpost.jp/p/search/dtl/300111612000/?&cond2=1&cond200=1&&his=sa2,399-2221 長野県飯田市龍江８５９６−１６,35.4308242,137.8472353
鼎郵便局,https://map.japanpost.jp/p/search/dtl/300111220000/?&cond2=1&cond200=1&&his=sa2,395-0802 長野県飯田市鼎下茶屋２１２５−６,35.5096594,137.8284839
上郷郵便局,https://map.japanpost.jp/p/search/dtl/300111197000/?&cond2=1&cond200=1&&his=sa2,395-0002 長野県飯田市上郷飯沼１８１２−１,35.5216219,137.8494778
上久堅郵便局,https://map.japanpost.jp/p/search/dtl/300111258000/?&cond2=1&cond200=1&&his=sa2,399-2611 長野県飯田市上久堅４０７９−１,35.4594969,137.8820008
上村郵便局,https://map.japanpost.jp/p/search/dtl/300111110000/?&cond2=1&cond200=1&&his=sa2,399-1403 長野県飯田市上村６０５−５,35.3886214,137.9696431
川路中平簡易郵便局,https://map.japanpost.jp/p/search/dtl/300111634000/?&cond2=1&cond200=1&&his=sa2,399-2431 長野県飯田市川路７５６８−１,35.4510394,137.8134467
木沢簡易郵便局,https://map.japanpost.jp/p/search/dtl/300111724000/?&cond2=1&cond200=1&&his=sa2,399-1401 長野県飯田市南信濃木沢７７２−１,35.3469372,137.9527506
切石郵便局,https://map.japanpost.jp/p/search/dtl/300111429000/?&cond2=1&cond200=1&&his=sa2,395-0807 長野県飯田市鼎切石４３００−１８,35.5122161,137.8081417
黒田簡易郵便局,https://map.japanpost.jp/p/search/dtl/300111618000/?&cond2=1&cond200=1&&his=sa2,395-0004 長野県飯田市上郷黒田１４０７−１,35.5294147,137.8328353
座光寺郵便局,https://map.japanpost.jp/p/search/dtl/300111264000/?&cond2=1&cond200=1&&his=sa2,395-0001 長野県飯田市座光寺３７５５−１,35.5304369,137.8578908
下久堅郵便局,https://map.japanpost.jp/p/search/dtl/300111095000/?&cond2=1&cond200=1&&his=sa2,399-2603 長野県飯田市下久堅知久平９１,35.4747414,137.8509414
新飯田橋郵便局,https://map.japanpost.jp/p/search/dtl/300111348000/?&cond2=1&cond200=1&&his=sa2,395-0026 長野県飯田市鼎西鼎５８３−１,35.5082625,137.8383381
龍江郵便局,https://map.japanpost.jp/p/search/dtl/300111199000/?&cond2=1&cond200=1&&his=sa2,399-2299 長野県飯田市龍江４５２０−１,35.4466969,137.8282928
竜丘郵便局,https://map.japanpost.jp/p/search/dtl/300111146000/?&cond2=1&cond200=1&&his=sa2,399-2563 長野県飯田市時又９０３−２,35.4622589,137.8286281
駄科郵便局,https://map.japanpost.jp/p/search/dtl/300111458000/?&cond2=1&cond200=1&&his=sa2,399-2561 長野県飯田市駄科５８４−５,35.4776522,137.8346539
千代郵便局,https://map.japanpost.jp/p/search/dtl/300111215000/?&cond2=1&cond200=1&&his=sa2,399-2222 長野県飯田市千代２２５４−６,35.4156489,137.8674072
天竜峡郵便局,https://map.japanpost.jp/p/search/dtl/300111043000/?&cond2=1&cond200=1&&his=sa2,399-2431 長野県飯田市川路４６６３−４,35.4411392,137.8141
遠山郵便局,https://map.japanpost.jp/p/search/dtl/300111059000/?&cond2=1&cond200=1&&his=sa2,399-1399 長野県飯田市南信濃和田３９０−１,35.3227764,137.9324925
殿岡簡易郵便局,https://map.japanpost.jp/p/search/dtl/300111745000/?&cond2=1&cond200=1&&his=sa2,395-0805 長野県飯田市鼎一色１０５−３,35.5018611,137.8103775
名古熊簡易郵便局,https://map.japanpost.jp/p/search/dtl/300111757000/?&cond2=1&cond200=1&&his=sa2,395-0804 長野県飯田市鼎名古熊２０６０−１,35.4967964,137.8291872
平栗簡易郵便局,https://map.japanpost.jp/p/search/dtl/300111750000/?&cond2=1&cond200=1&&his=sa2,399-2611 長野県飯田市上久堅６１２８−４,35.4387128,137.8803656
二ツ山簡易郵便局,https://map.japanpost.jp/p/search/dtl/300111729000/?&cond2=1&cond200=1&&his=sa2,395-0244 長野県飯田市山本６７２２−１１９,35.4849053,137.7678506
松尾郵便局,https://map.japanpost.jp/p/search/dtl/300111089000/?&cond2=1&cond200=1&&his=sa2,395-0814 長野県飯田市八幡町２１６０,35.4972772,137.8401358
飯山郵便局,https://map.japanpost.jp/p/search/dtl/300111014000/?&cond2=1&cond200=1&&his=sa2,389-2299 長野県飯山市飯山９７４,36.8480161,138.3641622
秋津郵便局,https://map.japanpost.jp/p/search/dtl/300111301000/?&cond2=1&cond200=1&&his=sa2,389-2256 長野県飯山市蓮１７７２−３,36.8086547,138.3511017
飯山新町簡易郵便局,https://map.japanpost.jp/p/search/dtl/300111734000/?&cond2=1&cond200=1&&his=sa2,389-2253 長野県飯山市飯山２７５−４,36.8428753,138.3596089
桑名川郵便局,https://map.japanpost.jp/p/search/dtl/300111050000/?&cond2=1&cond200=1&&his=sa2,389-2699 長野県飯山市照岡７５３−６,36.9731897,138.4552219
静間簡易郵便局,https://map.japanpost.jp/p/search/dtl/300111839000/?&cond2=1&cond200=1&&his=sa2,389-2255 長野県飯山市静間１３８６−１,36.8349375,138.3577761
信濃平簡易郵便局,https://map.japanpost.jp/p/search/dtl/300111824000/?&cond2=1&cond200=1&&his=sa2,389-2414 長野県飯山市常盤５５０６,36.8830394,138.3809661
常盤郵便局,https://map.japanpost.jp/p/search/dtl/300111162000/?&cond2=1&cond200=1&&his=sa2,389-2499 長野県飯山市照里９０７−４,36.9139417,138.3883744
外様郵便局,https://map.japanpost.jp/p/search/dtl/300111385000/?&cond2=1&cond200=1&&his=sa2,389-2418 長野県飯山市寿７９３−１５,36.9010372,138.3622858
瑞穂郵便局,https://map.japanpost.jp/p/search/dtl/300111341000/?&cond2=1&cond200=1&&his=sa2,389-2322 長野県飯山市瑞穂４３５９−６,36.89473,138.4085322
伊那郵便局,https://map.japanpost.jp/p/search/dtl/300111021000/?&cond2=1&cond200=1&&his=sa2,396-8799 長野県伊那市坂下３２９７,35.8417372,137.9609694
市野瀬郵便局,https://map.japanpost.jp/p/search/dtl/300111102000/?&cond2=1&cond200=1&&his=sa2,396-0405 長野県伊那市長谷市野瀬１２９３−１,35.7405442,138.0801672
伊那大芦郵便局,https://map.japanpost.jp/p/search/dtl/300111400000/?&cond2=1&cond200=1&&his=sa2,396-0025 長野県伊那市荒井３４９４,35.8406786,137.9577428
伊那野底簡易郵便局,https://map.japanpost.jp/p/search/dtl/300111752000/?&cond2=1&cond200=1&&his=sa2,396-0005 長野県伊那市野底７６７２,35.8603881,137.9847511
伊那日影郵便局,https://map.japanpost.jp/p/search/dtl/300111459000/?&cond2=1&cond200=1&&his=sa2,396-0009 長野県伊那市日影２８７−２,35.8382764,137.9782847
伊那東郵便局,https://map.japanpost.jp/p/search/dtl/300111415000/?&cond2=1&cond200=1&&his=sa2,396-0015 長野県伊那市中央４５８６−１,35.8385789,137.9663167
伊那南簡易郵便局,https://map.japanpost.jp/p/search/dtl/300111845000/?&cond2=1&cond200=1&&his=sa2,396-0026 長野県伊那市西町５１１９−１２,35.8318936,137.9512536
長藤郵便局,https://map.japanpost.jp/p/search/dtl/300111133000/?&cond2=1&cond200=1&&his=sa2,396-0399 長野県伊那市高遠町長藤６９９２−２,35.8924717,138.0982294
高遠郵便局,https://map.japanpost.jp/p/search/dtl/300111011000/?&cond2=1&cond200=1&&his=sa2,396-0299 長野県伊那市高遠町西高遠１６４８−イ,35.8364678,138.0580789
手良郵便局,https://map.japanpost.jp/p/search/dtl/300111181000/?&cond2=1&cond200=1&&his=sa2,396-0002 長野県伊那市手良沢岡８６５−２,35.8649408,138.0136783
富県郵便局,https://map.japanpost.jp/p/search/dtl/300111262000/?&cond2=1&cond200=1&&his=sa2,396-0621 長野県伊那市富県５５５４−１,35.82144,137.9949897
新山簡易郵便局,https://map.japanpost.jp/p/search/dtl/300111835000/?&cond2=1&cond200=1&&his=sa2,396-0621 長野県伊那市富県６５６−１,35.803265,138.0325931
西春近郵便局,https://map.japanpost.jp/p/search/dtl/300111128000/?&cond2=1&cond200=1&&his=sa2,399-4499 長野県伊那市西春近５１７３−１,35.8049344,137.9443142
西箕輪郵便局,https://map.japanpost.jp/p/search/dtl/300111315000/?&cond2=1&cond200=1&&his=sa2,396-0041 長野県伊那市西箕輪６８２８−１,35.8725183,137.9362706
東春近郵便局,https://map.japanpost.jp/p/search/dtl/300111393000/?&cond2=1&cond200=1&&his=sa2,399-4432 長野県伊那市東春近１８２０−４,35.8061806,137.9586381
福地簡易郵便局,https://map.japanpost.jp/p/search/dtl/300111873000/?&cond2=1&cond200=1&&his=sa2,396-0621 長野県伊那市富県７８８３−３,35.803945,137.98989
藤沢郵便局,https://map.japanpost.jp/p/search/dtl/300111339000/?&cond2=1&cond200=1&&his=sa2,396-0301 長野県伊那市高遠町藤澤３９８９−１,35.9251086,138.0979756
美篶郵便局,https://map.japanpost.jp/p/search/dtl/300111300000/?&cond2=1&cond200=1&&his=sa2,396-0199 長野県伊那市美篶４３２２−４,35.8414414,138.0144819
三義郵便局,https://map.japanpost.jp/p/search/dtl/300111332000/?&cond2=1&cond200=1&&his=sa2,396-0304 長野県伊那市高遠町山室２０４２−２,35.8461825,138.0999608
美和郵便局,https://map.japanpost.jp/p/search/dtl/300111248000/?&cond2=1&cond200=1&&his=sa2,396-0402 長野県伊那市長谷溝口１１５６−１,35.7922267,138.0835372
上田郵便局,https://map.japanpost.jp/p/search/dtl/300111003000/?&cond2=1&cond200=1&&his=sa2,386-8799 長野県上田市中央西２−２−２,36.4087411,138.2474058
蒼久保簡易郵便局,https://map.japanpost.jp/p/search/dtl/300111664000/?&cond2=1&cond200=1&&his=sa2,386-0155 長野県上田市蒼久保１５１５−１０,36.3767008,138.2876242
石井簡易郵便局,https://map.japanpost.jp/p/search/dtl/300111658000/?&cond2=1&cond200=1&&his=sa2,386-0401 長野県上田市塩川２６６０−５０,36.3641133,138.2986928
伊勢山簡易郵便局,https://map.japanpost.jp/p/search/dtl/300111685000/?&cond2=1&cond200=1&&his=sa2,386-0003 長野県上田市上野１３４６−４,36.4169011,138.2944025
上田駅前郵便局,https://map.japanpost.jp/p/search/dtl/300111307000/?&cond2=1&cond200=1&&his=sa2,386-0025 長野県上田市天神１−２−３７,36.3972417,138.2491175
上田古里郵便局,https://map.japanpost.jp/p/search/dtl/300111466000/?&cond2=1&cond200=1&&his=sa2,386-0005 長野県上田市古里７６０−２８,36.3982839,138.2826742
上田材木町郵便局,https://map.japanpost.jp/p/search/dtl/300111443000/?&cond2=1&cond200=1&&his=sa2,386-0014 長野県上田市材木町１−４−１４,36.4008086,138.2630194
上田市役所内郵便局,https://map.japanpost.jp/p/search/dtl/300111124000/?&cond2=1&cond200=1&&his=sa2,386-0024 長野県上田市大手１−１１−１６,36.4016739,138.2488892
上田新町郵便局,https://map.japanpost.jp/p/search/dtl/300111191000/?&cond2=1&cond200=1&&his=sa2,386-0027 長野県上田市常磐城１−８−３,36.4077519,138.2435208
上田常入郵便局,https://map.japanpost.jp/p/search/dtl/300111222000/?&cond2=1&cond200=1&&his=sa2,386-0018 長野県上田市常田２−２０−２３,36.3963167,138.2549092
上田常磐町簡易郵便局,https://map.japanpost.jp/p/search/dtl/300111701000/?&cond2=1&cond200=1&&his=sa2,386-0027 長野県上田市常磐城４−１４−１７,36.4127539,138.2380592
上田中之条簡易郵便局,https://map.japanpost.jp/p/search/dtl/300111617000/?&cond2=1&cond200=1&&his=sa2,386-0034 長野県上田市中之条４００−３,36.3961556,138.2287056
上田原簡易郵便局,https://map.japanpost.jp/p/search/dtl/300111740000/?&cond2=1&cond200=1&&his=sa2,386-1102 長野県上田市上田原８５７−３４,36.3913758,138.226495
上田緑が丘郵便局,https://map.japanpost.jp/p/search/dtl/300111422000/?&cond2=1&cond200=1&&his=sa2,386-0022 長野県上田市緑が丘１−２４−１３,36.4134542,138.2484161
上田三好町郵便局,https://map.japanpost.jp/p/search/dtl/300111193000/?&cond2=1&cond200=1&&his=sa2,386-0032 長野県上田市諏訪形１１１１−３,36.3923842,138.2411219
浦里郵便局,https://map.japanpost.jp/p/search/dtl/300111051000/?&cond2=1&cond200=1&&his=sa2,386-1599 長野県上田市浦野２４２,36.3773739,138.1631258
大屋駅郵便局,https://map.japanpost.jp/p/search/dtl/300111091000/?&cond2=1&cond200=1&&his=sa2,386-0152 長野県上田市大屋４１４−２,36.3695992,138.2967464
鹿教湯郵便局,https://map.japanpost.jp/p/search/dtl/300111427000/?&cond2=1&cond200=1&&his=sa2,386-0323 長野県上田市鹿教湯温泉１４３４−２,36.3011964,138.1350028
上塩尻郵便局,https://map.japanpost.jp/p/search/dtl/300111079000/?&cond2=1&cond200=1&&his=sa2,386-0042 長野県上田市上塩尻２５４−１,36.4173922,138.2153978
神科郵便局,https://map.japanpost.jp/p/search/dtl/300111166000/?&cond2=1&cond200=1&&his=sa2,386-0002 長野県上田市住吉５３１−１２,36.40938,138.2817431
上本郷郵便局,https://map.japanpost.jp/p/search/dtl/300111192000/?&cond2=1&cond200=1&&his=sa2,386-1323 長野県上田市本郷５５９−２,36.3589789,138.1993153
川辺郵便局,https://map.japanpost.jp/p/search/dtl/300111174000/?&cond2=1&cond200=1&&his=sa2,386-1105 長野県上田市吉田４１−４,36.3894142,138.2099831
真田郵便局,https://map.japanpost.jp/p/search/dtl/300111096000/?&cond2=1&cond200=1&&his=sa2,386-2299 長野県上田市真田町長３９０９−１,36.4472364,138.3208744
塩川郵便局,https://map.japanpost.jp/p/search/dtl/300111390000/?&cond2=1&cond200=1&&his=sa2,386-0401 長野県上田市塩川１３８０−２,36.3560644,138.3061236
塩田郵便局,https://map.japanpost.jp/p/search/dtl/300111143000/?&cond2=1&cond200=1&&his=sa2,386-1399 長野県上田市保野１９２−１,36.3723383,138.1985783
信濃国分郵便局,https://map.japanpost.jp/p/search/dtl/300111156000/?&cond2=1&cond200=1&&his=sa2,386-0016 長野県上田市国分１−５−１０,36.3866289,138.2640978
菅平口簡易郵便局,https://map.japanpost.jp/p/search/dtl/300111875000/?&cond2=1&cond200=1&&his=sa2,386-2201 長野県上田市真田町長３３２−６,36.4753203,138.3462967
菅平郵便局,https://map.japanpost.jp/p/search/dtl/300111338000/?&cond2=1&cond200=1&&his=sa2,386-2204 長野県上田市菅平高原１２２３−２２２４,36.5279961,138.3313564
傍陽郵便局,https://map.japanpost.jp/p/search/dtl/300111256000/?&cond2=1&cond200=1&&his=sa2,386-2203 長野県上田市真田町傍陽６２１５−１,36.4558267,138.2925367
武石郵便局,https://map.japanpost.jp/p/search/dtl/300111223000/?&cond2=1&cond200=1&&his=sa2,386-0599 長野県上田市上武石６６−５,36.2825275,138.2294883
大町郵便局,https://map.japanpost.jp/p/search/dtl/300111007000/?&cond2=1&cond200=1&&his=sa2,398-8799 長野県大町市大町３２０９,36.5014397,137.8602644
一本木郵便局,https://map.japanpost.jp/p/search/dtl/300111249000/?&cond2=1&cond200=1&&his=sa2,398-0004 長野県大町市常盤４６９０−４２,36.4707789,137.8487547
大町北郵便局,https://map.japanpost.jp/p/search/dtl/300111425000/?&cond2=1&cond200=1&&his=sa2,398-0002 長野県大町市大町２２４９−１,36.5104214,137.8577428
大町俵町簡易郵便局,https://map.japanpost.jp/p/search/dtl/300111853000/?&cond2=1&cond200=1&&his=sa2,398-0002 長野県大町市大町１７８８−２,36.5186258,137.8543786
大町南原簡易郵便局,https://map.japanpost.jp/p/search/dtl/300111753000/?&cond2=1&cond200=1&&his=sa2,398-0002 長野県大町市大町３７２０−４,36.5021283,137.8530042
大町宮田簡易郵便局,https://map.japanpost.jp/p/search/dtl/300111623000/?&cond2=1&cond200=1&&his=sa2,398-0002 長野県大町市大町５４７０−４,36.51242,137.8431106
平郵便局,https://map.japanpost.jp/p/search/dtl/300111273000/?&cond2=1&cond200=1&&his=sa2,398-0001 長野県大町市平７２４６−８,36.5425389,137.8433628
美麻郵便局,https://map.japanpost.jp/p/search/dtl/300111081000/?&cond2=1&cond200=1&&his=sa2,399-9101 長野県大町市美麻１７４１９−１,36.6063031,137.8884272
八坂郵便局,https://map.japanpost.jp/p/search/dtl/300111272000/?&cond2=1&cond200=1&&his=sa2,399-7301 長野県大町市八坂１５０５０−５４,36.4991147,137.9490522
矢下簡易郵便局,https://map.japanpost.jp/p/search/dtl/300111668000/?&cond2=1&cond200=1&&his=sa2,399-7301 長野県大町市八坂６４９６−２,36.4925056,137.9122233
岡谷郵便局,https://map.japanpost.jp/p/search/dtl/300111068000/?&cond2=1&cond200=1&&his=sa2,394-8799 長野県岡谷市本町３−２−３０,36.0623608,138.0446819
岡谷今井郵便局,https://map.japanpost.jp/p/search/dtl/300111381000/?&cond2=1&cond200=1&&his=sa2,394-0004 長野県岡谷市神明町３−１４−１９,36.0818372,138.0468608
岡谷上ノ原簡易郵便局,https://map.japanpost.jp/p/search/dtl/300111681000/?&cond2=1&cond200=1&&his=sa2,394-0091 長野県岡谷市２５０−６,36.0890361,138.0471439
岡谷小萩簡易郵便局,https://map.japanpost.jp/p/search/dtl/300111622000/?&cond2=1&cond200=1&&his=sa2,394-0089 長野県岡谷市長地出早１−１０−１９,36.0845206,138.0541406
岡谷郷田郵便局,https://map.japanpost.jp/p/search/dtl/300111438000/?&cond2=1&cond200=1&&his=sa2,394-0003 長野県岡谷市加茂町２−２０−１,36.0747325,138.0504944
岡谷権現町郵便局,https://map.japanpost.jp/p/search/dtl/300111132000/?&cond2=1&cond200=1&&his=sa2,394-0081 長野県岡谷市長地権現町２−３−５,36.0681956,138.0702044
岡谷中央町郵便局,https://map.japanpost.jp/p/search/dtl/300111296000/?&cond2=1&cond200=1&&his=sa2,394-0027 長野県岡谷市中央町１−１３−２５,36.0613253,138.0477672
岡谷天竜町郵便局,https://map.japanpost.jp/p/search/dtl/300111277000/?&cond2=1&cond200=1&&his=sa2,394-0035 長野県岡谷市天竜町３−８−３,36.0578261,138.0514258
岡谷山下町簡易郵便局,https://map.japanpost.jp/p/search/dtl/300111657000/?&cond2=1&cond200=1&&his=sa2,394-0005 長野県岡谷市山下町２−１１−１６,36.0694497,138.0447042
岡谷若宮簡易郵便局,https://map.japanpost.jp/p/search/dtl/300111715000/?&cond2=1&cond200=1&&his=sa2,394-0032 長野県岡谷市若宮１−３−２３,36.0624103,138.0607581
長地郵便局,https://map.japanpost.jp/p/search/dtl/300111290000/?&cond2=1&cond200=1&&his=sa2,394-0086 長野県岡谷市長地源１−１−１,36.0783569,138.0660292
川岸郵便局,https://map.japanpost.jp/p/search/dtl/300111218000/?&cond2=1&cond200=1&&his=sa2,394-0047 長野県岡谷市川岸中３−１−３０,36.0387111,138.024425
三沢郵便局,https://map.japanpost.jp/p/search/dtl/300111306000/?&cond2=1&cond200=1&&his=sa2,394-0048 長野県岡谷市川岸上１−１９−６,36.0524906,138.0328081
湊郵便局,https://map.japanpost.jp/p/search/dtl/300111251000/?&cond2=1&cond200=1&&his=sa2,394-0044 長野県岡谷市湊１−１５−３,36.0503578,138.0530344
レイクウォーク岡谷郵便局,https://map.japanpost.jp/p/search/dtl/300111346000/?&cond2=1&cond200=1&&his=sa2,394-0022 長野県岡谷市銀座１−１−５,36.0657947,138.0521931
