0,1,2,Latitude,Longitude
熱海郵便局,https://map.japanpost.jp/p/search/dtl/300123006000/?&cond2=1&cond200=1&&his=sa2,413-8799 静岡県熱海市水口町１３−１４,35.0955869,139.0693247
網代郵便局,https://map.japanpost.jp/p/search/dtl/300123087000/?&cond2=1&cond200=1&&his=sa2,413-0103 静岡県熱海市網代１７４,35.0475772,139.0910803
熱海駅前郵便局,https://map.japanpost.jp/p/search/dtl/300123260000/?&cond2=1&cond200=1&&his=sa2,413-0011 静岡県熱海市田原本町４−１０,35.1022233,139.0768733
熱海上多賀郵便局,https://map.japanpost.jp/p/search/dtl/300123431000/?&cond2=1&cond200=1&&his=sa2,413-0101 静岡県熱海市上多賀宮脇７４１−１,35.0623047,139.0709775
熱海昭和郵便局,https://map.japanpost.jp/p/search/dtl/300123307000/?&cond2=1&cond200=1&&his=sa2,413-0022 静岡県熱海市昭和町１９−１,35.0918489,139.0696439
熱海和田木郵便局,https://map.japanpost.jp/p/search/dtl/300123331000/?&cond2=1&cond200=1&&his=sa2,413-0102 静岡県熱海市下多賀１６５−１,35.0442197,139.0823878
伊豆山郵便局,https://map.japanpost.jp/p/search/dtl/300123122000/?&cond2=1&cond200=1&&his=sa2,413-0002 静岡県熱海市伊豆山５７９,35.1114258,139.0850972
南熱海郵便局,https://map.japanpost.jp/p/search/dtl/300123199000/?&cond2=1&cond200=1&&his=sa2,413-0102 静岡県熱海市下多賀９０６−６,35.0495572,139.071125
青羽根郵便局,https://map.japanpost.jp/p/search/dtl/300123109000/?&cond2=1&cond200=1&&his=sa2,410-3213 静岡県伊豆市青羽根１９２−１,34.9327967,138.9336275
修善寺温泉郵便局,https://map.japanpost.jp/p/search/dtl/300123243000/?&cond2=1&cond200=1&&his=sa2,410-2416 静岡県伊豆市修善寺６９９−７,34.9732578,138.9334314
修善寺郵便局,https://map.japanpost.jp/p/search/dtl/300123039000/?&cond2=1&cond200=1&&his=sa2,410-2499 静岡県伊豆市柏久保４７３−１,34.9760139,138.9491058
土肥恋人岬簡易郵便局,https://map.japanpost.jp/p/search/dtl/300123735000/?&cond2=1&cond200=1&&his=sa2,410-3304 静岡県伊豆市小下田１７２２−１,34.8779894,138.7611586
土肥郵便局,https://map.japanpost.jp/p/search/dtl/300123040000/?&cond2=1&cond200=1&&his=sa2,410-3399 静岡県伊豆市土肥４６７,34.9115047,138.7930047
中伊豆郵便局,https://map.japanpost.jp/p/search/dtl/300123085000/?&cond2=1&cond200=1&&his=sa2,410-2503 静岡県伊豆市城城の前６５−１,34.9592708,138.9969272
本立野郵便局,https://map.japanpost.jp/p/search/dtl/300123164000/?&cond2=1&cond200=1&&his=sa2,410-2414 静岡県伊豆市本立野３５９−５,34.9686219,138.9430283
八木沢郵便局,https://map.japanpost.jp/p/search/dtl/300123190000/?&cond2=1&cond200=1&&his=sa2,410-3303 静岡県伊豆市八木沢１６０４,34.8904292,138.7713731
湯ケ島郵便局,https://map.japanpost.jp/p/search/dtl/300123041000/?&cond2=1&cond200=1&&his=sa2,410-3299 静岡県伊豆市湯ケ島１７６−４３,34.8938553,138.9292117
原保郵便局,https://map.japanpost.jp/p/search/dtl/300123170000/?&cond2=1&cond200=1&&his=sa2,410-2514 静岡県伊豆市原保１８９−１,34.9261819,139.0006025
伊豆長岡駅前郵便局,https://map.japanpost.jp/p/search/dtl/300123396000/?&cond2=1&cond200=1&&his=sa2,410-2114 静岡県伊豆の国市南條４５３−９,35.0388147,138.9457064
伊豆長岡郵便局,https://map.japanpost.jp/p/search/dtl/300123148000/?&cond2=1&cond200=1&&his=sa2,410-2299 静岡県伊豆の国市長岡１１０９−１,35.0296014,138.9337325
大仁郵便局,https://map.japanpost.jp/p/search/dtl/300123032000/?&cond2=1&cond200=1&&his=sa2,410-2399 静岡県伊豆の国市大仁４５０−１−１,34.9951733,138.9386353
田京郵便局,https://map.japanpost.jp/p/search/dtl/300123201000/?&cond2=1&cond200=1&&his=sa2,410-2315 静岡県伊豆の国市田京６７８−２,35.0154453,138.9458711
韮山郵便局,https://map.japanpost.jp/p/search/dtl/300123005000/?&cond2=1&cond200=1&&his=sa2,410-2199 静岡県伊豆の国市四日町２８４−１０,35.0559133,138.9497081
伊東郵便局,https://map.japanpost.jp/p/search/dtl/300123035000/?&cond2=1&cond200=1&&his=sa2,414-8799 静岡県伊東市広野１−３−３３,34.9637228,139.09124
伊豆高原郵便局,https://map.japanpost.jp/p/search/dtl/300123098000/?&cond2=1&cond200=1&&his=sa2,413-0232 静岡県伊東市八幡野１１２７−５４,34.8844256,139.1142689
伊東駅前郵便局,https://map.japanpost.jp/p/search/dtl/300123456000/?&cond2=1&cond200=1&&his=sa2,414-0002 静岡県伊東市湯川１−１１−１８,34.9735331,139.0942481
伊東鎌田郵便局,https://map.japanpost.jp/p/search/dtl/300123411000/?&cond2=1&cond200=1&&his=sa2,414-0035 静岡県伊東市南町２−３−２２,34.9554042,139.0884433
伊東玖須美郵便局,https://map.japanpost.jp/p/search/dtl/300123313000/?&cond2=1&cond200=1&&his=sa2,414-0026 静岡県伊東市竹の台５−２８,34.9667639,139.0989303
伊東逆川簡易郵便局,https://map.japanpost.jp/p/search/dtl/300123721000/?&cond2=1&cond200=1&&his=sa2,414-0045 静岡県伊東市玖須美元和田７１６−１６８,34.9558831,139.1103139
伊東松原郵便局,https://map.japanpost.jp/p/search/dtl/300123297000/?&cond2=1&cond200=1&&his=sa2,414-0003 静岡県伊東市中央町１４−１１,34.9698081,139.0924369
宇佐美郵便局,https://map.japanpost.jp/p/search/dtl/300123150000/?&cond2=1&cond200=1&&his=sa2,414-0001 静岡県伊東市宇佐美１８０７−１,35.0060375,139.0820644
川奈郵便局,https://map.japanpost.jp/p/search/dtl/300123149000/?&cond2=1&cond200=1&&his=sa2,414-0044 静岡県伊東市川奈１２１３−１４,34.9497397,139.1230858
富戸簡易郵便局,https://map.japanpost.jp/p/search/dtl/300123737000/?&cond2=1&cond200=1&&his=sa2,413-0231 静岡県伊東市富戸６２３−１,34.9085206,139.1335425
八幡野やんもの里郵便局,https://map.japanpost.jp/p/search/dtl/300123202000/?&cond2=1&cond200=1&&his=sa2,413-0232 静岡県伊東市八幡野１１８９−１７０,34.8755292,139.1031353
磐田郵便局,https://map.japanpost.jp/p/search/dtl/300123027000/?&cond2=1&cond200=1&&his=sa2,438-8799 静岡県磐田市見付只来２９６６−８,34.7210911,137.8529942
池田郵便局,https://map.japanpost.jp/p/search/dtl/300123117000/?&cond2=1&cond200=1&&his=sa2,438-0805 静岡県磐田市池田３３４−１,34.7377628,137.817625
磐田岡田郵便局,https://map.japanpost.jp/p/search/dtl/300123491000/?&cond2=1&cond200=1&&his=sa2,438-0051 静岡県磐田市上大之郷木ノ下３３１−４,34.6939686,137.8521678
磐田中泉郵便局,https://map.japanpost.jp/p/search/dtl/300123329000/?&cond2=1&cond200=1&&his=sa2,438-0078 静岡県磐田市中泉１６２７,34.7105103,137.8449683
磐田二之宮郵便局,https://map.japanpost.jp/p/search/dtl/300123388000/?&cond2=1&cond200=1&&his=sa2,438-0078 静岡県磐田市中泉２−６−９,34.7120425,137.8563056
磐田富士見郵便局,https://map.japanpost.jp/p/search/dtl/300123503000/?&cond2=1&cond200=1&&his=sa2,438-0088 静岡県磐田市富士見台１３−１７,34.7268444,137.8699706
磐田見付郵便局,https://map.japanpost.jp/p/search/dtl/300123009000/?&cond2=1&cond200=1&&his=sa2,438-0086 静岡県磐田市見付２６６４−１,34.7267244,137.8590803
匂坂簡易郵便局,https://map.japanpost.jp/p/search/dtl/300123823000/?&cond2=1&cond200=1&&his=sa2,438-0004 静岡県磐田市匂坂中西通１０３７−４,34.7634572,137.8305975
袖浦郵便局,https://map.japanpost.jp/p/search/dtl/300123144000/?&cond2=1&cond200=1&&his=sa2,438-0218 静岡県磐田市中平松４３４−２,34.674005,137.8229536
十束簡易郵便局,https://map.japanpost.jp/p/search/dtl/300123876000/?&cond2=1&cond200=1&&his=sa2,438-0202 静岡県磐田市高木２３２−１,34.6977186,137.8088222
富岡郵便局,https://map.japanpost.jp/p/search/dtl/300123245000/?&cond2=1&cond200=1&&his=sa2,438-0807 静岡県磐田市富里５７２−２,34.7531058,137.8333172
豊岡敷地簡易郵便局,https://map.japanpost.jp/p/search/dtl/300123802000/?&cond2=1&cond200=1&&his=sa2,438-0106 静岡県磐田市敷地４０４−２,34.8264106,137.8642897
豊岡郵便局,https://map.japanpost.jp/p/search/dtl/300123151000/?&cond2=1&cond200=1&&his=sa2,438-0199 静岡県磐田市上神増５１７−１,34.8218597,137.8477681
豊田町駅前郵便局,https://map.japanpost.jp/p/search/dtl/300123505000/?&cond2=1&cond200=1&&his=sa2,438-0821 静岡県磐田市立野２０１４−１,34.7169297,137.8199506
長野郵便局,https://map.japanpost.jp/p/search/dtl/300123277000/?&cond2=1&cond200=1&&his=sa2,438-0068 静岡県磐田市前野２３１２−２,34.7010106,137.8233114
野部郵便局,https://map.japanpost.jp/p/search/dtl/300123285000/?&cond2=1&cond200=1&&his=sa2,438-0111 静岡県磐田市上野部１８８９−２,34.8390517,137.8413411
福田豊浜郵便局,https://map.japanpost.jp/p/search/dtl/300123196000/?&cond2=1&cond200=1&&his=sa2,437-1201 静岡県磐田市豊浜中野９３４−２,34.6865342,137.9017433
福田郵便局,https://map.japanpost.jp/p/search/dtl/300123064000/?&cond2=1&cond200=1&&his=sa2,437-1299 静岡県磐田市福田中島北２２１,34.6810639,137.876035
御厨郵便局,https://map.japanpost.jp/p/search/dtl/300123195000/?&cond2=1&cond200=1&&his=sa2,438-0038 静岡県磐田市鎌田2200-1-21-15,34.7162994,137.8855075
向笠郵便局,https://map.japanpost.jp/p/search/dtl/300123290000/?&cond2=1&cond200=1&&his=sa2,438-0016 静岡県磐田市岩井３１８５−２,34.7503233,137.8732206
竜洋郵便局,https://map.japanpost.jp/p/search/dtl/300123066000/?&cond2=1&cond200=1&&his=sa2,438-0299 静岡県磐田市川袋１４４４−３,34.6762292,137.8023778
御前崎郵便局,https://map.japanpost.jp/p/search/dtl/300123088000/?&cond2=1&cond200=1&&his=sa2,437-1621 静岡県御前崎市御前崎１０８−１１,34.6090203,138.2088458
佐倉郵便局,https://map.japanpost.jp/p/search/dtl/300123130000/?&cond2=1&cond200=1&&his=sa2,437-1604 静岡県御前崎市佐倉１２３７−１,34.6316492,138.1544142
白羽簡易郵便局,https://map.japanpost.jp/p/search/dtl/300123805000/?&cond2=1&cond200=1&&his=sa2,437-1622 静岡県御前崎市白羽６４７−１０,34.6171856,138.1717069
新野簡易郵便局,https://map.japanpost.jp/p/search/dtl/300123820000/?&cond2=1&cond200=1&&his=sa2,437-1611 静岡県御前崎市新野１０３４−５,34.6708433,138.1158706
浜岡北原簡易郵便局,https://map.japanpost.jp/p/search/dtl/300123726000/?&cond2=1&cond200=1&&his=sa2,437-1601 静岡県御前崎市上朝比奈１７８５−８,34.6936867,138.1538872
浜岡小泉簡易郵便局,https://map.japanpost.jp/p/search/dtl/300123865000/?&cond2=1&cond200=1&&his=sa2,437-1601 静岡県御前崎市上朝比奈４２５０−２,34.6679947,138.1495419
浜岡郵便局,https://map.japanpost.jp/p/search/dtl/300123025000/?&cond2=1&cond200=1&&his=sa2,437-1699 静岡県御前崎市池新田２７１９−１,34.6495739,138.1282244
比木簡易郵便局,https://map.japanpost.jp/p/search/dtl/300123807000/?&cond2=1&cond200=1&&his=sa2,437-1602 静岡県御前崎市比木２８５４−１,34.6547058,138.1669878
