0,1,2,Latitude,Longitude
川添簡易郵便局,https://map.japanpost.jp/p/search/dtl/300178698000/?&cond2=1&cond200=1&&his=sa2,899-6103 鹿児島県姶良郡湧水町川添１３８５−４,31.9929811,130.7483044
栗野郵便局,https://map.japanpost.jp/p/search/dtl/300178085000/?&cond2=1&cond200=1&&his=sa2,899-6299 鹿児島県姶良郡湧水町木場１５１−１,31.9524747,130.7236686
幸田郵便局,https://map.japanpost.jp/p/search/dtl/300178328000/?&cond2=1&cond200=1&&his=sa2,899-6205 鹿児島県姶良郡湧水町幸田８９３−３,31.9386711,130.6754558
轟簡易郵便局,https://map.japanpost.jp/p/search/dtl/300178775000/?&cond2=1&cond200=1&&his=sa2,899-6204 鹿児島県姶良郡湧水町稲葉崎１４２−１,31.9667219,130.6927233
般若寺簡易郵便局,https://map.japanpost.jp/p/search/dtl/300178699000/?&cond2=1&cond200=1&&his=sa2,899-6105 鹿児島県姶良郡湧水町般若寺１３８８−１,32.0258942,130.7376811
吉松郵便局,https://map.japanpost.jp/p/search/dtl/300178039000/?&cond2=1&cond200=1&&his=sa2,899-6102 鹿児島県姶良郡湧水町中津川５８６−１,32.014845,130.7439369
加治木郵便局,https://map.japanpost.jp/p/search/dtl/300178003000/?&cond2=1&cond200=1&&his=sa2,899-5299 鹿児島県姶良市加治木町本町１７６,31.7377322,130.6656858
あいら池島郵便局,https://map.japanpost.jp/p/search/dtl/300178497000/?&cond2=1&cond200=1&&his=sa2,899-5653 鹿児島県姶良市池島町３３−４,31.7186383,130.6121186
姶良ニュータウン簡易郵便局,https://map.japanpost.jp/p/search/dtl/300178836000/?&cond2=1&cond200=1&&his=sa2,899-5656 鹿児島県姶良市西姶良３−１９−１０,31.7328344,130.5986986
姶良郵便局,https://map.japanpost.jp/p/search/dtl/300178137000/?&cond2=1&cond200=1&&his=sa2,899-5411 鹿児島県姶良市鍋倉１４８３−３,31.7422325,130.6267325
イオンタウン姶良内郵便局,https://map.japanpost.jp/p/search/dtl/300178494000/?&cond2=1&cond200=1&&his=sa2,899-5421 鹿児島県姶良市東餅田３３６,31.7332917,130.628245
漆簡易郵便局,https://map.japanpost.jp/p/search/dtl/300178711000/?&cond2=1&cond200=1&&his=sa2,899-5301 鹿児島県姶良市蒲生町漆３２８−１,31.8236931,130.5603081
加治木須崎郵便局,https://map.japanpost.jp/p/search/dtl/300178418000/?&cond2=1&cond200=1&&his=sa2,899-5241 鹿児島県姶良市加治木町木田１７２０,31.7306722,130.6460764
蒲生郵便局,https://map.japanpost.jp/p/search/dtl/300178029000/?&cond2=1&cond200=1&&his=sa2,899-5399 鹿児島県姶良市蒲生町上久徳２４４１,31.7636578,130.5717728
北山簡易郵便局,https://map.japanpost.jp/p/search/dtl/300178840000/?&cond2=1&cond200=1&&his=sa2,899-5541 鹿児島県姶良市北山８３８−５,31.8189439,130.6014681
木田簡易郵便局,https://map.japanpost.jp/p/search/dtl/300178809000/?&cond2=1&cond200=1&&his=sa2,899-5241 鹿児島県姶良市加治木町木田３８７７−１,31.7469369,130.653395
木津志簡易郵便局,https://map.japanpost.jp/p/search/dtl/300178619000/?&cond2=1&cond200=1&&his=sa2,899-5545 鹿児島県姶良市木津志１８４４−２,31.8212208,130.5820019
小山田簡易郵便局,https://map.japanpost.jp/p/search/dtl/300178612000/?&cond2=1&cond200=1&&his=sa2,899-5203 鹿児島県姶良市加治木町小山田４５１−２,31.7599586,130.6743789
重富郵便局,https://map.japanpost.jp/p/search/dtl/300178028000/?&cond2=1&cond200=1&&his=sa2,899-5699 鹿児島県姶良市脇元２２７−２,31.7025781,130.6119714
高井田簡易郵便局,https://map.japanpost.jp/p/search/dtl/300178831000/?&cond2=1&cond200=1&&his=sa2,899-5231 鹿児島県姶良市加治木町反土２２８０−１,31.7466411,130.6623422
帖佐駅前郵便局,https://map.japanpost.jp/p/search/dtl/300178326000/?&cond2=1&cond200=1&&his=sa2,899-5432 鹿児島県姶良市宮島町２７−７,31.7276506,130.6285914
帖佐松原簡易郵便局,https://map.japanpost.jp/p/search/dtl/300178772000/?&cond2=1&cond200=1&&his=sa2,899-5422 鹿児島県姶良市松原町１−２５−６,31.7196569,130.6325444
堂山簡易郵便局,https://map.japanpost.jp/p/search/dtl/300178639000/?&cond2=1&cond200=1&&his=sa2,899-5541 鹿児島県姶良市北山２６５９−１,31.8589153,130.6019972
西別府簡易郵便局,https://map.japanpost.jp/p/search/dtl/300178601000/?&cond2=1&cond200=1&&his=sa2,899-5201 鹿児島県姶良市加治木町西別府２４８２−７,31.7662192,130.6507519
三船郵便局,https://map.japanpost.jp/p/search/dtl/300178423000/?&cond2=1&cond200=1&&his=sa2,899-5403 鹿児島県姶良市増田４３６,31.7560136,130.6009647
山田郵便局,https://map.japanpost.jp/p/search/dtl/300178162000/?&cond2=1&cond200=1&&his=sa2,899-5599 鹿児島県姶良市下名１０６８−１,31.7719628,130.6132464
米丸簡易郵便局,https://map.japanpost.jp/p/search/dtl/300178784000/?&cond2=1&cond200=1&&his=sa2,899-5308 鹿児島県姶良市蒲生町米丸１６２７,31.7799506,130.5681417
阿久根大丸郵便局,https://map.japanpost.jp/p/search/dtl/300178417000/?&cond2=1&cond200=1&&his=sa2,899-1626 鹿児島県阿久根市鶴見町１３,32.0129114,130.1975625
阿久根山下郵便局,https://map.japanpost.jp/p/search/dtl/300178440000/?&cond2=1&cond200=1&&his=sa2,899-1625 鹿児島県阿久根市波留２５５５−１,32.0103122,130.2126142
阿久根郵便局,https://map.japanpost.jp/p/search/dtl/300178012000/?&cond2=1&cond200=1&&his=sa2,899-1699 鹿児島県阿久根市栄町１３,32.0216189,130.1959819
大川郵便局,https://map.japanpost.jp/p/search/dtl/300178199000/?&cond2=1&cond200=1&&his=sa2,899-1741 鹿児島県阿久根市大川８３９６−２,31.9490864,130.2177867
折口簡易郵便局,https://map.japanpost.jp/p/search/dtl/300178605000/?&cond2=1&cond200=1&&his=sa2,899-1601 鹿児島県阿久根市折口１８２７,32.0617353,130.2192803
黒之浜簡易郵便局,https://map.japanpost.jp/p/search/dtl/300178806000/?&cond2=1&cond200=1&&his=sa2,899-1131 鹿児島県阿久根市脇本９６３９,32.0903447,130.1777219
鶴川内郵便局,https://map.japanpost.jp/p/search/dtl/300178426000/?&cond2=1&cond200=1&&his=sa2,899-1603 鹿児島県阿久根市鶴川内４３２９−３,32.0284894,130.2372425
西目郵便局,https://map.japanpost.jp/p/search/dtl/300178276000/?&cond2=1&cond200=1&&his=sa2,899-1627 鹿児島県阿久根市西目１２９１−２,31.9871392,130.2029989
脇本郵便局,https://map.japanpost.jp/p/search/dtl/300178023000/?&cond2=1&cond200=1&&his=sa2,899-1131 鹿児島県阿久根市脇本８２９２−１８,32.0825339,130.1955986
名瀬郵便局,https://map.japanpost.jp/p/search/dtl/300179001000/?&cond2=1&cond200=1&&his=sa2,894-8799 鹿児島県奄美市名瀬幸町３−１０,28.3796556,129.4942133
赤木名郵便局,https://map.japanpost.jp/p/search/dtl/300179003000/?&cond2=1&cond200=1&&his=sa2,894-0599 鹿児島県奄美市笠利町里３７−４,28.4521056,129.6781767
朝仁簡易郵便局,https://map.japanpost.jp/p/search/dtl/300179731000/?&cond2=1&cond200=1&&his=sa2,894-0041 鹿児島県奄美市名瀬朝仁新町１９−９,28.396545,129.4849225
宇宿郵便局,https://map.japanpost.jp/p/search/dtl/300179005000/?&cond2=1&cond200=1&&his=sa2,894-0501 鹿児島県奄美市笠利町宇宿１４０,28.4492372,129.7114472
浦上郵便局,https://map.japanpost.jp/p/search/dtl/300179010000/?&cond2=1&cond200=1&&his=sa2,894-0062 鹿児島県奄美市名瀬有屋町１−４,28.3938192,129.5263372
大島小湊郵便局,https://map.japanpost.jp/p/search/dtl/300179013000/?&cond2=1&cond200=1&&his=sa2,894-0771 鹿児島県奄美市名瀬小湊２６４−５,28.3219344,129.5306425
笠利郵便局,https://map.japanpost.jp/p/search/dtl/300179002000/?&cond2=1&cond200=1&&his=sa2,894-0699 鹿児島県奄美市笠利町笠利２２,28.4892556,129.6943411
喜瀬簡易郵便局,https://map.japanpost.jp/p/search/dtl/300179722000/?&cond2=1&cond200=1&&his=sa2,894-0507 鹿児島県奄美市笠利町喜瀬２２６,28.4224233,129.6546453
小宿郵便局,https://map.japanpost.jp/p/search/dtl/300179012000/?&cond2=1&cond200=1&&his=sa2,894-0045 鹿児島県奄美市名瀬平松町４５４,28.3985222,129.4681375
住用郵便局,https://map.japanpost.jp/p/search/dtl/300179016000/?&cond2=1&cond200=1&&his=sa2,894-1299 鹿児島県奄美市住用町石原４,28.26505,129.4078719
節田簡易郵便局,https://map.japanpost.jp/p/search/dtl/300179701000/?&cond2=1&cond200=1&&his=sa2,894-0504 鹿児島県奄美市笠利町節田２２２−３,28.4170528,129.6895808
東城郵便局,https://map.japanpost.jp/p/search/dtl/300179017000/?&cond2=1&cond200=1&&his=sa2,894-1111 鹿児島県奄美市住用町城３８７,28.2960092,129.4572303
永田橋郵便局,https://map.japanpost.jp/p/search/dtl/300179011000/?&cond2=1&cond200=1&&his=sa2,894-0017 鹿児島県奄美市名瀬石橋町６−６,28.3752758,129.4977083
名瀬佐大熊郵便局,https://map.japanpost.jp/p/search/dtl/300179064000/?&cond2=1&cond200=1&&his=sa2,894-0005 鹿児島県奄美市名瀬佐大熊町１４−１４,28.3904325,129.5057092
名瀬長浜簡易郵便局,https://map.japanpost.jp/p/search/dtl/300179738000/?&cond2=1&cond200=1&&his=sa2,894-0036 鹿児島県奄美市名瀬長浜町１４−１０,28.3943933,129.4948769
名瀬平田簡易郵便局,https://map.japanpost.jp/p/search/dtl/300179730000/?&cond2=1&cond200=1&&his=sa2,894-0014 鹿児島県奄美市名瀬平田町１４−１,28.3622744,129.4997044
名瀬古田郵便局,https://map.japanpost.jp/p/search/dtl/300179060000/?&cond2=1&cond200=1&&his=sa2,894-0016 鹿児島県奄美市名瀬古田町１１−３４,28.3700661,129.4987767
屋仁郵便局,https://map.japanpost.jp/p/search/dtl/300179004000/?&cond2=1&cond200=1&&his=sa2,894-0626 鹿児島県奄美市笠利町屋仁７４,28.4983764,129.6563369
山間簡易郵便局,https://map.japanpost.jp/p/search/dtl/300179732000/?&cond2=1&cond200=1&&his=sa2,894-1204 鹿児島県奄美市住用町山間４１５−１,28.2436472,129.4144525
青木簡易郵便局,https://map.japanpost.jp/p/search/dtl/300178649000/?&cond2=1&cond200=1&&his=sa2,895-2504 鹿児島県伊佐市大口青木９２９−４,32.0561583,130.6353181
牛尾郵便局,https://map.japanpost.jp/p/search/dtl/300178346000/?&cond2=1&cond200=1&&his=sa2,895-2501 鹿児島県伊佐市大口牛尾１４０９,32.1019181,130.6142322
大口郵便局,https://map.japanpost.jp/p/search/dtl/300178013000/?&cond2=1&cond200=1&&his=sa2,895-2599 鹿児島県伊佐市大口元町１１−１,32.0582747,130.6098519
大口西本町簡易郵便局,https://map.japanpost.jp/p/search/dtl/300178795000/?&cond2=1&cond200=1&&his=sa2,895-2511 鹿児島県伊佐市大口里６４３,32.0575139,130.60242
太田簡易郵便局,https://map.japanpost.jp/p/search/dtl/300178700000/?&cond2=1&cond200=1&&his=sa2,895-2507 鹿児島県伊佐市大口大田２３３２−５０９,32.0696875,130.6041833
小木原簡易郵便局,https://map.japanpost.jp/p/search/dtl/300178725000/?&cond2=1&cond200=1&&his=sa2,895-2631 鹿児島県伊佐市大口小木原１０３０−１,32.0933919,130.5904983
上八坂簡易郵便局,https://map.japanpost.jp/p/search/dtl/300178724000/?&cond2=1&cond200=1&&his=sa2,895-2513 鹿児島県伊佐市大口上町４４−４,32.0635708,130.6063
川南簡易郵便局,https://map.japanpost.jp/p/search/dtl/300178667000/?&cond2=1&cond200=1&&his=sa2,895-2812 鹿児島県伊佐市菱刈川南３８６−１,31.9898881,130.6483825
木ノ氏簡易郵便局,https://map.japanpost.jp/p/search/dtl/300178701000/?&cond2=1&cond200=1&&his=sa2,895-2502 鹿児島県伊佐市大口木ノ氏９９４,32.0798333,130.6176131
薩摩本城郵便局,https://map.japanpost.jp/p/search/dtl/300178181000/?&cond2=1&cond200=1&&his=sa2,895-2813 鹿児島県伊佐市菱刈南浦３４４４−４,31.9900067,130.6311622
徳辺簡易郵便局,https://map.japanpost.jp/p/search/dtl/300178727000/?&cond2=1&cond200=1&&his=sa2,895-2707 鹿児島県伊佐市菱刈徳辺６８０−４,32.0192856,130.6588622
西太良郵便局,https://map.japanpost.jp/p/search/dtl/300178218000/?&cond2=1&cond200=1&&his=sa2,895-2441 鹿児島県伊佐市大口曽木１５３８−２,32.0076208,130.6014444
西羽月簡易郵便局,https://map.japanpost.jp/p/search/dtl/300178604000/?&cond2=1&cond200=1&&his=sa2,895-2527 鹿児島県伊佐市大口田代２７１−５,32.03006,130.5421711
羽月駅前簡易郵便局,https://map.japanpost.jp/p/search/dtl/300178702000/?&cond2=1&cond200=1&&his=sa2,895-2525 鹿児島県伊佐市大口下殿８３５,32.0321111,130.5956519
羽月郵便局,https://map.japanpost.jp/p/search/dtl/300178186000/?&cond2=1&cond200=1&&his=sa2,895-2522 鹿児島県伊佐市大口大島９３８−１１,32.0440872,130.5919072
針持郵便局,https://map.japanpost.jp/p/search/dtl/300178386000/?&cond2=1&cond200=1&&his=sa2,895-2442 鹿児島県伊佐市大口針持４２５３−４,31.9820428,130.581665
菱刈重留郵便局,https://map.japanpost.jp/p/search/dtl/300178352000/?&cond2=1&cond200=1&&his=sa2,895-2705 鹿児島県伊佐市菱刈重留１３５５−２,32.0361883,130.6328269
菱刈郵便局,https://map.japanpost.jp/p/search/dtl/300178037000/?&cond2=1&cond200=1&&his=sa2,895-2799 鹿児島県伊佐市菱刈前目２０７４−３,32.0123433,130.6422269
平出水簡易郵便局,https://map.japanpost.jp/p/search/dtl/300178862000/?&cond2=1&cond200=1&&his=sa2,895-2633 鹿児島県伊佐市大口平出水２９２−１,32.0827061,130.5710036
山野郵便局,https://map.japanpost.jp/p/search/dtl/300178121000/?&cond2=1&cond200=1&&his=sa2,895-2699 鹿児島県伊佐市大口山野５１６３−１,32.0997253,130.575565
湯之尾郵便局,https://map.japanpost.jp/p/search/dtl/300178200000/?&cond2=1&cond200=1&&his=sa2,895-2708 鹿児島県伊佐市菱刈川北２１０３−１,31.9861922,130.6625319
伊唐簡易郵便局,https://map.japanpost.jp/p/search/dtl/300178695000/?&cond2=1&cond200=1&&his=sa2,899-1401 鹿児島県出水郡長島町鷹巣４２６２,32.2140425,130.2069228
川床郵便局,https://map.japanpost.jp/p/search/dtl/300178375000/?&cond2=1&cond200=1&&his=sa2,899-1212 鹿児島県出水郡長島町川床９８４−３,32.1473103,130.1685636
蔵之元郵便局,https://map.japanpost.jp/p/search/dtl/300178080000/?&cond2=1&cond200=1&&his=sa2,899-1301 鹿児島県出水郡長島町蔵之元２２０−６,32.1836344,130.1054925
御所浦簡易郵便局,https://map.japanpost.jp/p/search/dtl/300178761000/?&cond2=1&cond200=1&&his=sa2,899-1501 鹿児島県出水郡長島町獅子島３３０９,32.2910689,130.2369783
獅子島郵便局,https://map.japanpost.jp/p/search/dtl/300178099000/?&cond2=1&cond200=1&&his=sa2,899-1501 鹿児島県出水郡長島町獅子島１８０,32.2780497,130.2191531
鷹巣郵便局,https://map.japanpost.jp/p/search/dtl/300178056000/?&cond2=1&cond200=1&&his=sa2,899-1499 鹿児島県出水郡長島町鷹巣２２１３−２,32.2001828,130.1761053
長島郵便局,https://map.japanpost.jp/p/search/dtl/300178234000/?&cond2=1&cond200=1&&his=sa2,899-1399 鹿児島県出水郡長島町指江５６５−１,32.1554544,130.1180644
平尾郵便局,https://map.japanpost.jp/p/search/dtl/300178420000/?&cond2=1&cond200=1&&his=sa2,899-1302 鹿児島県出水郡長島町平尾７７０−１,32.1896903,130.1430358
本浦簡易郵便局,https://map.japanpost.jp/p/search/dtl/300178760000/?&cond2=1&cond200=1&&his=sa2,899-1403 鹿児島県出水郡長島町諸浦９９３,32.2399358,130.1752261
山門野郵便局,https://map.japanpost.jp/p/search/dtl/300178098000/?&cond2=1&cond200=1&&his=sa2,899-1211 鹿児島県出水郡長島町山門野１２３４−１,32.1295917,130.1598506
出水上知識郵便局,https://map.japanpost.jp/p/search/dtl/300178445000/?&cond2=1&cond200=1&&his=sa2,899-0212 鹿児島県出水市上知識町２００,32.0867164,130.3401122
出水住吉簡易郵便局,https://map.japanpost.jp/p/search/dtl/300178773000/?&cond2=1&cond200=1&&his=sa2,899-0138 鹿児島県出水市住吉町２６−２５,32.1197022,130.3282992
出水緑町簡易郵便局,https://map.japanpost.jp/p/search/dtl/300178846000/?&cond2=1&cond200=1&&his=sa2,899-0201 鹿児島県出水市緑町４３−３５,32.0954853,130.3492058
出水郵便局,https://map.japanpost.jp/p/search/dtl/300178054000/?&cond2=1&cond200=1&&his=sa2,899-0299 鹿児島県出水市本町４−４６,32.0808769,130.3595681
江内郵便局,https://map.japanpost.jp/p/search/dtl/300178288000/?&cond2=1&cond200=1&&his=sa2,899-0407 鹿児島県出水市高尾野町江内３３４０−１,32.096825,130.2530239
大川内郵便局,https://map.japanpost.jp/p/search/dtl/300178117000/?&cond2=1&cond200=1&&his=sa2,899-0341 鹿児島県出水市上大川内６９４−５,32.0710058,130.4385467
米ノ津郵便局,https://map.japanpost.jp/p/search/dtl/300178020000/?&cond2=1&cond200=1&&his=sa2,899-0121 鹿児島県出水市米ノ津町５−６,32.1163275,130.3403594
荘郵便局,https://map.japanpost.jp/p/search/dtl/300178183000/?&cond2=1&cond200=1&&his=sa2,899-0435 鹿児島県出水市荘１８７２−１,32.0858553,130.2813608
高尾野郵便局,https://map.japanpost.jp/p/search/dtl/300178036000/?&cond2=1&cond200=1&&his=sa2,899-0499 鹿児島県出水市高尾野町柴引１５３１−１,32.0609664,130.2976381
西出水郵便局,https://map.japanpost.jp/p/search/dtl/300178299000/?&cond2=1&cond200=1&&his=sa2,899-0214 鹿児島県出水市五万石町３７５,32.0726319,130.3418069
野田郵便局,https://map.japanpost.jp/p/search/dtl/300178150000/?&cond2=1&cond200=1&&his=sa2,899-0502 鹿児島県出水市野田町下名６５４２−５,32.0629961,130.2680922
福ノ江郵便局,https://map.japanpost.jp/p/search/dtl/300178157000/?&cond2=1&cond200=1&&his=sa2,899-0136 鹿児島県出水市汐見町８５５−２,32.1022511,130.3117111
前田簡易郵便局,https://map.japanpost.jp/p/search/dtl/300178624000/?&cond2=1&cond200=1&&his=sa2,899-0122 鹿児島県出水市境町２６７０,32.1532378,130.3661447
串木野郵便局,https://map.japanpost.jp/p/search/dtl/300178115000/?&cond2=1&cond200=1&&his=sa2,896-8799 鹿児島県いちき串木野市大原町１５６,31.7167086,130.2742978
荒川簡易郵便局,https://map.japanpost.jp/p/search/dtl/300178620000/?&cond2=1&cond200=1&&his=sa2,896-0065 鹿児島県いちき串木野市荒川２３７０−５,31.7479019,130.2486714
市来大里郵便局,https://map.japanpost.jp/p/search/dtl/300178444000/?&cond2=1&cond200=1&&his=sa2,899-2103 鹿児島県いちき串木野市大里５６３１−２,31.6789958,130.3068439
市来川上郵便局,https://map.japanpost.jp/p/search/dtl/300178374000/?&cond2=1&cond200=1&&his=sa2,899-2102 鹿児島県いちき串木野市川上１２１５−１,31.7133872,130.3271769
市来郵便局,https://map.japanpost.jp/p/search/dtl/300178010000/?&cond2=1&cond200=1&&his=sa2,899-2101 鹿児島県いちき串木野市湊町３−１１５,31.6921169,130.2929419
冠岳簡易郵便局,https://map.japanpost.jp/p/search/dtl/300178680000/?&cond2=1&cond200=1&&his=sa2,896-0051 鹿児島県いちき串木野市冠嶽１１９６１−３,31.7338244,130.3423839
串木野浜町郵便局,https://map.japanpost.jp/p/search/dtl/300178265000/?&cond2=1&cond200=1&&his=sa2,896-0043 鹿児島県いちき串木野市港町１１５,31.7166,130.2632683
島平郵便局,https://map.japanpost.jp/p/search/dtl/300178363000/?&cond2=1&cond200=1&&his=sa2,896-0031 鹿児島県いちき串木野市東島平町９４,31.7073703,130.2718825
生福郵便局,https://map.japanpost.jp/p/search/dtl/300178247000/?&cond2=1&cond200=1&&his=sa2,896-0078 鹿児島県いちき串木野市生福８５４２−１,31.72705,130.3129444
芹ヶ野郵便局,https://map.japanpost.jp/p/search/dtl/300178160000/?&cond2=1&cond200=1&&his=sa2,896-0075 鹿児島県いちき串木野市金山１４１０３−１６,31.7526697,130.2974614
羽島郵便局,https://map.japanpost.jp/p/search/dtl/300178145000/?&cond2=1&cond200=1&&his=sa2,896-0063 鹿児島県いちき串木野市口之町２９,31.7574503,130.2055333
池田郵便局,https://map.japanpost.jp/p/search/dtl/300178284000/?&cond2=1&cond200=1&&his=sa2,891-0312 鹿児島県指宿市池田３８７６−３,31.2623481,130.5633417
指宿北郵便局,https://map.japanpost.jp/p/search/dtl/300178044000/?&cond2=1&cond200=1&&his=sa2,891-0399 鹿児島県指宿市西方４６９７−イ,31.2782778,130.617085
指宿丈六簡易郵便局,https://map.japanpost.jp/p/search/dtl/300178704000/?&cond2=1&cond200=1&&his=sa2,891-0403 鹿児島県指宿市十二町３３８４,31.2278453,130.6439375
指宿郵便局,https://map.japanpost.jp/p/search/dtl/300178125000/?&cond2=1&cond200=1&&his=sa2,891-0499 鹿児島県指宿市大牟礼３−２０−６,31.2438133,130.6450758
指宿湯の浜郵便局,https://map.japanpost.jp/p/search/dtl/300178405000/?&cond2=1&cond200=1&&his=sa2,891-0406 鹿児島県指宿市湯の浜２−１５−１,31.2341117,130.6486083
今和泉郵便局,https://map.japanpost.jp/p/search/dtl/300178146000/?&cond2=1&cond200=1&&his=sa2,891-0315 鹿児島県指宿市岩本２８８７,31.2911747,130.5994219
上野簡易郵便局,https://map.japanpost.jp/p/search/dtl/300178745000/?&cond2=1&cond200=1&&his=sa2,891-0601 鹿児島県指宿市開聞上野１９００,31.2130669,130.5609597
大山郵便局,https://map.japanpost.jp/p/search/dtl/300178227000/?&cond2=1&cond200=1&&his=sa2,891-0514 鹿児島県指宿市山川大山２９６３−４,31.2006381,130.5982803
開聞入野郵便局,https://map.japanpost.jp/p/search/dtl/300178416000/?&cond2=1&cond200=1&&his=sa2,891-0603 鹿児島県指宿市開聞十町４８０６−２９,31.2028128,130.5186722
開聞郵便局,https://map.japanpost.jp/p/search/dtl/300178163000/?&cond2=1&cond200=1&&his=sa2,891-0603 鹿児島県指宿市開聞十町２９２４−５,31.2049175,130.5363728
川尻郵便局,https://map.japanpost.jp/p/search/dtl/300178169000/?&cond2=1&cond200=1&&his=sa2,891-0602 鹿児島県指宿市開聞川尻５６６０,31.1797253,130.5584561
下仙田簡易郵便局,https://map.japanpost.jp/p/search/dtl/300178776000/?&cond2=1&cond200=1&&his=sa2,891-0604 鹿児島県指宿市開聞仙田３０４５−１,31.2044592,130.54437
新西方簡易郵便局,https://map.japanpost.jp/p/search/dtl/300178802000/?&cond2=1&cond200=1&&his=sa2,891-0313 鹿児島県指宿市新西方４１５−１,31.2753478,130.5998836
十町郵便局,https://map.japanpost.jp/p/search/dtl/300178301000/?&cond2=1&cond200=1&&his=sa2,891-0404 鹿児島県指宿市東方１９−３,31.2511928,130.6305711
仙田簡易郵便局,https://map.japanpost.jp/p/search/dtl/300178666000/?&cond2=1&cond200=1&&his=sa2,891-0604 鹿児島県指宿市開聞仙田２３２１−３,31.2119314,130.5478811
玉井簡易郵便局,https://map.japanpost.jp/p/search/dtl/300178728000/?&cond2=1&cond200=1&&his=sa2,891-0603 鹿児島県指宿市開聞十町１５０３−２,31.2142278,130.5400475
徳光郵便局,https://map.japanpost.jp/p/search/dtl/300178377000/?&cond2=1&cond200=1&&his=sa2,891-0513 鹿児島県指宿市山川岡児ケ水１９４０−２,31.1769844,130.5888425
利永郵便局,https://map.japanpost.jp/p/search/dtl/300178380000/?&cond2=1&cond200=1&&his=sa2,891-0621 鹿児島県指宿市山川利永３９５,31.2075147,130.5726294
成川郵便局,https://map.japanpost.jp/p/search/dtl/300178385000/?&cond2=1&cond200=1&&his=sa2,891-0516 鹿児島県指宿市山川成川２９１,31.2100044,130.62279
東方簡易郵便局,https://map.japanpost.jp/p/search/dtl/300178679000/?&cond2=1&cond200=1&&his=sa2,891-0311 鹿児島県指宿市西方６４３,31.2633158,130.6167856
吹越簡易郵便局,https://map.japanpost.jp/p/search/dtl/300178835000/?&cond2=1&cond200=1&&his=sa2,891-0311 鹿児島県指宿市西方３１８４−１,31.2684161,130.6362944
弥次ヶ湯簡易郵便局,https://map.japanpost.jp/p/search/dtl/300178808000/?&cond2=1&cond200=1&&his=sa2,891-0403 鹿児島県指宿市十二町１２９−３,31.2469011,130.6382736
山川郵便局,https://map.japanpost.jp/p/search/dtl/300178061000/?&cond2=1&cond200=1&&his=sa2,891-0599 鹿児島県指宿市山川新生町３５−１,31.2049411,130.6384381
浅間簡易郵便局,https://map.japanpost.jp/p/search/dtl/300179733000/?&cond2=1&cond200=1&&his=sa2,891-7605 鹿児島県大島郡天城町浅間３９３−１,27.8347717,128.8915017
大島松原郵便局,https://map.japanpost.jp/p/search/dtl/300179048000/?&cond2=1&cond200=1&&his=sa2,891-7602 鹿児島県大島郡天城町松原３７７−１,27.854075,128.8955789
兼久簡易郵便局,https://map.japanpost.jp/p/search/dtl/300179739000/?&cond2=1&cond200=1&&his=sa2,891-7621 鹿児島県大島郡天城町兼久１２００−１,27.7985744,128.9036547
瀬滝簡易郵便局,https://map.japanpost.jp/p/search/dtl/300179702000/?&cond2=1&cond200=1&&his=sa2,891-7623 鹿児島県大島郡天城町瀬滝９８３−１,27.7802864,128.9103358
西阿木名郵便局,https://map.japanpost.jp/p/search/dtl/300179049000/?&cond2=1&cond200=1&&his=sa2,891-7799 鹿児島県大島郡天城町西阿木名３１６,27.7516025,128.9171889
平土野郵便局,https://map.japanpost.jp/p/search/dtl/300179047000/?&cond2=1&cond200=1&&his=sa2,891-7699 鹿児島県大島郡天城町平土野２７１０−１,27.8125625,128.8962053
阿三簡易郵便局,https://map.japanpost.jp/p/search/dtl/300179728000/?&cond2=1&cond200=1&&his=sa2,891-8321 鹿児島県大島郡伊仙町阿三１１９１−２,27.6863764,128.9284631
伊仙郵便局,https://map.japanpost.jp/p/search/dtl/300179050000/?&cond2=1&cond200=1&&his=sa2,891-8201 鹿児島県大島郡伊仙町伊仙２０８７−１１,27.6740206,128.9363356
犬田布郵便局,https://map.japanpost.jp/p/search/dtl/300179052000/?&cond2=1&cond200=1&&his=sa2,891-8327 鹿児島県大島郡伊仙町犬田布３０３−５,27.7128833,128.9075561
面縄郵便局,https://map.japanpost.jp/p/search/dtl/300179053000/?&cond2=1&cond200=1&&his=sa2,891-8199 鹿児島県大島郡伊仙町面縄２３０７−３,27.6728703,128.9676144
河地簡易郵便局,https://map.japanpost.jp/p/search/dtl/300179714000/?&cond2=1&cond200=1&&his=sa2,891-8324 鹿児島県大島郡伊仙町糸木名７４９-１,27.7333092,128.9227786
喜念簡易郵便局,https://map.japanpost.jp/p/search/dtl/300179719000/?&cond2=1&cond200=1&&his=sa2,891-8111 鹿児島県大島郡伊仙町喜念３４１,27.6864683,128.9931214
検福簡易郵便局,https://map.japanpost.jp/p/search/dtl/300179720000/?&cond2=1&cond200=1&&his=sa2,891-8116 鹿児島県大島郡伊仙町検福１２０,27.6728328,128.95339
鹿浦郵便局,https://map.japanpost.jp/p/search/dtl/300179051000/?&cond2=1&cond200=1&&his=sa2,891-8399 鹿児島県大島郡伊仙町阿権１７５５−５,27.7063042,128.9233333
目手久簡易郵便局,https://map.japanpost.jp/p/search/dtl/300179723000/?&cond2=1&cond200=1&&his=sa2,891-8113 鹿児島県大島郡伊仙町目手久１８９５ー２,27.6783694,128.9780908
阿室郵便局,https://map.japanpost.jp/p/search/dtl/300179022000/?&cond2=1&cond200=1&&his=sa2,894-3699 鹿児島県大島郡宇検村阿室２７１３−１,28.2559242,129.2014056
宇検久志郵便局,https://map.japanpost.jp/p/search/dtl/300179020000/?&cond2=1&cond200=1&&his=sa2,894-3412 鹿児島県大島郡宇検村久志２５４,28.2866447,129.2332986
宇検郵便局,https://map.japanpost.jp/p/search/dtl/300179019000/?&cond2=1&cond200=1&&his=sa2,894-3399 鹿児島県大島郡宇検村湯湾９,28.2798781,129.29469
名柄郵便局,https://map.japanpost.jp/p/search/dtl/300179021000/?&cond2=1&cond200=1&&his=sa2,894-3521 鹿児島県大島郡宇検村名柄１２３７−７,28.2521486,129.2488078
荒木簡易郵便局,https://map.japanpost.jp/p/search/dtl/300179707000/?&cond2=1&cond200=1&&his=sa2,891-6231 鹿児島県大島郡喜界町荒木９２−１,28.2998144,129.9212122
小野津郵便局,https://map.japanpost.jp/p/search/dtl/300179040000/?&cond2=1&cond200=1&&his=sa2,891-6142 鹿児島県大島郡喜界町小野津１０３３−１,28.3651811,130.0032311
上嘉鉄郵便局,https://map.japanpost.jp/p/search/dtl/300179038000/?&cond2=1&cond200=1&&his=sa2,891-6233 鹿児島県大島郡喜界町上嘉鉄６７−１,28.2815806,129.9435722
喜界郵便局,https://map.japanpost.jp/p/search/dtl/300179036000/?&cond2=1&cond200=1&&his=sa2,891-6299 鹿児島県大島郡喜界町湾２１−３,28.3207714,129.9384544
花良治簡易郵便局,https://map.japanpost.jp/p/search/dtl/300179706000/?&cond2=1&cond200=1&&his=sa2,891-6164 鹿児島県大島郡喜界町花良治１８７６−３,28.2912419,129.9780633
坂嶺郵便局,https://map.japanpost.jp/p/search/dtl/300179037000/?&cond2=1&cond200=1&&his=sa2,891-6216 鹿児島県大島郡喜界町大字坂嶺２０５９−４,28.3403186,129.9700522
志戸桶簡易郵便局,https://map.japanpost.jp/p/search/dtl/300179705000/?&cond2=1&cond200=1&&his=sa2,891-6143 鹿児島県大島郡喜界町志戸桶７７２−２,28.3563683,130.0247069
早町郵便局,https://map.japanpost.jp/p/search/dtl/300179039000/?&cond2=1&cond200=1&&his=sa2,891-6152 鹿児島県大島郡喜界町早町４０１−３,28.3376331,130.0005792
滝川簡易郵便局,https://map.japanpost.jp/p/search/dtl/300179708000/?&cond2=1&cond200=1&&his=sa2,891-6223 鹿児島県大島郡喜界町滝川５５４,28.3176978,129.9672778
阿鉄郵便局,https://map.japanpost.jp/p/search/dtl/300179029000/?&cond2=1&cond200=1&&his=sa2,894-1744 鹿児島県大島郡瀬戸内町阿鉄７２２−３,28.1900061,129.2909728
池地郵便局,https://map.japanpost.jp/p/search/dtl/300179034000/?&cond2=1&cond200=1&&his=sa2,894-2501 鹿児島県大島郡瀬戸内町池地５５１−１,28.0311153,129.2341031
押角郵便局,https://map.japanpost.jp/p/search/dtl/300179032000/?&cond2=1&cond200=1&&his=sa2,894-2231 鹿児島県大島郡瀬戸内町押角４５１,28.1126294,129.2731731
かけろま瀬相郵便局,https://map.japanpost.jp/p/search/dtl/300179031000/?&cond2=1&cond200=1&&his=sa2,894-2322 鹿児島県大島郡瀬戸内町瀬相７４２−２７,28.1257928,129.2455703
勝浦簡易郵便局,https://map.japanpost.jp/p/search/dtl/300179713000/?&cond2=1&cond200=1&&his=sa2,894-1512 鹿児島県大島郡瀬戸内町勝浦２３４−１,28.1745819,129.3477336
嘉鉄簡易郵便局,https://map.japanpost.jp/p/search/dtl/300179711000/?&cond2=1&cond200=1&&his=sa2,894-1522 鹿児島県大島郡瀬戸内町嘉鉄１０８−３,28.1384161,129.338735
久慈郵便局,https://map.japanpost.jp/p/search/dtl/300179024000/?&cond2=1&cond200=1&&his=sa2,894-1899 鹿児島県大島郡瀬戸内町久慈５４３−１,28.2308064,129.2521192
古志簡易郵便局,https://map.japanpost.jp/p/search/dtl/300179712000/?&cond2=1&cond200=1&&his=sa2,894-1852 鹿児島県大島郡瀬戸内町古志２６８,28.2346544,129.2761825
古仁屋郵便局,https://map.japanpost.jp/p/search/dtl/300179026000/?&cond2=1&cond200=1&&his=sa2,894-1599 鹿児島県大島郡瀬戸内町古仁屋松江８,28.1475622,129.3127028
実久郵便局,https://map.japanpost.jp/p/search/dtl/300179030000/?&cond2=1&cond200=1&&his=sa2,894-2401 鹿児島県大島郡瀬戸内町瀬武１７０,28.1652211,129.2093642
篠川郵便局,https://map.japanpost.jp/p/search/dtl/300179025000/?&cond2=1&cond200=1&&his=sa2,894-1741 鹿児島県大島郡瀬戸内町篠川５５８−１,28.2224117,129.2949606
諸鈍郵便局,https://map.japanpost.jp/p/search/dtl/300179033000/?&cond2=1&cond200=1&&his=sa2,894-2141 鹿児島県大島郡瀬戸内町諸鈍３４５−６,28.0931444,129.3258483
節子簡易郵便局,https://map.japanpost.jp/p/search/dtl/300179740000/?&cond2=1&cond200=1&&his=sa2,894-1514 鹿児島県大島郡瀬戸内町節子１２４０−３,28.1661875,129.3805436
瀬戸内阿木名郵便局,https://map.japanpost.jp/p/search/dtl/300179027000/?&cond2=1&cond200=1&&his=sa2,894-1511 鹿児島県大島郡瀬戸内町阿木名５０９−１,28.1687567,129.3345511
西古見郵便局,https://map.japanpost.jp/p/search/dtl/300179023000/?&cond2=1&cond200=1&&his=sa2,894-1855 鹿児島県大島郡瀬戸内町西古見５６,28.240125,129.1734192
与路郵便局,https://map.japanpost.jp/p/search/dtl/300179035000/?&cond2=1&cond200=1&&his=sa2,894-2601 鹿児島県大島郡瀬戸内町与路３７０,28.0447761,129.1639183
赤尾木郵便局,https://map.japanpost.jp/p/search/dtl/300179008000/?&cond2=1&cond200=1&&his=sa2,894-0499 鹿児島県大島郡龍郷町赤尾木２４１−２,28.4132175,129.6268881
秋名郵便局,https://map.japanpost.jp/p/search/dtl/300179007000/?&cond2=1&cond200=1&&his=sa2,894-0333 鹿児島県大島郡龍郷町秋名１２１５−１,28.4468547,129.5579994
円簡易郵便局,https://map.japanpost.jp/p/search/dtl/300179725000/?&cond2=1&cond200=1&&his=sa2,894-0324 鹿児島県大島郡龍郷町円４６８,28.4659986,129.586785
大勝郵便局,https://map.japanpost.jp/p/search/dtl/300179009000/?&cond2=1&cond200=1&&his=sa2,894-0199 鹿児島県大島郡龍郷町大勝１１４８−２,28.3953086,129.5841939
嘉渡簡易郵便局,https://map.japanpost.jp/p/search/dtl/300179724000/?&cond2=1&cond200=1&&his=sa2,894-0331 鹿児島県大島郡龍郷町嘉渡４３３−１４,28.4552697,129.5705328
竜郷郵便局,https://map.japanpost.jp/p/search/dtl/300179006000/?&cond2=1&cond200=1&&his=sa2,894-0399 鹿児島県大島郡龍郷町龍郷１７３０−２,28.4543328,129.6055939
余多郵便局,https://map.japanpost.jp/p/search/dtl/300179062000/?&cond2=1&cond200=1&&his=sa2,891-9201 鹿児島県大島郡知名町余多朝戸７０８,27.3603875,128.6076553
住吉簡易郵便局,https://map.japanpost.jp/p/search/dtl/300179727000/?&cond2=1&cond200=1&&his=sa2,891-9223 鹿児島県大島郡知名町住吉２５５０−１,27.3651772,128.5329814
田皆郵便局,https://map.japanpost.jp/p/search/dtl/300179057000/?&cond2=1&cond200=1&&his=sa2,891-9231 鹿児島県大島郡知名町田皆２１９４−２,27.3862703,128.5401439
知名郵便局,https://map.japanpost.jp/p/search/dtl/300179054000/?&cond2=1&cond200=1&&his=sa2,891-9299 鹿児島県大島郡知名町知名３１２−１９,27.3330731,128.5757719
井之川郵便局,https://map.japanpost.jp/p/search/dtl/300179042000/?&cond2=1&cond200=1&&his=sa2,891-7114 鹿児島県大島郡徳之島町井之川４１３,27.7752108,129.0220031
亀津郵便局,https://map.japanpost.jp/p/search/dtl/300179041000/?&cond2=1&cond200=1&&his=sa2,891-7199 鹿児島県大島郡徳之島町亀津２９２２−１,27.7284011,129.0177281
花徳郵便局,https://map.japanpost.jp/p/search/dtl/300179044000/?&cond2=1&cond200=1&&his=sa2,891-7499 鹿児島県大島郡徳之島町花徳２９３５−６,27.8226214,128.9603275
手々郵便局,https://map.japanpost.jp/p/search/dtl/300179046000/?&cond2=1&cond200=1&&his=sa2,891-7421 鹿児島県大島郡徳之島町手々２９９５,27.8879203,128.9344417
徳之島尾母簡易郵便局,https://map.japanpost.jp/p/search/dtl/300179735000/?&cond2=1&cond200=1&&his=sa2,891-7104 鹿児島県大島郡徳之島町尾母６１−５,27.7160036,128.9895886
徳之島亀徳郵便局,https://map.japanpost.jp/p/search/dtl/300179061000/?&cond2=1&cond200=1&&his=sa2,891-7102 鹿児島県大島郡徳之島町亀徳２０５４−３,27.7428633,129.0217661
徳和瀬簡易郵便局,https://map.japanpost.jp/p/search/dtl/300179734000/?&cond2=1&cond200=1&&his=sa2,891-7111 鹿児島県大島郡徳之島町徳和瀬２１６１−３,27.7611344,129.0250642
東天城郵便局,https://map.japanpost.jp/p/search/dtl/300179045000/?&cond2=1&cond200=1&&his=sa2,891-7423 鹿児島県大島郡徳之島町山１８５８−４,27.8661758,128.9573903
母間郵便局,https://map.japanpost.jp/p/search/dtl/300179043000/?&cond2=1&cond200=1&&his=sa2,891-7426 鹿児島県大島郡徳之島町母間９２９６,27.8111761,128.9813608
今里簡易郵便局,https://map.japanpost.jp/p/search/dtl/300179716000/?&cond2=1&cond200=1&&his=sa2,894-3214 鹿児島県大島郡大和村今里３９４,28.3254636,129.2764097
大棚簡易郵便局,https://map.japanpost.jp/p/search/dtl/300179717000/?&cond2=1&cond200=1&&his=sa2,894-3106 鹿児島県大島郡大和村大棚４２２,28.3560233,129.3584586
名音郵便局,https://map.japanpost.jp/p/search/dtl/300179015000/?&cond2=1&cond200=1&&his=sa2,894-3212 鹿児島県大島郡大和村名音２９１,28.3372936,129.3140117
大和郵便局,https://map.japanpost.jp/p/search/dtl/300179014000/?&cond2=1&cond200=1&&his=sa2,894-3199 鹿児島県大島郡大和村思勝１３−２,28.3567442,129.3971253
朝戸郵便局,https://map.japanpost.jp/p/search/dtl/300179059000/?&cond2=1&cond200=1&&his=sa2,891-9304 鹿児島県大島郡与論町朝戸花川１５７５,27.0314978,128.4358928
那間簡易郵便局,https://map.japanpost.jp/p/search/dtl/300179729000/?&cond2=1&cond200=1&&his=sa2,891-9308 鹿児島県大島郡与論町那間３４１９−１２,27.0526906,128.4333981
与論郵便局,https://map.japanpost.jp/p/search/dtl/300179058000/?&cond2=1&cond200=1&&his=sa2,891-9399 鹿児島県大島郡与論町茶花６８−６,27.0456017,128.4135714
内城郵便局,https://map.japanpost.jp/p/search/dtl/300179056000/?&cond2=1&cond200=1&&his=sa2,891-9131 鹿児島県大島郡和泊町内城５１４−３,27.3822017,128.6050133
国頭郵便局,https://map.japanpost.jp/p/search/dtl/300179063000/?&cond2=1&cond200=1&&his=sa2,891-9101 鹿児島県大島郡和泊町国頭２３２３−１,27.4281094,128.6858461
玉城簡易郵便局,https://map.japanpost.jp/p/search/dtl/300179715000/?&cond2=1&cond200=1&&his=sa2,891-9122 鹿児島県大島郡和泊町玉城１１７９−２,27.3854825,128.6284642
和泊郵便局,https://map.japanpost.jp/p/search/dtl/300179055000/?&cond2=1&cond200=1&&his=sa2,891-9199 鹿児島県大島郡和泊町和泊５４８−１,27.3941014,128.6551561
