0,1,2,Latitude,Longitude
伊万里郵便局,https://map.japanpost.jp/p/search/dtl/300177004000/?&cond2=1&cond200=1&&his=sa2,848-8799 佐賀県伊万里市伊万里町甲８２７−２,33.2733678,129.8749031
伊万里郵便局,https://map.japanpost.jp/p/search/dtl/300177004000/?&cond2=1&cond200=1&&his=sa2,848-8799 佐賀県伊万里市伊万里町甲８２７−２,33.2733678,129.8749031
伊万里大久保郵便局,https://map.japanpost.jp/p/search/dtl/300177151000/?&cond2=1&cond200=1&&his=sa2,849-4281 佐賀県伊万里市東山代町大久保３９８３−１,33.2797825,129.8235378
伊万里中里郵便局,https://map.japanpost.jp/p/search/dtl/300177170000/?&cond2=1&cond200=1&&his=sa2,848-0034 佐賀県伊万里市二里町中里甲３２９１−１,33.2448158,129.8509083
伊万里松浦郵便局,https://map.japanpost.jp/p/search/dtl/300177090000/?&cond2=1&cond200=1&&his=sa2,849-5261 佐賀県伊万里市松浦町桃川５６５７−３,33.2713844,129.9579356
浦崎郵便局,https://map.japanpost.jp/p/search/dtl/300177111000/?&cond2=1&cond200=1&&his=sa2,849-4261 佐賀県伊万里市山代町立岩４１３−９,33.335045,129.7906497
大川内郵便局,https://map.japanpost.jp/p/search/dtl/300177169000/?&cond2=1&cond200=1&&his=sa2,848-0027 佐賀県伊万里市立花町２６４９−１０,33.2635386,129.8922744
大川野郵便局,https://map.japanpost.jp/p/search/dtl/300177039000/?&cond2=1&cond200=1&&his=sa2,849-5299 佐賀県伊万里市大川町大川野３３４７−６,33.3052564,129.9733908
大坪郵便局,https://map.japanpost.jp/p/search/dtl/300177129000/?&cond2=1&cond200=1&&his=sa2,848-0027 佐賀県伊万里市立花町４０８８−２,33.2743736,129.8853603
楠久郵便局,https://map.japanpost.jp/p/search/dtl/300177022000/?&cond2=1&cond200=1&&his=sa2,849-4299 佐賀県伊万里市山代町楠久津新田１７７−４７,33.2944128,129.8266997
久原郵便局,https://map.japanpost.jp/p/search/dtl/300177060000/?&cond2=1&cond200=1&&his=sa2,849-4256 佐賀県伊万里市山代町久原２８７４,33.3144303,129.8113881
黒川郵便局,https://map.japanpost.jp/p/search/dtl/300177073000/?&cond2=1&cond200=1&&his=sa2,848-0199 佐賀県伊万里市黒川町小黒川４００−９,33.3266281,129.8485356
啓成郵便局,https://map.japanpost.jp/p/search/dtl/300177180000/?&cond2=1&cond200=1&&his=sa2,848-0045 佐賀県伊万里市松島町９５４,33.2809528,129.8795281
滝川内簡易郵便局,https://map.japanpost.jp/p/search/dtl/300177732000/?&cond2=1&cond200=1&&his=sa2,849-4285 佐賀県伊万里市東山代町滝川内２１０８,33.2788347,129.7957158
立花簡易郵便局,https://map.japanpost.jp/p/search/dtl/300177723000/?&cond2=1&cond200=1&&his=sa2,848-0027 佐賀県伊万里市立花町１９２２−３８,33.2590094,129.8815172
二里郵便局,https://map.japanpost.jp/p/search/dtl/300177134000/?&cond2=1&cond200=1&&his=sa2,848-0032 佐賀県伊万里市二里町大里甲１９７２−６,33.2674603,129.8629153
波多津郵便局,https://map.japanpost.jp/p/search/dtl/300177053000/?&cond2=1&cond200=1&&his=sa2,848-0101 佐賀県伊万里市波多津町辻５４７７,33.3727886,129.8705556
東山代郵便局,https://map.japanpost.jp/p/search/dtl/300177123000/?&cond2=1&cond200=1&&his=sa2,849-4271 佐賀県伊万里市東山代町長浜２１０３−１,33.2783914,129.8464958
南波多郵便局,https://map.japanpost.jp/p/search/dtl/300177096000/?&cond2=1&cond200=1&&his=sa2,848-0007 佐賀県伊万里市南波多町井手野２７０２−４,33.3115989,129.9286033
嬉野郵便局,https://map.japanpost.jp/p/search/dtl/300177011000/?&cond2=1&cond200=1&&his=sa2,843-0399 佐賀県嬉野市嬉野町下宿乙２２０２−１３,33.0974908,129.9819767
嬉野郵便局,https://map.japanpost.jp/p/search/dtl/300177011000/?&cond2=1&cond200=1&&his=sa2,843-0399 佐賀県嬉野市嬉野町下宿乙２２０２−１３,33.0974908,129.9819767
大草野郵便局,https://map.japanpost.jp/p/search/dtl/300177137000/?&cond2=1&cond200=1&&his=sa2,849-1415 佐賀県嬉野市塩田町大草野丙２００１−１,33.1302678,130.0069733
久間郵便局,https://map.japanpost.jp/p/search/dtl/300177072000/?&cond2=1&cond200=1&&his=sa2,849-1401 佐賀県嬉野市塩田町久間甲９３９−４,33.1502983,130.0640303
五町田郵便局,https://map.japanpost.jp/p/search/dtl/300177146000/?&cond2=1&cond200=1&&his=sa2,849-1422 佐賀県嬉野市塩田町谷所甲２５２９,33.1003486,130.0682342
塩田郵便局,https://map.japanpost.jp/p/search/dtl/300177006000/?&cond2=1&cond200=1&&his=sa2,849-1499 佐賀県嬉野市塩田町馬場下甲２０４８−２,33.1270814,130.0591569
下宿簡易郵便局,https://map.japanpost.jp/p/search/dtl/300177719000/?&cond2=1&cond200=1&&his=sa2,843-0301 佐賀県嬉野市嬉野町下宿甲４７１３−２,33.1037236,129.9955175
不動山簡易郵便局,https://map.japanpost.jp/p/search/dtl/300177730000/?&cond2=1&cond200=1&&his=sa2,843-0305 佐賀県嬉野市嬉野町不動山甲３−２,33.0848122,129.9738075
吉田郵便局,https://map.japanpost.jp/p/search/dtl/300177057000/?&cond2=1&cond200=1&&his=sa2,843-0303 佐賀県嬉野市嬉野町吉田丁４６４４−３,33.0825467,130.019165
芦刈郵便局,https://map.japanpost.jp/p/search/dtl/300177132000/?&cond2=1&cond200=1&&his=sa2,849-0314 佐賀県小城市芦刈町三王崎３２６−１,33.2240203,130.2092497
芦刈郵便局,https://map.japanpost.jp/p/search/dtl/300177132000/?&cond2=1&cond200=1&&his=sa2,849-0314 佐賀県小城市芦刈町三王崎３２６−１,33.2240203,130.2092497
牛津郵便局,https://map.japanpost.jp/p/search/dtl/300177009000/?&cond2=1&cond200=1&&his=sa2,849-0302 佐賀県小城市牛津町柿樋瀬１０６７,33.2485364,130.2034217
小城郵便局,https://map.japanpost.jp/p/search/dtl/300177005000/?&cond2=1&cond200=1&&his=sa2,845-8799 佐賀県小城市小城町２５６−５,33.2936981,130.1970622
砥川簡易郵便局,https://map.japanpost.jp/p/search/dtl/300177744000/?&cond2=1&cond200=1&&his=sa2,849-0305 佐賀県小城市牛津町上砥川４７３−１,33.2397569,130.1837344
三日月郵便局,https://map.japanpost.jp/p/search/dtl/300177107000/?&cond2=1&cond200=1&&his=sa2,845-0021 佐賀県小城市三日月町長神田２２３７−１,33.276425,130.2160275
