0,1,2,Latitude,Longitude
相生郵便局,https://map.japanpost.jp/p/search/dtl/300143081000/?&cond2=1&cond200=1&&his=sa2,678-8799 兵庫県相生市垣内町２−４,34.8110169,134.4734686
相生郵便局,https://map.japanpost.jp/p/search/dtl/300143081000/?&cond2=1&cond200=1&&his=sa2,678-8799 兵庫県相生市垣内町２−４,34.8110169,134.4734686
相生旭郵便局,https://map.japanpost.jp/p/search/dtl/300143404000/?&cond2=1&cond200=1&&his=sa2,678-0031 兵庫県相生市旭４−１１−９,34.8080667,134.4712283
相生石播簡易郵便局,https://map.japanpost.jp/p/search/dtl/300142635000/?&cond2=1&cond200=1&&his=sa2,678-0041 兵庫県相生市相生５２９２−１,34.7963933,134.4665728
相生佐方郵便局,https://map.japanpost.jp/p/search/dtl/300143686000/?&cond2=1&cond200=1&&his=sa2,678-0063 兵庫県相生市佐方２−４−５,34.8032861,134.4521353
相生那波野郵便局,https://map.japanpost.jp/p/search/dtl/300143649000/?&cond2=1&cond200=1&&his=sa2,678-0023 兵庫県相生市向陽台６−１１,34.8159661,134.4894919
相生緑ケ丘郵便局,https://map.japanpost.jp/p/search/dtl/300143788000/?&cond2=1&cond200=1&&his=sa2,678-0071 兵庫県相生市緑ケ丘２−８−２４,34.8207897,134.4546431
相生港郵便局,https://map.japanpost.jp/p/search/dtl/300143150000/?&cond2=1&cond200=1&&his=sa2,678-0041 兵庫県相生市相生５−１−２４,34.7976542,134.4747217
相生矢野郵便局,https://map.japanpost.jp/p/search/dtl/300143366000/?&cond2=1&cond200=1&&his=sa2,678-0091 兵庫県相生市矢野町真広４８−１,34.8595111,134.4474419
若狭野郵便局,https://map.japanpost.jp/p/search/dtl/300143143000/?&cond2=1&cond200=1&&his=sa2,678-0082 兵庫県相生市若狭野町八洞五反田１７４−３,34.8324189,134.4332844
明石郵便局,https://map.japanpost.jp/p/search/dtl/300143007000/?&cond2=1&cond200=1&&his=sa2,673-8799 兵庫県明石市樽屋町１−７,34.6474342,134.9879322
明石郵便局,https://map.japanpost.jp/p/search/dtl/300143007000/?&cond2=1&cond200=1&&his=sa2,673-8799 兵庫県明石市樽屋町１−７,34.6474342,134.9879322
明石西郵便局,https://map.japanpost.jp/p/search/dtl/300143044000/?&cond2=1&cond200=1&&his=sa2,674-8799 兵庫県明石市魚住町錦が丘４−２−２２,34.6971511,134.90767
明石朝霧駅前郵便局,https://map.japanpost.jp/p/search/dtl/300143683000/?&cond2=1&cond200=1&&his=sa2,673-0870 兵庫県明石市朝霧南町２−２３２,34.6464042,135.0194108
明石朝霧郵便局,https://map.japanpost.jp/p/search/dtl/300143630000/?&cond2=1&cond200=1&&his=sa2,673-0866 兵庫県明石市朝霧町２−１１−１,34.6493014,135.0122497
明石上ノ丸郵便局,https://map.japanpost.jp/p/search/dtl/300143508000/?&cond2=1&cond200=1&&his=sa2,673-0846 兵庫県明石市上ノ丸１−１−２７,34.6538364,134.9995644
明石江井ケ島郵便局,https://map.japanpost.jp/p/search/dtl/300143159000/?&cond2=1&cond200=1&&his=sa2,674-0064 兵庫県明石市大久保町江井島７５１,34.67885,134.9177581
明石大久保郵便局,https://map.japanpost.jp/p/search/dtl/300143748000/?&cond2=1&cond200=1&&his=sa2,674-0058 兵庫県明石市大久保町駅前１−１８−１２,34.6843003,134.9385778
明石岡田郵便局,https://map.japanpost.jp/p/search/dtl/300143719000/?&cond2=1&cond200=1&&his=sa2,674-0051 兵庫県明石市大久保町大窪９４６−５,34.6875328,134.94801
明石和坂郵便局,https://map.japanpost.jp/p/search/dtl/300143507000/?&cond2=1&cond200=1&&his=sa2,673-0011 兵庫県明石市西明石町５−１４−７,34.6628433,134.9663617
明石貴崎郵便局,https://map.japanpost.jp/p/search/dtl/300143587000/?&cond2=1&cond200=1&&his=sa2,673-0037 兵庫県明石市貴崎２−１７−１,34.6521342,134.9661564
明石子午線郵便局,https://map.japanpost.jp/p/search/dtl/300143256000/?&cond2=1&cond200=1&&his=sa2,673-0881 兵庫県明石市天文町１−３−６,34.6468525,135.0014189
明石清水郵便局,https://map.japanpost.jp/p/search/dtl/300143780000/?&cond2=1&cond200=1&&his=sa2,674-0074 兵庫県明石市魚住町清水１０１４−４,34.7079253,134.9066756
明石太寺郵便局,https://map.japanpost.jp/p/search/dtl/300143697000/?&cond2=1&cond200=1&&his=sa2,673-0844 兵庫県明石市東野町１８７２−１４,34.6547225,135.0078339
明石高丘郵便局,https://map.japanpost.jp/p/search/dtl/300143742000/?&cond2=1&cond200=1&&his=sa2,674-0057 兵庫県明石市大久保町高丘３−３−９３−１０１,34.7007125,134.9480267
明石田町郵便局,https://map.japanpost.jp/p/search/dtl/300143403000/?&cond2=1&cond200=1&&his=sa2,673-0025 兵庫県明石市田町２−１１−２３,34.6476728,134.9766694
明石茶園場郵便局,https://map.japanpost.jp/p/search/dtl/300143550000/?&cond2=1&cond200=1&&his=sa2,673-0849 兵庫県明石市茶園場町１−２,34.6576889,134.9893958
明石鳥羽郵便局,https://map.japanpost.jp/p/search/dtl/300143681000/?&cond2=1&cond200=1&&his=sa2,673-0005 兵庫県明石市小久保６−１３−１６,34.6736842,134.9623339
明石西新町郵便局,https://map.japanpost.jp/p/search/dtl/300143506000/?&cond2=1&cond200=1&&his=sa2,673-0023 兵庫県明石市西新町１−２１−５,34.6528422,134.982825
明石東仲ノ町郵便局,https://map.japanpost.jp/p/search/dtl/300143323000/?&cond2=1&cond200=1&&his=sa2,673-0886 兵庫県明石市東仲ノ町３−２５,34.6475536,134.9961517
明石東二見郵便局,https://map.japanpost.jp/p/search/dtl/300143689000/?&cond2=1&cond200=1&&his=sa2,674-0092 兵庫県明石市二見町東二見１９２７−１,34.6956428,134.8884492
明石藤江郵便局,https://map.japanpost.jp/p/search/dtl/300143451000/?&cond2=1&cond200=1&&his=sa2,673-0046 兵庫県明石市藤が丘２−１７−２７,34.6647575,134.9466336
明石二見北郵便局,https://map.japanpost.jp/p/search/dtl/300142043000/?&cond2=1&cond200=1&&his=sa2,674-0094 兵庫県明石市二見町西二見１５７−１４,34.7093444,134.8900489
明石松が丘郵便局,https://map.japanpost.jp/p/search/dtl/300143640000/?&cond2=1&cond200=1&&his=sa2,673-0862 兵庫県明石市松が丘２−３−３,34.6529633,135.0264347
明石明南郵便局,https://map.japanpost.jp/p/search/dtl/300143787000/?&cond2=1&cond200=1&&his=sa2,673-0001 兵庫県明石市明南町１−６−７,34.6706258,134.9700367
明石森田郵便局,https://map.japanpost.jp/p/search/dtl/300143447000/?&cond2=1&cond200=1&&his=sa2,674-0067 兵庫県明石市大久保町大久保町４５０−４,34.6796114,134.9466528
明石八木郵便局,https://map.japanpost.jp/p/search/dtl/300143720000/?&cond2=1&cond200=1&&his=sa2,674-0062 兵庫県明石市大久保町谷八木１１９１−１３６,34.6746594,134.9389194
明石山手台郵便局,https://map.japanpost.jp/p/search/dtl/300143682000/?&cond2=1&cond200=1&&his=sa2,674-0051 兵庫県明石市大久保町大窪１７０７−４,34.6973819,134.9427639
魚住郵便局,https://map.japanpost.jp/p/search/dtl/300143369000/?&cond2=1&cond200=1&&his=sa2,674-0072 兵庫県明石市魚住町長坂寺７３０,34.6967122,134.91713
オーズタウン郵便局,https://map.japanpost.jp/p/search/dtl/300142063000/?&cond2=1&cond200=1&&his=sa2,674-0068 兵庫県明石市大久保町ゆりのき通１−２−３−５−１０２,34.6801781,134.9382861
西明石駅前郵便局,https://map.japanpost.jp/p/search/dtl/300143621000/?&cond2=1&cond200=1&&his=sa2,673-0041 兵庫県明石市西明石南町２−１９−３,34.6638214,134.9601158
上郡高田台簡易郵便局,https://map.japanpost.jp/p/search/dtl/300142616000/?&cond2=1&cond200=1&&his=sa2,678-1226 兵庫県赤穂郡上郡町高田台３−１０−２０,34.8631869,134.3833128
上郡高田台簡易郵便局,https://map.japanpost.jp/p/search/dtl/300142616000/?&cond2=1&cond200=1&&his=sa2,678-1226 兵庫県赤穂郡上郡町高田台３−１０−２０,34.8631869,134.3833128
上郡本町郵便局,https://map.japanpost.jp/p/search/dtl/300143687000/?&cond2=1&cond200=1&&his=sa2,678-1231 兵庫県赤穂郡上郡町上郡７５４−５,34.8745522,134.3592178
上郡郵便局,https://map.japanpost.jp/p/search/dtl/300143066000/?&cond2=1&cond200=1&&his=sa2,678-1299 兵庫県赤穂郡上郡町駅前18,34.8675417,134.3530356
鞍居簡易郵便局,https://map.japanpost.jp/p/search/dtl/300142642000/?&cond2=1&cond200=1&&his=sa2,678-1202 兵庫県赤穂郡上郡町野桑１３９２−１,34.9041775,134.4013206
高田郵便局,https://map.japanpost.jp/p/search/dtl/300143430000/?&cond2=1&cond200=1&&his=sa2,678-1216 兵庫県赤穂郡上郡町中野７２７,34.8587658,134.3889369
梨ヶ原簡易郵便局,https://map.japanpost.jp/p/search/dtl/300143900000/?&cond2=1&cond200=1&&his=sa2,678-1244 兵庫県赤穂郡上郡町梨ケ原４７３,34.8343992,134.3133597
西播磨光都プラザ郵便局,https://map.japanpost.jp/p/search/dtl/300143294000/?&cond2=1&cond200=1&&his=sa2,678-1205 兵庫県赤穂郡上郡町光都２−２３−１,34.9354361,134.4432414
船坂郵便局,https://map.japanpost.jp/p/search/dtl/300143339000/?&cond2=1&cond200=1&&his=sa2,678-1256 兵庫県赤穂郡上郡町八保甲３０９,34.8721236,134.3171531
赤穂郵便局,https://map.japanpost.jp/p/search/dtl/300143006000/?&cond2=1&cond200=1&&his=sa2,678-0299 兵庫県赤穂市加里屋駅前町６４−１,34.7551672,134.3929178
赤穂郵便局,https://map.japanpost.jp/p/search/dtl/300143006000/?&cond2=1&cond200=1&&his=sa2,678-0299 兵庫県赤穂市加里屋駅前町６４−１,34.7551672,134.3929178
赤穂大津簡易郵便局,https://map.japanpost.jp/p/search/dtl/300142609000/?&cond2=1&cond200=1&&his=sa2,678-0252 兵庫県赤穂市大津１２７−２,34.7768978,134.3631436
赤穂尾崎郵便局,https://map.japanpost.jp/p/search/dtl/300143151000/?&cond2=1&cond200=1&&his=sa2,678-0221 兵庫県赤穂市尾崎２０８,34.7472158,134.4021278
赤穂元禄郵便局,https://map.japanpost.jp/p/search/dtl/300143306000/?&cond2=1&cond200=1&&his=sa2,678-0223 兵庫県赤穂市元禄橋町１３−１,34.7360592,134.4065978
赤穂さくら通り郵便局,https://map.japanpost.jp/p/search/dtl/300143483000/?&cond2=1&cond200=1&&his=sa2,678-0175 兵庫県赤穂市北野中１３４−１,34.7659733,134.4131728
赤穂塩屋郵便局,https://map.japanpost.jp/p/search/dtl/300143423000/?&cond2=1&cond200=1&&his=sa2,678-0201 兵庫県赤穂市塩屋１００−１,34.75896,134.3833611
赤穂千鳥簡易郵便局,https://map.japanpost.jp/p/search/dtl/300143860000/?&cond2=1&cond200=1&&his=sa2,678-0232 兵庫県赤穂市中広東沖１５３２−１,34.7370169,134.3863183
赤穂忠臣蔵郵便局,https://map.japanpost.jp/p/search/dtl/300143552000/?&cond2=1&cond200=1&&his=sa2,678-0234 兵庫県赤穂市加里屋南５−３,34.7507042,134.3898067
赤穂鷏和簡易郵便局,https://map.japanpost.jp/p/search/dtl/300142608000/?&cond2=1&cond200=1&&his=sa2,678-0256 兵庫県赤穂市鷏和６１４−３,34.7528244,134.3558564
赤穂中浜簡易郵便局,https://map.japanpost.jp/p/search/dtl/300142625000/?&cond2=1&cond200=1&&his=sa2,678-0227 兵庫県赤穂市中浜町１−２２,34.7404278,134.3984058
赤穂西簡易郵便局,https://map.japanpost.jp/p/search/dtl/300143818000/?&cond2=1&cond200=1&&his=sa2,678-0255 兵庫県赤穂市新田１２００,34.7641261,134.3603447
有年郵便局,https://map.japanpost.jp/p/search/dtl/300143067000/?&cond2=1&cond200=1&&his=sa2,678-1184 兵庫県赤穂市有年横尾１６８−９,34.8290989,134.3978256
坂越郵便局,https://map.japanpost.jp/p/search/dtl/300143082000/?&cond2=1&cond200=1&&his=sa2,678-0172 兵庫県赤穂市坂越１８５２−１,34.7650292,134.42468
福浦簡易郵便局,https://map.japanpost.jp/p/search/dtl/300143848000/?&cond2=1&cond200=1&&his=sa2,678-0257 兵庫県赤穂市福浦１９４２−１０,34.7468442,134.331175
和田山郵便局,https://map.japanpost.jp/p/search/dtl/300143032000/?&cond2=1&cond200=1&&his=sa2,669-5299 兵庫県朝来市和田山町東谷１０５−１,35.3417422,134.8472686
和田山郵便局,https://map.japanpost.jp/p/search/dtl/300143032000/?&cond2=1&cond200=1&&his=sa2,669-5299 兵庫県朝来市和田山町東谷１０５−１,35.3417422,134.8472686
生野新町郵便局,https://map.japanpost.jp/p/search/dtl/300143469000/?&cond2=1&cond200=1&&his=sa2,679-3321 兵庫県朝来市生野町新町１０６４,35.1682419,134.8127492
生野郵便局,https://map.japanpost.jp/p/search/dtl/300143004000/?&cond2=1&cond200=1&&his=sa2,679-3399 兵庫県朝来市生野町口銀谷５０４−１,35.1669933,134.7928814
糸井郵便局,https://map.japanpost.jp/p/search/dtl/300143328000/?&cond2=1&cond200=1&&his=sa2,669-5235 兵庫県朝来市和田山町和田１９０−２,35.3812139,134.8743472
山東柊木郵便局,https://map.japanpost.jp/p/search/dtl/300143329000/?&cond2=1&cond200=1&&his=sa2,669-5131 兵庫県朝来市山東町柊木３７８,35.2968625,134.8783714
竹田郵便局,https://map.japanpost.jp/p/search/dtl/300143050000/?&cond2=1&cond200=1&&his=sa2,669-5252 兵庫県朝来市和田山町竹田３０−４,35.3030628,134.8381861
東河簡易郵便局,https://map.japanpost.jp/p/search/dtl/300143806000/?&cond2=1&cond200=1&&his=sa2,669-5226 兵庫県朝来市和田山町中１７０−１,35.3493781,134.8849247
栃原簡易郵便局,https://map.japanpost.jp/p/search/dtl/300143816000/?&cond2=1&cond200=1&&his=sa2,679-3331 兵庫県朝来市生野町栃原２９６−１,35.1571547,134.7595033
中川郵便局,https://map.japanpost.jp/p/search/dtl/300143266000/?&cond2=1&cond200=1&&his=sa2,679-3421 兵庫県朝来市伊由市場５７７−１,35.2652533,134.8160739
新井南簡易郵便局,https://map.japanpost.jp/p/search/dtl/300142612000/?&cond2=1&cond200=1&&his=sa2,679-3431 兵庫県朝来市新井７７１−２,35.2329306,134.7931556
新井郵便局,https://map.japanpost.jp/p/search/dtl/300143173000/?&cond2=1&cond200=1&&his=sa2,679-3499 兵庫県朝来市新井６７,35.2426475,134.7958167
円山簡易郵便局,https://map.japanpost.jp/p/search/dtl/300143830000/?&cond2=1&cond200=1&&his=sa2,679-3302 兵庫県朝来市生野町円山６７１−３,35.1864914,134.7922464
梁瀬郵便局,https://map.japanpost.jp/p/search/dtl/300143107000/?&cond2=1&cond200=1&&his=sa2,669-5102 兵庫県朝来市山東町大垣５２−４,35.3184519,134.8828211
和田山大蔵郵便局,https://map.japanpost.jp/p/search/dtl/300143214000/?&cond2=1&cond200=1&&his=sa2,669-5242 兵庫県朝来市和田山町宮田４７３,35.3562986,134.8295867
和田山高田簡易郵便局,https://map.japanpost.jp/p/search/dtl/300143842000/?&cond2=1&cond200=1&&his=sa2,669-5243 兵庫県朝来市和田山町高田４８,35.3685892,134.8143036
和田山本町郵便局,https://map.japanpost.jp/p/search/dtl/300143633000/?&cond2=1&cond200=1&&his=sa2,669-5213 兵庫県朝来市和田山町玉置５７６,35.33656,134.8600442
芦屋郵便局,https://map.japanpost.jp/p/search/dtl/300143203000/?&cond2=1&cond200=1&&his=sa2,659-8799 兵庫県芦屋市平田北町４−１３,34.7254614,135.3016514
芦屋郵便局,https://map.japanpost.jp/p/search/dtl/300143203000/?&cond2=1&cond200=1&&his=sa2,659-8799 兵庫県芦屋市平田北町４−１３,34.7254614,135.3016514
芦屋伊勢郵便局,https://map.japanpost.jp/p/search/dtl/300143546000/?&cond2=1&cond200=1&&his=sa2,659-0052 兵庫県芦屋市伊勢町４−２６,34.7252864,135.3103419
芦屋打出小槌郵便局,https://map.japanpost.jp/p/search/dtl/300143273000/?&cond2=1&cond200=1&&his=sa2,659-0028 兵庫県芦屋市打出小槌町１３−９,34.7319161,135.3155806
芦屋駅前郵便局,https://map.japanpost.jp/p/search/dtl/300143352000/?&cond2=1&cond200=1&&his=sa2,659-0093 兵庫県芦屋市船戸町２−１−１１７,34.7352494,135.3057764
芦屋公光郵便局,https://map.japanpost.jp/p/search/dtl/300143723000/?&cond2=1&cond200=1&&his=sa2,659-0065 兵庫県芦屋市公光町４−２２,34.7304519,135.3035844
芦屋清水郵便局,https://map.japanpost.jp/p/search/dtl/300143325000/?&cond2=1&cond200=1&&his=sa2,659-0076 兵庫県芦屋市清水町３−５,34.7303575,135.2981844
芦屋高浜郵便局,https://map.japanpost.jp/p/search/dtl/300143763000/?&cond2=1&cond200=1&&his=sa2,659-0033 兵庫県芦屋市高浜町７−２−１０１,34.719515,135.3164506
芦屋南宮郵便局,https://map.japanpost.jp/p/search/dtl/300143581000/?&cond2=1&cond200=1&&his=sa2,659-0024 兵庫県芦屋市南宮町１２−２０,34.7272447,135.3188558
芦屋西山郵便局,https://map.japanpost.jp/p/search/dtl/300143257000/?&cond2=1&cond200=1&&his=sa2,659-0083 兵庫県芦屋市西山町１５−１４,34.7366769,135.2986039
芦屋東山郵便局,https://map.japanpost.jp/p/search/dtl/300143567000/?&cond2=1&cond200=1&&his=sa2,659-0091 兵庫県芦屋市東山町４−１０,34.7406208,135.3110944
芦屋翠ケ丘郵便局,https://map.japanpost.jp/p/search/dtl/300143714000/?&cond2=1&cond200=1&&his=sa2,659-0014 兵庫県芦屋市翠ケ丘町１５−９,34.7390514,135.3163167
芦屋宮塚郵便局,https://map.japanpost.jp/p/search/dtl/300143679000/?&cond2=1&cond200=1&&his=sa2,659-0062 兵庫県芦屋市宮塚町１−８,34.7325353,135.3091206
尼崎北郵便局,https://map.japanpost.jp/p/search/dtl/300143651000/?&cond2=1&cond200=1&&his=sa2,661-8799 兵庫県尼崎市南塚口町５−８−１,34.7466131,135.4168331
尼崎北郵便局,https://map.japanpost.jp/p/search/dtl/300143651000/?&cond2=1&cond200=1&&his=sa2,661-8799 兵庫県尼崎市南塚口町５−８−１,34.7466131,135.4168331
尼崎郵便局,https://map.japanpost.jp/p/search/dtl/300143026000/?&cond2=1&cond200=1&&his=sa2,660-8799 兵庫県尼崎市昭和通２−１１−１,34.7207717,135.4235192
尼崎猪名寺郵便局,https://map.japanpost.jp/p/search/dtl/300143704000/?&cond2=1&cond200=1&&his=sa2,661-0981 兵庫県尼崎市猪名寺１−２３−２５,34.7665028,135.4258086
尼崎稲葉荘郵便局,https://map.japanpost.jp/p/search/dtl/300143558000/?&cond2=1&cond200=1&&his=sa2,660-0064 兵庫県尼崎市稲葉荘２−１２−７,34.7342225,135.3843614
尼崎今北郵便局,https://map.japanpost.jp/p/search/dtl/300143744000/?&cond2=1&cond200=1&&his=sa2,660-0063 兵庫県尼崎市大庄北２−１−５,34.7339142,135.3918114
尼崎大島郵便局,https://map.japanpost.jp/p/search/dtl/300143435000/?&cond2=1&cond200=1&&his=sa2,660-0075 兵庫県尼崎市大庄中通１−１０４,34.7291197,135.3903642
尼崎大庄郵便局,https://map.japanpost.jp/p/search/dtl/300143324000/?&cond2=1&cond200=1&&his=sa2,660-0077 兵庫県尼崎市大庄西町１−３９−１５,34.7210872,135.3880033
尼崎大西郵便局,https://map.japanpost.jp/p/search/dtl/300143538000/?&cond2=1&cond200=1&&his=sa2,661-0025 兵庫県尼崎市立花町３−３６−１７,34.7434025,135.4044653
尼崎尾浜郵便局,https://map.japanpost.jp/p/search/dtl/300143543000/?&cond2=1&cond200=1&&his=sa2,661-0022 兵庫県尼崎市尾浜町３−３０−２９,34.7378167,135.4205114
尼崎上坂部二郵便局,https://map.japanpost.jp/p/search/dtl/300143760000/?&cond2=1&cond200=1&&his=sa2,661-0979 兵庫県尼崎市上坂部２−３４−７,34.7461825,135.4279069
尼崎上坂部郵便局,https://map.japanpost.jp/p/search/dtl/300143586000/?&cond2=1&cond200=1&&his=sa2,661-0979 兵庫県尼崎市上坂部３−１２−１０,34.7490825,135.4331125
尼崎上ノ島郵便局,https://map.japanpost.jp/p/search/dtl/300143756000/?&cond2=1&cond200=1&&his=sa2,661-0012 兵庫県尼崎市南塚口町８−２７−１１,34.7493822,135.4079094
尼崎神田郵便局,https://map.japanpost.jp/p/search/dtl/300143350000/?&cond2=1&cond200=1&&his=sa2,660-0885 兵庫県尼崎市神田南通１−９,34.7198833,135.4110122
尼崎北武庫之荘郵便局,https://map.japanpost.jp/p/search/dtl/300143637000/?&cond2=1&cond200=1&&his=sa2,661-0035 兵庫県尼崎市武庫之荘５−３５−２０,34.7610617,135.3901964
尼崎杭瀬郵便局,https://map.japanpost.jp/p/search/dtl/300143489000/?&cond2=1&cond200=1&&his=sa2,660-0814 兵庫県尼崎市杭瀬本町２−１５−１,34.7205578,135.4390122
尼崎小中島郵便局,https://map.japanpost.jp/p/search/dtl/300143728000/?&cond2=1&cond200=1&&his=sa2,661-0972 兵庫県尼崎市小中島３−１４−１,34.7469539,135.442025
尼崎三反田郵便局,https://map.japanpost.jp/p/search/dtl/300143706000/?&cond2=1&cond200=1&&his=sa2,661-0024 兵庫県尼崎市三反田町３−４−１４,34.7375083,135.4113864
尼崎潮江郵便局,https://map.japanpost.jp/p/search/dtl/300143302000/?&cond2=1&cond200=1&&his=sa2,661-0976 兵庫県尼崎市潮江１−１５−３,34.7343594,135.4348578
尼崎下坂部郵便局,https://map.japanpost.jp/p/search/dtl/300143449000/?&cond2=1&cond200=1&&his=sa2,661-0975 兵庫県尼崎市下坂部１−２０−２６,34.7395475,135.4334492
尼崎市役所内郵便局,https://map.japanpost.jp/p/search/dtl/300143591000/?&cond2=1&cond200=1&&his=sa2,660-0051 兵庫県尼崎市東七松町１−２３−１,34.7338564,135.4063853
尼崎園田郵便局,https://map.japanpost.jp/p/search/dtl/300143391000/?&cond2=1&cond200=1&&his=sa2,661-0953 兵庫県尼崎市東園田町４−６２−１,34.7547289,135.4464778
尼崎竹谷郵便局,https://map.japanpost.jp/p/search/dtl/300143418000/?&cond2=1&cond200=1&&his=sa2,660-0878 兵庫県尼崎市北竹谷町１−７,34.7206433,135.4067911
尼崎田能郵便局,https://map.japanpost.jp/p/search/dtl/300142026000/?&cond2=1&cond200=1&&his=sa2,661-0951 兵庫県尼崎市田能１−４−２６,34.7634308,135.4440969
尼崎大物郵便局,https://map.japanpost.jp/p/search/dtl/300143488000/?&cond2=1&cond200=1&&his=sa2,660-0823 兵庫県尼崎市大物町２−１０−１５,34.7150031,135.4235722
尼崎塚口本町郵便局,https://map.japanpost.jp/p/search/dtl/300143641000/?&cond2=1&cond200=1&&his=sa2,661-0001 兵庫県尼崎市塚口本町４−２−２０,34.7608897,135.4167356
尼崎塚口郵便局,https://map.japanpost.jp/p/search/dtl/300143250000/?&cond2=1&cond200=1&&his=sa2,661-0002 兵庫県尼崎市塚口町１−１３−１９,34.7540953,135.4148439
尼崎塚口六郵便局,https://map.japanpost.jp/p/search/dtl/300143705000/?&cond2=1&cond200=1&&his=sa2,661-0002 兵庫県尼崎市塚口町６−９−６,34.7576481,135.4044119
尼崎築地郵便局,https://map.japanpost.jp/p/search/dtl/300143442000/?&cond2=1&cond200=1&&his=sa2,660-0858 兵庫県尼崎市築地１−１−１８,34.7120444,135.4203261
尼崎次屋郵便局,https://map.japanpost.jp/p/search/dtl/300143572000/?&cond2=1&cond200=1&&his=sa2,661-0965 兵庫県尼崎市次屋３−１−３１,34.7378475,135.4416644
尼崎出屋敷郵便局,https://map.japanpost.jp/p/search/dtl/300143210000/?&cond2=1&cond200=1&&his=sa2,660-0873 兵庫県尼崎市玄番南之町１３,34.718455,135.4086581
淡路一宮郵便局,https://map.japanpost.jp/p/search/dtl/300143102000/?&cond2=1&cond200=1&&his=sa2,656-1599 兵庫県淡路市郡家８６−９,34.4709994,134.84741
淡路一宮郵便局,https://map.japanpost.jp/p/search/dtl/300143102000/?&cond2=1&cond200=1&&his=sa2,656-1599 兵庫県淡路市郡家８６−９,34.4709994,134.84741
淡路尾崎郵便局,https://map.japanpost.jp/p/search/dtl/300143225000/?&cond2=1&cond200=1&&his=sa2,656-1501 兵庫県淡路市尾崎１６３１−３,34.4948553,134.8596694
淡路室津郵便局,https://map.japanpost.jp/p/search/dtl/300143101000/?&cond2=1&cond200=1&&his=sa2,656-1699 兵庫県淡路市室津１８５−１２,34.5187619,134.882245
淡路山田郵便局,https://map.japanpost.jp/p/search/dtl/300143293000/?&cond2=1&cond200=1&&his=sa2,656-1553 兵庫県淡路市山田乙２６−１,34.4348172,134.8198328
育波郵便局,https://map.japanpost.jp/p/search/dtl/300143474000/?&cond2=1&cond200=1&&his=sa2,656-1602 兵庫県淡路市育波９８−３,34.5275583,134.8925214
一宮多賀郵便局,https://map.japanpost.jp/p/search/dtl/300143475000/?&cond2=1&cond200=1&&his=sa2,656-1521 兵庫県淡路市多賀１００−３,34.4581989,134.852915
岩屋郵便局,https://map.japanpost.jp/p/search/dtl/300143039000/?&cond2=1&cond200=1&&his=sa2,656-2499 兵庫県淡路市岩屋２１−３,34.5938361,135.01329
浦郵便局,https://map.japanpost.jp/p/search/dtl/300143234000/?&cond2=1&cond200=1&&his=sa2,656-2305 兵庫県淡路市浦６３３−２,34.5377969,134.9897456
江井郵便局,https://map.japanpost.jp/p/search/dtl/300143010000/?&cond2=1&cond200=1&&his=sa2,656-1531 兵庫県淡路市江井３００９−１,34.46535,134.8267586
大町郵便局,https://map.japanpost.jp/p/search/dtl/300143231000/?&cond2=1&cond200=1&&his=sa2,656-2155 兵庫県淡路市大町上４８５−３,34.4253328,134.8568603
仮屋郵便局,https://map.japanpost.jp/p/search/dtl/300143092000/?&cond2=1&cond200=1&&his=sa2,656-2399 兵庫県淡路市久留麻１９１６−３,34.5204378,134.9882403
佐野郵便局,https://map.japanpost.jp/p/search/dtl/300143093000/?&cond2=1&cond200=1&&his=sa2,656-2299 兵庫県淡路市佐野１６５２−１１,34.4622333,134.9364292
塩田郵便局,https://map.japanpost.jp/p/search/dtl/300143390000/?&cond2=1&cond200=1&&his=sa2,656-2141 兵庫県淡路市塩尾２３１,34.4127983,134.8956017
志筑郵便局,https://map.japanpost.jp/p/search/dtl/300143031000/?&cond2=1&cond200=1&&his=sa2,656-2199 兵庫県淡路市志筑３３５９,34.43238,134.9043864
津名生穂郵便局,https://map.japanpost.jp/p/search/dtl/300143196000/?&cond2=1&cond200=1&&his=sa2,656-2223 兵庫県淡路市生穂１４２２−１−２−１,34.4497894,134.9193017
富島郵便局,https://map.japanpost.jp/p/search/dtl/300143112000/?&cond2=1&cond200=1&&his=sa2,656-1799 兵庫県淡路市富島１４３３,34.5467117,134.9294953
北淡浅野郵便局,https://map.japanpost.jp/p/search/dtl/300143525000/?&cond2=1&cond200=1&&his=sa2,656-1743 兵庫県淡路市斗ノ内５−４,34.5347331,134.9111161
伊丹郵便局,https://map.japanpost.jp/p/search/dtl/300143014000/?&cond2=1&cond200=1&&his=sa2,664-8799 兵庫県伊丹市中央６−２−１４,34.7795647,135.4175211
伊丹郵便局,https://map.japanpost.jp/p/search/dtl/300143014000/?&cond2=1&cond200=1&&his=sa2,664-8799 兵庫県伊丹市中央６−２−１４,34.7795647,135.4175211
伊丹荒牧郵便局,https://map.japanpost.jp/p/search/dtl/300142045000/?&cond2=1&cond200=1&&his=sa2,664-0001 兵庫県伊丹市荒牧１−４−２７,34.8101225,135.3808575
伊丹稲野郵便局,https://map.japanpost.jp/p/search/dtl/300143464000/?&cond2=1&cond200=1&&his=sa2,664-0861 兵庫県伊丹市稲野町７−１２,34.7648053,135.414685
伊丹大野郵便局,https://map.japanpost.jp/p/search/dtl/300143695000/?&cond2=1&cond200=1&&his=sa2,664-0003 兵庫県伊丹市大野３−１３４,34.8060464,135.3975683
伊丹行基郵便局,https://map.japanpost.jp/p/search/dtl/300143615000/?&cond2=1&cond200=1&&his=sa2,664-0857 兵庫県伊丹市行基町３−９３−５,34.7783044,135.4091669
伊丹鴻池郵便局,https://map.japanpost.jp/p/search/dtl/300143561000/?&cond2=1&cond200=1&&his=sa2,664-0006 兵庫県伊丹市鴻池５−２−１２,34.8010653,135.3870594
伊丹昆陽北郵便局,https://map.japanpost.jp/p/search/dtl/300143772000/?&cond2=1&cond200=1&&his=sa2,664-0016 兵庫県伊丹市昆陽北２−４−３,34.7871578,135.3919903
伊丹昆陽郵便局,https://map.japanpost.jp/p/search/dtl/300143378000/?&cond2=1&cond200=1&&his=sa2,664-0886 兵庫県伊丹市昆陽東４−１３−２,34.7788033,135.3996475
伊丹桜ケ丘郵便局,https://map.japanpost.jp/p/search/dtl/300143583000/?&cond2=1&cond200=1&&his=sa2,664-0897 兵庫県伊丹市桜ケ丘７−１−１２,34.7864636,135.4079586
伊丹千僧郵便局,https://map.japanpost.jp/p/search/dtl/300143746000/?&cond2=1&cond200=1&&his=sa2,664-0898 兵庫県伊丹市千僧６−７７,34.7830339,135.4029003
伊丹寺本郵便局,https://map.japanpost.jp/p/search/dtl/300143603000/?&cond2=1&cond200=1&&his=sa2,664-0026 兵庫県伊丹市寺本４−３１−１,34.7773986,135.3906017
伊丹西野郵便局,https://map.japanpost.jp/p/search/dtl/300143629000/?&cond2=1&cond200=1&&his=sa2,664-0028 兵庫県伊丹市西野１−１８１,34.7885883,135.3800606
伊丹野間郵便局,https://map.japanpost.jp/p/search/dtl/300143707000/?&cond2=1&cond200=1&&his=sa2,664-0873 兵庫県伊丹市野間３−１−２４,34.7677967,135.3941183
伊丹船原郵便局,https://map.japanpost.jp/p/search/dtl/300143388000/?&cond2=1&cond200=1&&his=sa2,664-0896 兵庫県伊丹市船原１−５−１,34.7838758,135.4135628
伊丹美鈴郵便局,https://map.japanpost.jp/p/search/dtl/300143737000/?&cond2=1&cond200=1&&his=sa2,664-0884 兵庫県伊丹市美鈴町５−５−１,34.7733683,135.3999642
伊丹緑ケ丘郵便局,https://map.japanpost.jp/p/search/dtl/300143604000/?&cond2=1&cond200=1&&his=sa2,664-0012 兵庫県伊丹市緑ケ丘５−６８−８,34.7973239,135.4049531
伊丹南野郵便局,https://map.japanpost.jp/p/search/dtl/300143595000/?&cond2=1&cond200=1&&his=sa2,664-0865 兵庫県伊丹市南野２−９−４５,34.7663608,135.4049172
伊丹森本郵便局,https://map.japanpost.jp/p/search/dtl/300143645000/?&cond2=1&cond200=1&&his=sa2,664-0842 兵庫県伊丹市森本３−５３,34.7816425,135.4329172
北伊丹郵便局,https://map.japanpost.jp/p/search/dtl/300143638000/?&cond2=1&cond200=1&&his=sa2,664-0831 兵庫県伊丹市北伊丹２−６３,34.7931444,135.4186183
新伊丹郵便局,https://map.japanpost.jp/p/search/dtl/300143434000/?&cond2=1&cond200=1&&his=sa2,664-0855 兵庫県伊丹市御願塚１−６−７,34.77236,135.4126461
沖代簡易郵便局,https://map.japanpost.jp/p/search/dtl/300143857000/?&cond2=1&cond200=1&&his=sa2,671-1543 兵庫県揖保郡太子町沖代１６２−６,34.8108275,134.5720547
沖代簡易郵便局,https://map.japanpost.jp/p/search/dtl/300143857000/?&cond2=1&cond200=1&&his=sa2,671-1543 兵庫県揖保郡太子町沖代１６２−６,34.8108275,134.5720547
佐用岡簡易郵便局,https://map.japanpost.jp/p/search/dtl/300143858000/?&cond2=1&cond200=1&&his=sa2,671-1575 兵庫県揖保郡太子町佐用岡３５２−３,34.8442458,134.5881258
太子岩見構簡易郵便局,https://map.japanpost.jp/p/search/dtl/300142624000/?&cond2=1&cond200=1&&his=sa2,671-1545 兵庫県揖保郡太子町岩見構５３９−１,34.8141514,134.5586933
太子太田郵便局,https://map.japanpost.jp/p/search/dtl/300143482000/?&cond2=1&cond200=1&&his=sa2,671-1511 兵庫県揖保郡太子町太田１６７８,34.8290328,134.605055
太子郵便局,https://map.japanpost.jp/p/search/dtl/300143013000/?&cond2=1&cond200=1&&his=sa2,671-1599 兵庫県揖保郡太子町鵤１３９０−１,34.8338247,134.5795003
福地簡易郵便局,https://map.japanpost.jp/p/search/dtl/300143856000/?&cond2=1&cond200=1&&his=sa2,671-1553 兵庫県揖保郡太子町老原１００−３,34.8247222,134.5689933
小野郵便局,https://map.japanpost.jp/p/search/dtl/300143086000/?&cond2=1&cond200=1&&his=sa2,675-1399 兵庫県小野市王子町山ノ下１５,34.853185,134.928955
小野郵便局,https://map.japanpost.jp/p/search/dtl/300143086000/?&cond2=1&cond200=1&&his=sa2,675-1399 兵庫県小野市王子町山ノ下１５,34.853185,134.928955
市場郵便局,https://map.japanpost.jp/p/search/dtl/300143219000/?&cond2=1&cond200=1&&his=sa2,675-1327 兵庫県小野市市場町４３４−３,34.8272825,134.9356597
小野小田郵便局,https://map.japanpost.jp/p/search/dtl/300143085000/?&cond2=1&cond200=1&&his=sa2,675-1301 兵庫県小野市小田町３９９−１,34.8874811,134.9940903
小野樫山簡易郵便局,https://map.japanpost.jp/p/search/dtl/300142636000/?&cond2=1&cond200=1&&his=sa2,675-1324 兵庫県小野市育ケ丘町１４７５−２７８,34.8204808,134.9548939
小野上本町郵便局,https://map.japanpost.jp/p/search/dtl/300142051000/?&cond2=1&cond200=1&&his=sa2,675-1379 兵庫県小野市上本町２３８−１１,34.8484239,134.9349011
小野来住郵便局,https://map.japanpost.jp/p/search/dtl/300143384000/?&cond2=1&cond200=1&&his=sa2,675-1344 兵庫県小野市下来住町１１７９−２,34.8368333,134.9149367
小野市役所内簡易郵便局,https://map.japanpost.jp/p/search/dtl/300143869000/?&cond2=1&cond200=1&&his=sa2,675-1366 兵庫県小野市中島町５３１,34.8578583,134.9394172
小野本町郵便局,https://map.japanpost.jp/p/search/dtl/300143590000/?&cond2=1&cond200=1&&his=sa2,675-1374 兵庫県小野市本町１−６３−１０,34.8435639,134.9368733
河合西簡易郵便局,https://map.japanpost.jp/p/search/dtl/300143888000/?&cond2=1&cond200=1&&his=sa2,675-1354 兵庫県小野市河合西町城成299-1,34.8832056,134.9217375
河合郵便局,https://map.japanpost.jp/p/search/dtl/300143179000/?&cond2=1&cond200=1&&his=sa2,675-1358 兵庫県小野市粟生町７８７−１,34.8632722,134.9130781
