0,1,2,Latitude,Longitude
池田郵便局,https://map.japanpost.jp/p/search/dtl/300141069000/?&cond2=1&cond200=1&&his=sa2,563-8799 大阪府池田市城南２−１−１,34.8206019,135.4282611
池田郵便局,https://map.japanpost.jp/p/search/dtl/300141069000/?&cond2=1&cond200=1&&his=sa2,563-8799 大阪府池田市城南２−１−１,34.8206019,135.4282611
池田井口堂郵便局,https://map.japanpost.jp/p/search/dtl/300140143000/?&cond2=1&cond200=1&&his=sa2,563-0023 大阪府池田市井口堂２−２−７,34.8162264,135.4427167
池田石橋郵便局,https://map.japanpost.jp/p/search/dtl/300141176000/?&cond2=1&cond200=1&&his=sa2,563-0032 大阪府池田市石橋１−４−２０,34.808865,135.4441381
池田石橋四郵便局,https://map.japanpost.jp/p/search/dtl/300141672000/?&cond2=1&cond200=1&&his=sa2,563-0032 大阪府池田市石橋４−１０−２７,34.8013828,135.4442133
池田宇保郵便局,https://map.japanpost.jp/p/search/dtl/300141778000/?&cond2=1&cond200=1&&his=sa2,563-0042 大阪府池田市宇保町１１−１５,34.8160944,135.4312392
池田北豊島郵便局,https://map.japanpost.jp/p/search/dtl/300141583000/?&cond2=1&cond200=1&&his=sa2,563-0036 大阪府池田市豊島北２−１−１３,34.8073039,135.4358242
池田神田郵便局,https://map.japanpost.jp/p/search/dtl/300141609000/?&cond2=1&cond200=1&&his=sa2,563-0043 大阪府池田市神田１−３−１５,34.8132417,135.4242725
池田栄本町郵便局,https://map.japanpost.jp/p/search/dtl/300141229000/?&cond2=1&cond200=1&&his=sa2,563-0058 大阪府池田市栄本町６−２７,34.8252797,135.4258667
池田五月丘郵便局,https://map.japanpost.jp/p/search/dtl/300141655000/?&cond2=1&cond200=1&&his=sa2,563-0029 大阪府池田市五月丘１−７−２,34.8259408,135.4349861
池田畑郵便局,https://map.japanpost.jp/p/search/dtl/300141704000/?&cond2=1&cond200=1&&his=sa2,563-0021 大阪府池田市畑１−３−１８,34.8233353,135.4456489
池田鉢塚郵便局,https://map.japanpost.jp/p/search/dtl/300141526000/?&cond2=1&cond200=1&&his=sa2,563-0024 大阪府池田市鉢塚３−３−３,34.8159753,135.4387992
池田伏尾台郵便局,https://map.japanpost.jp/p/search/dtl/300140231000/?&cond2=1&cond200=1&&his=sa2,563-0017 大阪府池田市伏尾台５−８−１,34.8574011,135.4370953
池田細河郵便局,https://map.japanpost.jp/p/search/dtl/300141780000/?&cond2=1&cond200=1&&his=sa2,563-0013 大阪府池田市中川原町１４４−３,34.8464878,135.42918
泉大津郵便局,https://map.japanpost.jp/p/search/dtl/300141071000/?&cond2=1&cond200=1&&his=sa2,595-8799 大阪府泉大津市小松町１−８５,34.5067986,135.4056483
泉大津郵便局,https://map.japanpost.jp/p/search/dtl/300141071000/?&cond2=1&cond200=1&&his=sa2,595-8799 大阪府泉大津市小松町１−８５,34.5067986,135.4056483
泉大津我孫子郵便局,https://map.japanpost.jp/p/search/dtl/300141364000/?&cond2=1&cond200=1&&his=sa2,595-0024 大阪府泉大津市池浦町２−１１−２４,34.4948164,135.4153194
泉大津池浦郵便局,https://map.japanpost.jp/p/search/dtl/300140009000/?&cond2=1&cond200=1&&his=sa2,595-0024 大阪府泉大津市池浦町４−３−１１,34.4997358,135.4152944
泉大津上之町郵便局,https://map.japanpost.jp/p/search/dtl/300141431000/?&cond2=1&cond200=1&&his=sa2,595-0046 大阪府泉大津市上之町４−３,34.5005608,135.4004261
泉大津助松郵便局,https://map.japanpost.jp/p/search/dtl/300141315000/?&cond2=1&cond200=1&&his=sa2,595-0071 大阪府泉大津市助松町３−２−４３,34.5127561,135.4185997
泉大津曽根郵便局,https://map.japanpost.jp/p/search/dtl/300140107000/?&cond2=1&cond200=1&&his=sa2,595-0011 大阪府泉大津市曽根町３−８−１,34.5060239,135.4206833
泉大津田中郵便局,https://map.japanpost.jp/p/search/dtl/300141284000/?&cond2=1&cond200=1&&his=sa2,595-0062 大阪府泉大津市田中町９−１７,34.5033764,135.4038206
泉大津豊中郵便局,https://map.japanpost.jp/p/search/dtl/300140024000/?&cond2=1&cond200=1&&his=sa2,595-0023 大阪府泉大津市豊中町１−７−２３,34.4963192,135.4217972
泉大津虫取郵便局,https://map.japanpost.jp/p/search/dtl/300141719000/?&cond2=1&cond200=1&&his=sa2,595-0037 大阪府泉大津市虫取町１−１１−１２,34.4961331,135.408865
泉大津森郵便局,https://map.japanpost.jp/p/search/dtl/300141556000/?&cond2=1&cond200=1&&his=sa2,595-0007 大阪府泉大津市助松団地１−１,34.5115842,135.4278736
泉佐野郵便局,https://map.japanpost.jp/p/search/dtl/300141008000/?&cond2=1&cond200=1&&his=sa2,598-8799 大阪府泉佐野市上町２−８−４５,34.4113003,135.3229389
泉佐野郵便局,https://map.japanpost.jp/p/search/dtl/300141008000/?&cond2=1&cond200=1&&his=sa2,598-8799 大阪府泉佐野市上町２−８−４５,34.4113003,135.3229389
泉佐野旭郵便局,https://map.japanpost.jp/p/search/dtl/300141348000/?&cond2=1&cond200=1&&his=sa2,598-0052 大阪府泉佐野市旭町１１−１６,34.4160658,135.320625
泉佐野泉ケ丘郵便局,https://map.japanpost.jp/p/search/dtl/300141608000/?&cond2=1&cond200=1&&his=sa2,598-0072 大阪府泉佐野市泉ケ丘１−１−１６,34.4154944,135.3505714
泉佐野市場郵便局,https://map.japanpost.jp/p/search/dtl/300141736000/?&cond2=1&cond200=1&&his=sa2,598-0004 大阪府泉佐野市市場南１−３−４３,34.4042308,135.3235278
泉佐野大木簡易郵便局,https://map.japanpost.jp/p/search/dtl/300141843000/?&cond2=1&cond200=1&&his=sa2,598-0023 大阪府泉佐野市大木３７６,34.3519417,135.3716736
泉佐野貝田郵便局,https://map.japanpost.jp/p/search/dtl/300140239000/?&cond2=1&cond200=1&&his=sa2,598-0076 大阪府泉佐野市貝田町１−３−２４,34.4225183,135.3452364
泉佐野上瓦屋郵便局,https://map.japanpost.jp/p/search/dtl/300141653000/?&cond2=1&cond200=1&&his=sa2,598-0001 大阪府泉佐野市上瓦屋２９０,34.4130664,135.3389897
泉佐野高松郵便局,https://map.japanpost.jp/p/search/dtl/300141674000/?&cond2=1&cond200=1&&his=sa2,598-0011 大阪府泉佐野市高松北１−８−１,34.4076864,135.3152222
泉佐野鶴原郵便局,https://map.japanpost.jp/p/search/dtl/300141191000/?&cond2=1&cond200=1&&his=sa2,598-0071 大阪府泉佐野市鶴原１−２−１１,34.4276239,135.3373697
泉佐野羽倉崎郵便局,https://map.japanpost.jp/p/search/dtl/300141596000/?&cond2=1&cond200=1&&his=sa2,598-0046 大阪府泉佐野市羽倉崎１−４−９,34.4018347,135.3002781
泉佐野湊郵便局,https://map.japanpost.jp/p/search/dtl/300141766000/?&cond2=1&cond200=1&&his=sa2,598-0063 大阪府泉佐野市湊４−５−３２,34.4201178,135.3282683
泉佐野南中安松郵便局,https://map.japanpost.jp/p/search/dtl/300140199000/?&cond2=1&cond200=1&&his=sa2,598-0033 大阪府泉佐野市南中安松１３２２,34.3948903,135.3073447
泉佐野若宮郵便局,https://map.japanpost.jp/p/search/dtl/300140022000/?&cond2=1&cond200=1&&his=sa2,598-0055 大阪府泉佐野市若宮町９−１６,34.4125131,135.3147139
上之郷簡易郵便局,https://map.japanpost.jp/p/search/dtl/300141813000/?&cond2=1&cond200=1&&his=sa2,598-0024 大阪府泉佐野市上之郷１９１０−３,34.3747814,135.3249861
長滝郵便局,https://map.japanpost.jp/p/search/dtl/300141125000/?&cond2=1&cond200=1&&his=sa2,598-0034 大阪府泉佐野市長滝８１７−３,34.3859953,135.3128386
日根野郵便局,https://map.japanpost.jp/p/search/dtl/300141248000/?&cond2=1&cond200=1&&his=sa2,598-0021 大阪府泉佐野市日根野２６０７−１,34.3842456,135.3344042
和泉郵便局,https://map.japanpost.jp/p/search/dtl/300141074000/?&cond2=1&cond200=1&&his=sa2,594-8799 大阪府和泉市いぶき野５−４−１,34.4595164,135.458775
和泉郵便局,https://map.japanpost.jp/p/search/dtl/300141074000/?&cond2=1&cond200=1&&his=sa2,594-8799 大阪府和泉市いぶき野５−４−１,34.4595164,135.458775
和泉池上郵便局,https://map.japanpost.jp/p/search/dtl/300140106000/?&cond2=1&cond200=1&&his=sa2,594-0083 大阪府和泉市池上町３５９−４,34.5026056,135.4323961
和泉一条院郵便局,https://map.japanpost.jp/p/search/dtl/300141381000/?&cond2=1&cond200=1&&his=sa2,594-0053 大阪府和泉市芦部町２２０−１０,34.4800578,135.4405425
和泉内田郵便局,https://map.japanpost.jp/p/search/dtl/300141105000/?&cond2=1&cond200=1&&his=sa2,594-1156 大阪府和泉市内田町２−１−１０,34.4545581,135.4485833
和泉光明台郵便局,https://map.japanpost.jp/p/search/dtl/300140215000/?&cond2=1&cond200=1&&his=sa2,594-1111 大阪府和泉市光明台３−２−２,34.4538667,135.4906272
和泉信太郵便局,https://map.japanpost.jp/p/search/dtl/300141333000/?&cond2=1&cond200=1&&his=sa2,594-0003 大阪府和泉市太町２３−６,34.5078492,135.4424225
和泉父鬼郵便局,https://map.japanpost.jp/p/search/dtl/300141162000/?&cond2=1&cond200=1&&his=sa2,594-1132 大阪府和泉市父鬼町２５１−１,34.3890206,135.4659897
和泉中央駅前郵便局,https://map.japanpost.jp/p/search/dtl/300140325000/?&cond2=1&cond200=1&&his=sa2,594-0041 大阪府和泉市いぶき野４−５−２,34.4615469,135.4554833
和泉鶴山台郵便局,https://map.japanpost.jp/p/search/dtl/300141797000/?&cond2=1&cond200=1&&his=sa2,594-0013 大阪府和泉市鶴山台２−１,34.5028392,135.4500939
和泉納花郵便局,https://map.japanpost.jp/p/search/dtl/300140165000/?&cond2=1&cond200=1&&his=sa2,594-1116 大阪府和泉市納花町２５５−１,34.4462178,135.4744561
和泉伯太郵便局,https://map.japanpost.jp/p/search/dtl/300141566000/?&cond2=1&cond200=1&&his=sa2,594-0023 大阪府和泉市伯太町２−３１−１９,34.4945947,135.435845
和泉久井郵便局,https://map.japanpost.jp/p/search/dtl/300141336000/?&cond2=1&cond200=1&&his=sa2,594-1142 大阪府和泉市久井町５３２−４,34.4184933,135.4591533
和泉伏屋郵便局,https://map.japanpost.jp/p/search/dtl/300141688000/?&cond2=1&cond200=1&&his=sa2,594-0031 大阪府和泉市伏屋町３−２４−２６,34.4796219,135.4677483
和泉府中郵便局,https://map.japanpost.jp/p/search/dtl/300141217000/?&cond2=1&cond200=1&&his=sa2,594-0071 大阪府和泉市府中町１−３−５,34.4879842,135.4262769
和泉箕形郵便局,https://map.japanpost.jp/p/search/dtl/300141741000/?&cond2=1&cond200=1&&his=sa2,594-0042 大阪府和泉市箕形町３−２−３９,34.4656931,135.4412314
和泉山手郵便局,https://map.japanpost.jp/p/search/dtl/300141365000/?&cond2=1&cond200=1&&his=sa2,594-0005 大阪府和泉市幸３−９−３３,34.4999753,135.4392144
和泉横山郵便局,https://map.japanpost.jp/p/search/dtl/300141120000/?&cond2=1&cond200=1&&his=sa2,594-1122 大阪府和泉市北田中町１,34.4303669,135.4956219
和泉和気東郵便局,https://map.japanpost.jp/p/search/dtl/300140272000/?&cond2=1&cond200=1&&his=sa2,594-0073 大阪府和泉市和気町４−８−２５,34.4758558,135.4279436
和泉和気郵便局,https://map.japanpost.jp/p/search/dtl/300141673000/?&cond2=1&cond200=1&&his=sa2,594-0073 大阪府和泉市和気町１−１１−１,34.4784556,135.4220281
和泉和田郵便局,https://map.japanpost.jp/p/search/dtl/300140336000/?&cond2=1&cond200=1&&his=sa2,594-1102 大阪府和泉市和田町２２１−１,34.4589472,135.4738256
坪井簡易郵便局,https://map.japanpost.jp/p/search/dtl/300141823000/?&cond2=1&cond200=1&&his=sa2,594-1135 大阪府和泉市坪井町１０−４,34.418325,135.4866944
伯太西郵便局,https://map.japanpost.jp/p/search/dtl/300141086000/?&cond2=1&cond200=1&&his=sa2,594-0023 大阪府和泉市伯太町２−１−１１,34.4915925,135.4300158
茨木郵便局,https://map.japanpost.jp/p/search/dtl/300141006000/?&cond2=1&cond200=1&&his=sa2,567-8799 大阪府茨木市中穂積１−１−４０,34.8153214,135.5578536
茨木郵便局,https://map.japanpost.jp/p/search/dtl/300141006000/?&cond2=1&cond200=1&&his=sa2,567-8799 大阪府茨木市中穂積１−１−４０,34.8153214,135.5578536
茨木安威郵便局,https://map.japanpost.jp/p/search/dtl/300140132000/?&cond2=1&cond200=1&&his=sa2,567-0001 大阪府茨木市安威１−２２−５,34.8456539,135.5626183
茨木鮎川郵便局,https://map.japanpost.jp/p/search/dtl/300141758000/?&cond2=1&cond200=1&&his=sa2,567-0831 大阪府茨木市鮎川４−７−１１,34.8187308,135.5942722
茨木宇野辺郵便局,https://map.japanpost.jp/p/search/dtl/300140007000/?&cond2=1&cond200=1&&his=sa2,567-0042 大阪府茨木市宇野辺１−５−２２,34.8049917,135.5553622
茨木大池郵便局,https://map.japanpost.jp/p/search/dtl/300141656000/?&cond2=1&cond200=1&&his=sa2,567-0826 大阪府茨木市大池２−１０−２４,34.8101428,135.5808875
茨木太田郵便局,https://map.japanpost.jp/p/search/dtl/300140037000/?&cond2=1&cond200=1&&his=sa2,567-0018 大阪府茨木市太田１−１２−３３,34.8398553,135.5758258
茨木春日丘郵便局,https://map.japanpost.jp/p/search/dtl/300141722000/?&cond2=1&cond200=1&&his=sa2,567-0046 大阪府茨木市南春日丘６−３−３１,34.8181211,135.5362297
茨木春日郵便局,https://map.japanpost.jp/p/search/dtl/300141781000/?&cond2=1&cond200=1&&his=sa2,567-0031 大阪府茨木市春日３−７−１１,34.8218403,135.5660411
茨木郡山郵便局,https://map.japanpost.jp/p/search/dtl/300141794000/?&cond2=1&cond200=1&&his=sa2,567-0074 大阪府茨木市新郡山２−２−３６,34.8314219,135.5445958
茨木沢良宜郵便局,https://map.japanpost.jp/p/search/dtl/300141747000/?&cond2=1&cond200=1&&his=sa2,567-0855 大阪府茨木市新和町５−２９,34.7969603,135.5745736
茨木清水郵便局,https://map.japanpost.jp/p/search/dtl/300141143000/?&cond2=1&cond200=1&&his=sa2,567-0059 大阪府茨木市清水１−３０−１,34.8362939,135.5285639
茨木下穂積郵便局,https://map.japanpost.jp/p/search/dtl/300140038000/?&cond2=1&cond200=1&&his=sa2,567-0041 大阪府茨木市下穂積２−４−３０,34.8118333,135.5549706
茨木市役所内郵便局,https://map.japanpost.jp/p/search/dtl/300140250000/?&cond2=1&cond200=1&&his=sa2,567-0888 大阪府茨木市駅前３−８−２０,34.8158775,135.5684828
茨木庄郵便局,https://map.japanpost.jp/p/search/dtl/300141771000/?&cond2=1&cond200=1&&his=sa2,567-0806 大阪府茨木市庄２−２５−２４,34.8273661,135.5808453
茨木高瀬郵便局,https://map.japanpost.jp/p/search/dtl/300141313000/?&cond2=1&cond200=1&&his=sa2,567-0817 大阪府茨木市別院町２−１４,34.8179725,135.5741761
茨木中央卸売市場内郵便局,https://map.japanpost.jp/p/search/dtl/300140117000/?&cond2=1&cond200=1&&his=sa2,567-0853 大阪府茨木市宮島１−１−１,34.7902364,135.5827128
茨木天王郵便局,https://map.japanpost.jp/p/search/dtl/300140097000/?&cond2=1&cond200=1&&his=sa2,567-0876 大阪府茨木市天王２−１−１６,34.8034089,135.5642553
茨木中穂積郵便局,https://map.japanpost.jp/p/search/dtl/300141459000/?&cond2=1&cond200=1&&his=sa2,567-0034 大阪府茨木市中穂積１−６−４９,34.8181908,135.5589064
茨木中村郵便局,https://map.japanpost.jp/p/search/dtl/300141616000/?&cond2=1&cond200=1&&his=sa2,567-0822 大阪府茨木市中村町１５−２７,34.8179919,135.5823678
茨木畑田郵便局,https://map.japanpost.jp/p/search/dtl/300141625000/?&cond2=1&cond200=1&&his=sa2,567-0028 大阪府茨木市畑田町２０−６,34.8307781,135.5671964
茨木東奈良郵便局,https://map.japanpost.jp/p/search/dtl/300141489000/?&cond2=1&cond200=1&&his=sa2,567-0861 大阪府茨木市東奈良３−３−２７,34.8052394,135.5675783
茨木福井郵便局,https://map.japanpost.jp/p/search/dtl/300141011000/?&cond2=1&cond200=1&&his=sa2,567-0062 大阪府茨木市東福井１−１２−７,34.8427711,135.5532697
茨木星見郵便局,https://map.japanpost.jp/p/search/dtl/300140123000/?&cond2=1&cond200=1&&his=sa2,567-0843 大阪府茨木市星見町１８−２,34.8077208,135.5881531
茨木真砂郵便局,https://map.japanpost.jp/p/search/dtl/300140238000/?&cond2=1&cond200=1&&his=sa2,567-0851 大阪府茨木市真砂２−２−６,34.8007964,135.5789236
茨木三島丘郵便局,https://map.japanpost.jp/p/search/dtl/300141479000/?&cond2=1&cond200=1&&his=sa2,567-0021 大阪府茨木市三島丘２−１１−３,34.8340786,135.5800731
茨木山手台郵便局,https://map.japanpost.jp/p/search/dtl/300140188000/?&cond2=1&cond200=1&&his=sa2,567-0009 大阪府茨木市山手台３−２９−２５,34.8616239,135.5541247
大岩郵便局,https://map.japanpost.jp/p/search/dtl/300141022000/?&cond2=1&cond200=1&&his=sa2,568-0091 大阪府茨木市大岩３１８−５,34.8776506,135.5425725
彩都西郵便局,https://map.japanpost.jp/p/search/dtl/300140338000/?&cond2=1&cond200=1&&his=sa2,567-0086 大阪府茨木市彩都やまぶき１−２−２３,34.8566958,135.5206197
見山郵便局,https://map.japanpost.jp/p/search/dtl/300141268000/?&cond2=1&cond200=1&&his=sa2,568-0082 大阪府茨木市下音羽３５４−２,34.9048958,135.5414864
大阪狭山郵便局,https://map.japanpost.jp/p/search/dtl/300141122000/?&cond2=1&cond200=1&&his=sa2,589-8799 大阪府大阪狭山市岩室１−４０１−５,34.4988875,135.5440081
大阪狭山郵便局,https://map.japanpost.jp/p/search/dtl/300141122000/?&cond2=1&cond200=1&&his=sa2,589-8799 大阪府大阪狭山市岩室１−４０１−５,34.4988875,135.5440081
狭山駅前郵便局,https://map.japanpost.jp/p/search/dtl/300141406000/?&cond2=1&cond200=1&&his=sa2,589-0008 大阪府大阪狭山市池尻自由丘２−２−１２,34.5141772,135.5470831
狭山大野台一郵便局,https://map.japanpost.jp/p/search/dtl/300141599000/?&cond2=1&cond200=1&&his=sa2,589-0023 大阪府大阪狭山市大野台１−１０−６,34.4848869,135.5496017
狭山大野台郵便局,https://map.japanpost.jp/p/search/dtl/300140058000/?&cond2=1&cond200=1&&his=sa2,589-0023 大阪府大阪狭山市大野台２−１８−２,34.48287,135.5432167
狭山半田郵便局,https://map.japanpost.jp/p/search/dtl/300141790000/?&cond2=1&cond200=1&&his=sa2,589-0005 大阪府大阪狭山市狭山２−９１２−３,34.5047422,135.5552097
狭山南半田郵便局,https://map.japanpost.jp/p/search/dtl/300140277000/?&cond2=1&cond200=1&&his=sa2,589-0011 大阪府大阪狭山市半田１−２８−２,34.4975739,135.5584403
大阪旭郵便局,https://map.japanpost.jp/p/search/dtl/300140109000/?&cond2=1&cond200=1&&his=sa2,535-8799 大阪府大阪市旭区大宮１−２０−８,34.7207519,135.5477608
大阪旭郵便局,https://map.japanpost.jp/p/search/dtl/300140109000/?&cond2=1&cond200=1&&his=sa2,535-8799 大阪府大阪市旭区大宮１−２０−８,34.7207519,135.5477608
旭赤川郵便局,https://map.japanpost.jp/p/search/dtl/300141322000/?&cond2=1&cond200=1&&his=sa2,535-0005 大阪府大阪市旭区赤川４−１−３７,34.7268683,135.5331878
旭生江郵便局,https://map.japanpost.jp/p/search/dtl/300141303000/?&cond2=1&cond200=1&&his=sa2,535-0004 大阪府大阪市旭区生江１−５−８,34.7231461,135.5360842
旭今市太子橋郵便局,https://map.japanpost.jp/p/search/dtl/300141255000/?&cond2=1&cond200=1&&his=sa2,535-0001 大阪府大阪市旭区太子橋１−２−２０,34.7303425,135.5529578
旭大宮郵便局,https://map.japanpost.jp/p/search/dtl/300141209000/?&cond2=1&cond200=1&&his=sa2,535-0002 大阪府大阪市旭区大宮３−５−３０,34.7247239,135.5452231
旭清水郵便局,https://map.japanpost.jp/p/search/dtl/300141223000/?&cond2=1&cond200=1&&his=sa2,535-0021 大阪府大阪市旭区清水２−２１−１８,34.7235381,135.5566914
旭新森六郵便局,https://map.japanpost.jp/p/search/dtl/300140033000/?&cond2=1&cond200=1&&his=sa2,535-0022 大阪府大阪市旭区新森６−１１−２０,34.7178056,135.5672378
旭千林郵便局,https://map.japanpost.jp/p/search/dtl/300141100000/?&cond2=1&cond200=1&&his=sa2,535-0012 大阪府大阪市旭区千林２−１１−３,34.7242019,135.5517164
旭高殿郵便局,https://map.japanpost.jp/p/search/dtl/300141457000/?&cond2=1&cond200=1&&his=sa2,535-0031 大阪府大阪市旭区高殿６−１４−４５,34.7171136,135.5457983
旭中宮郵便局,https://map.japanpost.jp/p/search/dtl/300141339000/?&cond2=1&cond200=1&&his=sa2,535-0003 大阪府大阪市旭区中宮４−１５−１１,34.7285617,135.5438172
大阪旭東郵便局,https://map.japanpost.jp/p/search/dtl/300141647000/?&cond2=1&cond200=1&&his=sa2,535-0021 大阪府大阪市旭区清水４−２−１,34.7206061,135.5616022
阿倍野郵便局,https://map.japanpost.jp/p/search/dtl/300141037000/?&cond2=1&cond200=1&&his=sa2,545-8799 大阪府大阪市阿倍野区阪南町１−４７−１６,34.6338169,135.5159547
阿倍野郵便局,https://map.japanpost.jp/p/search/dtl/300141037000/?&cond2=1&cond200=1&&his=sa2,545-8799 大阪府大阪市阿倍野区阪南町１−４７−１６,34.6338169,135.5159547
阿倍野相生郵便局,https://map.japanpost.jp/p/search/dtl/300141498000/?&cond2=1&cond200=1&&his=sa2,545-0033 大阪府大阪市阿倍野区相生通２−１５−１３,34.6297836,135.502695
阿倍野旭町郵便局,https://map.japanpost.jp/p/search/dtl/300140206000/?&cond2=1&cond200=1&&his=sa2,545-0051 大阪府大阪市阿倍野区旭町２−１−１−１６１（あべのマルシェ１階）,34.6440481,135.5073081
阿倍野高松郵便局,https://map.japanpost.jp/p/search/dtl/300141440000/?&cond2=1&cond200=1&&his=sa2,545-0001 大阪府大阪市阿倍野区天王寺町北１−１０−９,34.6444606,135.5226783
阿倍野苗代田郵便局,https://map.japanpost.jp/p/search/dtl/300141353000/?&cond2=1&cond200=1&&his=sa2,545-0021 大阪府大阪市阿倍野区阪南町１−１２−３１,34.6382467,135.5156353
阿倍野阪南東郵便局,https://map.japanpost.jp/p/search/dtl/300141343000/?&cond2=1&cond200=1&&his=sa2,545-0021 大阪府大阪市阿倍野区阪南町３−２−１０,34.6300531,135.5151269
阿倍野阪南郵便局,https://map.japanpost.jp/p/search/dtl/300141205000/?&cond2=1&cond200=1&&his=sa2,545-0021 大阪府大阪市阿倍野区阪南町５−２５−２２,34.6217042,135.511955
阿倍野美章園郵便局,https://map.japanpost.jp/p/search/dtl/300141206000/?&cond2=1&cond200=1&&his=sa2,545-0003 大阪府大阪市阿倍野区美章園３−２−１１,34.6377883,135.5224256
阿倍野文の里駅前郵便局,https://map.japanpost.jp/p/search/dtl/300141171000/?&cond2=1&cond200=1&&his=sa2,545-0004 大阪府大阪市阿倍野区文の里１−７−４１,34.6372175,135.5186661
あべのベルタ内郵便局,https://map.japanpost.jp/p/search/dtl/300141098000/?&cond2=1&cond200=1&&his=sa2,545-0052 大阪府大阪市阿倍野区阿倍野筋３−１０−１−１００,34.6431189,135.5115797
阿倍野松崎郵便局,https://map.japanpost.jp/p/search/dtl/300141531000/?&cond2=1&cond200=1&&his=sa2,545-0053 大阪府大阪市阿倍野区松崎町２−２−１２,34.6437967,135.5165103
阿倍野保名郵便局,https://map.japanpost.jp/p/search/dtl/300141116000/?&cond2=1&cond200=1&&his=sa2,545-0034 大阪府大阪市阿倍野区阿倍野元町４−２２,34.6326864,135.5093992
大阪阿倍野筋郵便局,https://map.japanpost.jp/p/search/dtl/300141179000/?&cond2=1&cond200=1&&his=sa2,545-0052 大阪府大阪市阿倍野区阿倍野筋５−３−２３（大西ビル１階）,34.63853,135.5110853
生野郵便局,https://map.japanpost.jp/p/search/dtl/300141407000/?&cond2=1&cond200=1&&his=sa2,544-8799 大阪府大阪市生野区勝山南３−２−２,34.65357,135.5349308
生野郵便局,https://map.japanpost.jp/p/search/dtl/300141407000/?&cond2=1&cond200=1&&his=sa2,544-8799 大阪府大阪市生野区勝山南３−２−２,34.65357,135.5349308
生野大池橋郵便局,https://map.japanpost.jp/p/search/dtl/300141323000/?&cond2=1&cond200=1&&his=sa2,544-0022 大阪府大阪市生野区舎利寺１−１２−３,34.6506642,135.5388783
生野勝山郵便局,https://map.japanpost.jp/p/search/dtl/300141190000/?&cond2=1&cond200=1&&his=sa2,544-0032 大阪府大阪市生野区中川西３−３−１２,34.6573228,135.5408992
生野北巽郵便局,https://map.japanpost.jp/p/search/dtl/300141373000/?&cond2=1&cond200=1&&his=sa2,544-0004 大阪府大阪市生野区巽北３−１２−１９,34.65455,135.5537697
生野北鶴橋郵便局,https://map.japanpost.jp/p/search/dtl/300141147000/?&cond2=1&cond200=1&&his=sa2,544-0031 大阪府大阪市生野区鶴橋５−１７−２５,34.6628192,135.5378047
生野小路郵便局,https://map.japanpost.jp/p/search/dtl/300141177000/?&cond2=1&cond200=1&&his=sa2,544-0002 大阪府大阪市生野区小路２−１０−１,34.6598842,135.5533981
生野新今里郵便局,https://map.japanpost.jp/p/search/dtl/300141393000/?&cond2=1&cond200=1&&his=sa2,544-0001 大阪府大阪市生野区新今里４−４−２８,34.6642389,135.5484117
生野田島郵便局,https://map.japanpost.jp/p/search/dtl/300141295000/?&cond2=1&cond200=1&&his=sa2,544-0011 大阪府大阪市生野区田島４−８−２７,34.6460347,135.5417356
生野巽郵便局,https://map.japanpost.jp/p/search/dtl/300141308000/?&cond2=1&cond200=1&&his=sa2,544-0015 大阪府大阪市生野区巽南３−１２−１５,34.6412278,135.5523261
生野鶴橋本通郵便局,https://map.japanpost.jp/p/search/dtl/300141052000/?&cond2=1&cond200=1&&his=sa2,544-0034 大阪府大阪市生野区桃谷２−９−１７,34.6604978,135.5336753
生野中川一郵便局,https://map.japanpost.jp/p/search/dtl/300141273000/?&cond2=1&cond200=1&&his=sa2,544-0005 大阪府大阪市生野区中川１−５−１４,34.6626192,135.5423103
生野林寺五郵便局,https://map.japanpost.jp/p/search/dtl/300141453000/?&cond2=1&cond200=1&&his=sa2,544-0023 大阪府大阪市生野区林寺５−５−３０,34.6441719,135.5360856
生野東小路郵便局,https://map.japanpost.jp/p/search/dtl/300141237000/?&cond2=1&cond200=1&&his=sa2,544-0003 大阪府大阪市生野区小路東４−１６−１０,34.6569481,135.5585258
生野東巽郵便局,https://map.japanpost.jp/p/search/dtl/300141649000/?&cond2=1&cond200=1&&his=sa2,544-0014 大阪府大阪市生野区巽東２−１−２５,34.6480436,135.5544992
生野東中川郵便局,https://map.japanpost.jp/p/search/dtl/300141500000/?&cond2=1&cond200=1&&his=sa2,544-0006 大阪府大阪市生野区中川東１−２−１１,34.6584481,135.5489036
生野本通郵便局,https://map.japanpost.jp/p/search/dtl/300141129000/?&cond2=1&cond200=1&&his=sa2,544-0024 大阪府大阪市生野区生野西４−１７−６,34.6470292,135.5275144
生野桃谷郵便局,https://map.japanpost.jp/p/search/dtl/300141124000/?&cond2=1&cond200=1&&his=sa2,544-0034 大阪府大阪市生野区桃谷１−９−２１,34.6585228,135.5298864
大阪西生野郵便局,https://map.japanpost.jp/p/search/dtl/300141497000/?&cond2=1&cond200=1&&his=sa2,544-0024 大阪府大阪市生野区生野西１−５−２０,34.6515125,135.5283367
大阪東生野郵便局,https://map.japanpost.jp/p/search/dtl/300141174000/?&cond2=1&cond200=1&&his=sa2,544-0025 大阪府大阪市生野区生野東２−１０−８,34.6483075,135.53282
大阪中央郵便局,https://map.japanpost.jp/p/search/dtl/300141061000/?&cond2=1&cond200=1&&his=sa2,530-0001 大阪府大阪市北区梅田３−２−２（JPタワー大阪 １階）,34.7003714,135.4943589
大阪中央郵便局,https://map.japanpost.jp/p/search/dtl/300141061000/?&cond2=1&cond200=1&&his=sa2,530-0001 大阪府大阪市北区梅田３−２−２（JPタワー大阪 １階）,34.7003714,135.4943589
大阪宇治電ビル内郵便局,https://map.japanpost.jp/p/search/dtl/300141397000/?&cond2=1&cond200=1&&his=sa2,530-0047 大阪府大阪市北区西天満４−８−１７,34.6976078,135.5041039
大阪駅前第２ビル内郵便局,https://map.japanpost.jp/p/search/dtl/300141380000/?&cond2=1&cond200=1&&his=sa2,530-0001 大阪府大阪市北区梅田１−２−２（大阪駅前第２ビル地下２階）,34.6988342,135.4979322
大阪ＯＡＰタワー内郵便局,https://map.japanpost.jp/p/search/dtl/300140319000/?&cond2=1&cond200=1&&his=sa2,530-6002 大阪府大阪市北区天満橋１−８−３０（ＯＡＰタワー２階）,34.6999678,135.5198006
大阪大淀中郵便局,https://map.japanpost.jp/p/search/dtl/300141428000/?&cond2=1&cond200=1&&his=sa2,531-0076 大阪府大阪市北区大淀中２−３−１２,34.7027422,135.4849778
大阪北郵便局,https://map.japanpost.jp/p/search/dtl/200141061000/?&cond2=1&cond200=1&&his=sa2,530-8799 大阪府大阪市北区大淀中１−１−５２,34.7065892,135.4901653
大阪市役所内郵便局,https://map.japanpost.jp/p/search/dtl/300140204000/?&cond2=1&cond200=1&&his=sa2,530-0005 大阪府大阪市北区中之島１−３−２０,34.6938122,135.501635
大阪曽根崎新地郵便局,https://map.japanpost.jp/p/search/dtl/300141025000/?&cond2=1&cond200=1&&his=sa2,530-0002 大阪府大阪市北区曽根崎新地２−４−１８,34.6976172,135.4941694
大阪太融寺前郵便局,https://map.japanpost.jp/p/search/dtl/300141629000/?&cond2=1&cond200=1&&his=sa2,530-0027 大阪府大阪市北区堂山町１−５,34.7026892,135.5044861
大阪鶴野町郵便局,https://map.japanpost.jp/p/search/dtl/300141026000/?&cond2=1&cond200=1&&his=sa2,530-0014 大阪府大阪市北区鶴野町１−３（安田ビル）,34.7061331,135.5010931
大阪天神橋三郵便局,https://map.japanpost.jp/p/search/dtl/300141418000/?&cond2=1&cond200=1&&his=sa2,530-0041 大阪府大阪市北区天神橋３−１１−１,34.7028511,135.5128006
大阪天神橋八郵便局,https://map.japanpost.jp/p/search/dtl/300141429000/?&cond2=1&cond200=1&&his=sa2,531-0041 大阪府大阪市北区天神橋８−１４−２５,34.7171436,135.5120808
大阪天神橋郵便局,https://map.japanpost.jp/p/search/dtl/300141604000/?&cond2=1&cond200=1&&his=sa2,530-0041 大阪府大阪市北区天神橋２−４−８,34.6968928,135.51197
大阪天神橋六郵便局,https://map.japanpost.jp/p/search/dtl/300141130000/?&cond2=1&cond200=1&&his=sa2,530-0041 大阪府大阪市北区天神橋６−３−２４,34.7100964,135.512955
大阪天満橋郵便局,https://map.japanpost.jp/p/search/dtl/300141396000/?&cond2=1&cond200=1&&his=sa2,530-0043 大阪府大阪市北区天満２−５−１０（天満橋ビル１階）,34.6937828,135.5160175
大阪豊崎郵便局,https://map.japanpost.jp/p/search/dtl/300141224000/?&cond2=1&cond200=1&&his=sa2,531-0072 大阪府大阪市北区豊崎４−２−１１−１０１,34.7120569,135.5013483
大阪中崎郵便局,https://map.japanpost.jp/p/search/dtl/300141180000/?&cond2=1&cond200=1&&his=sa2,530-0015 大阪府大阪市北区中崎西４−１−３,34.7087858,135.5042819
大阪中津郵便局,https://map.japanpost.jp/p/search/dtl/300141040000/?&cond2=1&cond200=1&&his=sa2,531-0071 大阪府大阪市北区中津１−１１−８,34.7111133,135.4961192
大阪中津六郵便局,https://map.japanpost.jp/p/search/dtl/300141541000/?&cond2=1&cond200=1&&his=sa2,531-0071 大阪府大阪市北区中津６−５−１,34.7084661,135.4904664
大阪浪花町郵便局,https://map.japanpost.jp/p/search/dtl/300141043000/?&cond2=1&cond200=1&&his=sa2,530-0022 大阪府大阪市北区浪花町１２−１５,34.7087336,135.509695
大阪西天満郵便局,https://map.japanpost.jp/p/search/dtl/300141408000/?&cond2=1&cond200=1&&his=sa2,530-0047 大阪府大阪市北区西天満３−４−３,34.6958231,135.5090211
大阪野崎郵便局,https://map.japanpost.jp/p/search/dtl/300141448000/?&cond2=1&cond200=1&&his=sa2,530-0055 大阪府大阪市北区野崎町１−１８,34.7015675,135.5077767
大阪阪急内郵便局,https://map.japanpost.jp/p/search/dtl/300141270000/?&cond2=1&cond200=1&&his=sa2,530-0017 大阪府大阪市北区角田町８−７,34.7024372,135.4989533
大阪東天満郵便局,https://map.japanpost.jp/p/search/dtl/300141490000/?&cond2=1&cond200=1&&his=sa2,530-0044 大阪府大阪市北区東天満１−３−１１,34.6968844,135.5169894
大阪本庄郵便局,https://map.japanpost.jp/p/search/dtl/300141057000/?&cond2=1&cond200=1&&his=sa2,531-0074 大阪府大阪市北区本庄東２−８−１８,34.7139042,135.5078678
大阪淀川リバーサイド郵便局,https://map.japanpost.jp/p/search/dtl/300140205000/?&cond2=1&cond200=1&&his=sa2,531-0063 大阪府大阪市北区長柄東１−４−２６−１０１（１階）,34.7118631,135.5162753
北浜郵便局高等裁判所内分室,https://map.japanpost.jp/p/search/dtl/300141004100/?&cond2=1&cond200=1&&his=sa2,530-0047 大阪府大阪市北区西天満２−１−１０,34.6956925,135.5042017
グランフロント大阪郵便局,https://map.japanpost.jp/p/search/dtl/300140182000/?&cond2=1&cond200=1&&his=sa2,530-0011 大阪府大阪市北区大深町４−２０ グランフロント大阪南館 地下１階,34.7044225,135.494435
新梅田シティ内郵便局,https://map.japanpost.jp/p/search/dtl/300140290000/?&cond2=1&cond200=1&&his=sa2,531-0076 大阪府大阪市北区大淀中１−１−９０−Ｂ１００（梅田スカイビル地下１階）,34.7053128,135.4905369
堂島アバンザ郵便局,https://map.japanpost.jp/p/search/dtl/300140333000/?&cond2=1&cond200=1&&his=sa2,530-0003 大阪府大阪市北区堂島１−６−２０,34.6970758,135.4967878
此花郵便局,https://map.japanpost.jp/p/search/dtl/300141552000/?&cond2=1&cond200=1&&his=sa2,554-8799 大阪府大阪市此花区春日出北２−１−９,34.6810544,135.4494953
此花郵便局,https://map.japanpost.jp/p/search/dtl/300141552000/?&cond2=1&cond200=1&&his=sa2,554-8799 大阪府大阪市此花区春日出北２−１−９,34.6810544,135.4494953
大阪安治川口駅前郵便局,https://map.japanpost.jp/p/search/dtl/300141473000/?&cond2=1&cond200=1&&his=sa2,554-0024 大阪府大阪市此花区島屋４−１−１８,34.6734219,135.4432886
此花春日出郵便局,https://map.japanpost.jp/p/search/dtl/300141502000/?&cond2=1&cond200=1&&his=sa2,554-0022 大阪府大阪市此花区春日出中１−１−９,34.6802572,135.4547425
此花桜島郵便局,https://map.japanpost.jp/p/search/dtl/300141630000/?&cond2=1&cond200=1&&his=sa2,554-0031 大阪府大阪市此花区桜島３−７−２４,34.6622528,135.428865
此花高見郵便局,https://map.japanpost.jp/p/search/dtl/300141121000/?&cond2=1&cond200=1&&his=sa2,554-0002 大阪府大阪市此花区伝法２−２−３６,34.6878792,135.4582406
此花伝法郵便局,https://map.japanpost.jp/p/search/dtl/300141017000/?&cond2=1&cond200=1&&his=sa2,554-0002 大阪府大阪市此花区伝法４−３−３３,34.6887869,135.453095
此花酉島郵便局,https://map.japanpost.jp/p/search/dtl/300141165000/?&cond2=1&cond200=1&&his=sa2,554-0051 大阪府大阪市此花区酉島３−４−２４,34.6833014,135.442555
此花西九条郵便局,https://map.japanpost.jp/p/search/dtl/300141377000/?&cond2=1&cond200=1&&his=sa2,554-0012 大阪府大阪市此花区西九条３−１１−２６,34.6832244,135.4670914
此花梅香郵便局,https://map.japanpost.jp/p/search/dtl/300141458000/?&cond2=1&cond200=1&&his=sa2,554-0013 大阪府大阪市此花区梅香３−３０−１０,34.6841294,135.4574258
新大阪郵便局,https://map.japanpost.jp/p/search/dtl/200140308000/?&cond2=1&cond200=1&&his=sa2,539-8799 大阪府大阪市此花区島屋４-１-１８,34.6738244,135.4422342
大阪城東郵便局,https://map.japanpost.jp/p/search/dtl/300141005000/?&cond2=1&cond200=1&&his=sa2,536-8799 大阪府大阪市城東区今福東３−１６−２３,34.7037175,135.5598308
大阪城東郵便局,https://map.japanpost.jp/p/search/dtl/300141005000/?&cond2=1&cond200=1&&his=sa2,536-8799 大阪府大阪市城東区今福東３−１６−２３,34.7037175,135.5598308
城東今福西郵便局,https://map.japanpost.jp/p/search/dtl/300141395000/?&cond2=1&cond200=1&&his=sa2,536-0004 大阪府大阪市城東区今福西１−１−２７,34.6982711,135.5487725
城東蒲生郵便局,https://map.japanpost.jp/p/search/dtl/300141756000/?&cond2=1&cond200=1&&his=sa2,536-0005 大阪府大阪市城東区中央３−５−４５,34.7031711,135.5443006
城東新喜多東郵便局,https://map.japanpost.jp/p/search/dtl/300141208000/?&cond2=1&cond200=1&&his=sa2,536-0017 大阪府大阪市城東区新喜多東１−２−１１,34.6955128,135.5464181
城東鴫野西郵便局,https://map.japanpost.jp/p/search/dtl/300141097000/?&cond2=1&cond200=1&&his=sa2,536-0014 大阪府大阪市城東区鴫野西２−１７−９,34.6919553,135.5393239
城東鴫野東郵便局,https://map.japanpost.jp/p/search/dtl/300141356000/?&cond2=1&cond200=1&&his=sa2,536-0013 大阪府大阪市城東区鴫野東３−９−３,34.6893944,135.5476114
城東諏訪郵便局,https://map.japanpost.jp/p/search/dtl/300141508000/?&cond2=1&cond200=1&&his=sa2,536-0021 大阪府大阪市城東区諏訪２−８−３９,34.6845039,135.5610353
城東関目二郵便局,https://map.japanpost.jp/p/search/dtl/300141369000/?&cond2=1&cond200=1&&his=sa2,536-0008 大阪府大阪市城東区関目１−１４−１８,34.7052203,135.5482864
城東関目郵便局,https://map.japanpost.jp/p/search/dtl/300141276000/?&cond2=1&cond200=1&&his=sa2,536-0008 大阪府大阪市城東区関目３−８−１３,34.71106,135.5482856
城東中浜郵便局,https://map.japanpost.jp/p/search/dtl/300141236000/?&cond2=1&cond200=1&&his=sa2,536-0024 大阪府大阪市城東区中浜２−１６−１４,34.6848117,135.5447461
城東野江郵便局,https://map.japanpost.jp/p/search/dtl/300141603000/?&cond2=1&cond200=1&&his=sa2,536-0006 大阪府大阪市城東区野江３−２６−２５,34.7057422,135.5401319
城東放出西郵便局,https://map.japanpost.jp/p/search/dtl/300140169000/?&cond2=1&cond200=1&&his=sa2,536-0011 大阪府大阪市城東区放出西２−１４−３２,34.6932472,135.5569086
城東古市三郵便局,https://map.japanpost.jp/p/search/dtl/300141516000/?&cond2=1&cond200=1&&his=sa2,536-0001 大阪府大阪市城東区古市３−１１−２３,34.7137917,135.5580944
城東古市郵便局,https://map.japanpost.jp/p/search/dtl/300141450000/?&cond2=1&cond200=1&&his=sa2,536-0001 大阪府大阪市城東区古市１−８−４,34.7085314,135.5558392
住之江郵便局,https://map.japanpost.jp/p/search/dtl/300141028000/?&cond2=1&cond200=1&&his=sa2,559-8799 大阪府大阪市住之江区新北島５−２−１８,34.6079247,135.4652961
住之江郵便局,https://map.japanpost.jp/p/search/dtl/300141028000/?&cond2=1&cond200=1&&his=sa2,559-8799 大阪府大阪市住之江区新北島５−２−１８,34.6079247,135.4652961
大阪南港ＡＴＣ内郵便局,https://map.japanpost.jp/p/search/dtl/300140301000/?&cond2=1&cond200=1&&his=sa2,559-0034 大阪府大阪市住之江区南港北２−１−１０（ＡＴＣ１階）,34.6383461,135.4119767
大阪ポートタウン西駅前郵便局,https://map.japanpost.jp/p/search/dtl/300140207000/?&cond2=1&cond200=1&&his=sa2,559-0033 大阪府大阪市住之江区南港中３−２−６８,34.6310642,135.4221122
住之江安立郵便局,https://map.japanpost.jp/p/search/dtl/300141109000/?&cond2=1&cond200=1&&his=sa2,559-0003 大阪府大阪市住之江区安立２−６−１３,34.6053669,135.4894633
住之江北加賀屋郵便局,https://map.japanpost.jp/p/search/dtl/300141662000/?&cond2=1&cond200=1&&his=sa2,559-0011 大阪府大阪市住之江区北加賀屋１−１２−３７,34.625615,135.4794336
住之江北島郵便局,https://map.japanpost.jp/p/search/dtl/300141423000/?&cond2=1&cond200=1&&his=sa2,559-0014 大阪府大阪市住之江区北島１−４−２０,34.6021008,135.4812481
住之江粉浜西郵便局,https://map.japanpost.jp/p/search/dtl/300141241000/?&cond2=1&cond200=1&&his=sa2,559-0007 大阪府大阪市住之江区粉浜西１−２−１,34.62239,135.4897047
住之江南港中郵便局,https://map.japanpost.jp/p/search/dtl/300140128000/?&cond2=1&cond200=1&&his=sa2,559-0033 大阪府大阪市住之江区南港中２−１−９９,34.6313539,135.4264992
住之江西加賀屋郵便局,https://map.japanpost.jp/p/search/dtl/300141405000/?&cond2=1&cond200=1&&his=sa2,559-0016 大阪府大阪市住之江区西加賀屋３−１８−５,34.6158797,135.4753811
住之江浜口郵便局,https://map.japanpost.jp/p/search/dtl/300140168000/?&cond2=1&cond200=1&&his=sa2,559-0002 大阪府大阪市住之江区浜口東２−５−１６,34.6110308,135.4868494
住之江東加賀屋郵便局,https://map.japanpost.jp/p/search/dtl/300141325000/?&cond2=1&cond200=1&&his=sa2,559-0012 大阪府大阪市住之江区東加賀屋２−１６−１７,34.6170519,135.4819672
住之江平林南郵便局,https://map.japanpost.jp/p/search/dtl/300140095000/?&cond2=1&cond200=1&&his=sa2,559-0025 大阪府大阪市住之江区平林南２−１１−１１２,34.6134894,135.4479283
住之江南加賀屋郵便局,https://map.japanpost.jp/p/search/dtl/300141560000/?&cond2=1&cond200=1&&his=sa2,559-0015 大阪府大阪市住之江区南加賀屋２−２−２９,34.6087836,135.4739453
住吉郵便局,https://map.japanpost.jp/p/search/dtl/300140245000/?&cond2=1&cond200=1&&his=sa2,558-8799 大阪府大阪市住吉区我孫子西２−１０−１,34.6026428,135.5049067
住吉郵便局,https://map.japanpost.jp/p/search/dtl/300140245000/?&cond2=1&cond200=1&&his=sa2,558-8799 大阪府大阪市住吉区我孫子西２−１０−１,34.6026428,135.5049067
大阪住吉町郵便局,https://map.japanpost.jp/p/search/dtl/300141159000/?&cond2=1&cond200=1&&his=sa2,558-0045 大阪府大阪市住吉区住吉１−１−３,34.6154189,135.4971786
住吉我孫子東郵便局,https://map.japanpost.jp/p/search/dtl/300141697000/?&cond2=1&cond200=1&&his=sa2,558-0013 大阪府大阪市住吉区我孫子東３−１−３,34.5976567,135.512375
住吉我孫子郵便局,https://map.japanpost.jp/p/search/dtl/300141483000/?&cond2=1&cond200=1&&his=sa2,558-0014 大阪府大阪市住吉区我孫子４−１５−２１,34.6001372,135.5087289
住吉遠里小野郵便局,https://map.japanpost.jp/p/search/dtl/300141155000/?&cond2=1&cond200=1&&his=sa2,558-0032 大阪府大阪市住吉区遠里小野４−６−２２,34.6013289,135.4940553
住吉神ノ木郵便局,https://map.japanpost.jp/p/search/dtl/300141225000/?&cond2=1&cond200=1&&his=sa2,558-0055 大阪府大阪市住吉区万代４−１２−３２,34.6176667,135.5032383
住吉苅田郵便局,https://map.japanpost.jp/p/search/dtl/300141515000/?&cond2=1&cond200=1&&his=sa2,558-0011 大阪府大阪市住吉区苅田５−９−３,34.6010817,135.5172361
住吉沢之町郵便局,https://map.japanpost.jp/p/search/dtl/300141594000/?&cond2=1&cond200=1&&his=sa2,558-0031 大阪府大阪市住吉区沢之町１−２−５,34.6043669,135.4996594
住吉千躰郵便局,https://map.japanpost.jp/p/search/dtl/300141240000/?&cond2=1&cond200=1&&his=sa2,558-0043 大阪府大阪市住吉区墨江２−５−２２,34.6080642,135.4941744
住吉帝塚山郵便局,https://map.japanpost.jp/p/search/dtl/300141484000/?&cond2=1&cond200=1&&his=sa2,558-0054 大阪府大阪市住吉区帝塚山東２−３−１０,34.6211236,135.5012147
住吉長居西郵便局,https://map.japanpost.jp/p/search/dtl/300140061000/?&cond2=1&cond200=1&&his=sa2,558-0002 大阪府大阪市住吉区長居西１−１−３,34.6164633,135.5103831
住吉長居東郵便局,https://map.japanpost.jp/p/search/dtl/300140027000/?&cond2=1&cond200=1&&his=sa2,558-0004 大阪府大阪市住吉区長居東３−１２−１２,34.6068086,135.5147914
住吉長居郵便局,https://map.japanpost.jp/p/search/dtl/300141370000/?&cond2=1&cond200=1&&his=sa2,558-0003 大阪府大阪市住吉区長居２−５−６,34.6128661,135.5125608
住吉長居四郵便局,https://map.japanpost.jp/p/search/dtl/300140258000/?&cond2=1&cond200=1&&his=sa2,558-0003 大阪府大阪市住吉区長居４−１−２９,34.6091864,135.5106886
住吉万代東一郵便局,https://map.japanpost.jp/p/search/dtl/300141278000/?&cond2=1&cond200=1&&his=sa2,558-0056 大阪府大阪市住吉区万代東１−１−３５,34.6221486,135.5074619
住吉東粉浜郵便局,https://map.japanpost.jp/p/search/dtl/300141148000/?&cond2=1&cond200=1&&his=sa2,558-0051 大阪府大阪市住吉区東粉浜３−２１−１４,34.6177828,135.4920744
住吉万代東郵便局,https://map.japanpost.jp/p/search/dtl/300141452000/?&cond2=1&cond200=1&&his=sa2,558-0056 大阪府大阪市住吉区万代東４−４−２８,34.6121272,135.5025147
住吉山之内三郵便局,https://map.japanpost.jp/p/search/dtl/300140032000/?&cond2=1&cond200=1&&his=sa2,558-0023 大阪府大阪市住吉区山之内３−５−２,34.5927019,135.5021681
住吉山之内郵便局,https://map.japanpost.jp/p/search/dtl/300141257000/?&cond2=1&cond200=1&&his=sa2,558-0032 大阪府大阪市住吉区遠里小野１−６−９,34.5987233,135.4994594
大正郵便局,https://map.japanpost.jp/p/search/dtl/300141029000/?&cond2=1&cond200=1&&his=sa2,551-8799 大阪府大阪市大正区三軒家東４−３−２２,34.6629211,135.4774325
大正郵便局,https://map.japanpost.jp/p/search/dtl/300141029000/?&cond2=1&cond200=1&&his=sa2,551-8799 大阪府大阪市大正区三軒家東４−３−２２,34.6629211,135.4774325
大正泉尾一郵便局,https://map.japanpost.jp/p/search/dtl/300141172000/?&cond2=1&cond200=1&&his=sa2,551-0031 大阪府大阪市大正区泉尾１−２１−９,34.6616711,135.4732381
大正泉尾郵便局,https://map.japanpost.jp/p/search/dtl/300141050000/?&cond2=1&cond200=1&&his=sa2,551-0031 大阪府大阪市大正区泉尾３−８−１７,34.6573861,135.4727578
大正北村郵便局,https://map.japanpost.jp/p/search/dtl/300141492000/?&cond2=1&cond200=1&&his=sa2,551-0032 大阪府大阪市大正区北村１−１０−１６,34.6520561,135.4686203
大正小林郵便局,https://map.japanpost.jp/p/search/dtl/300141280000/?&cond2=1&cond200=1&&his=sa2,551-0013 大阪府大阪市大正区小林西２−２−８,34.6438989,135.4700958
大正三軒家郵便局,https://map.japanpost.jp/p/search/dtl/300141056000/?&cond2=1&cond200=1&&his=sa2,551-0001 大阪府大阪市大正区三軒家西２−８−１２,34.6648406,135.4754992
大正千島郵便局,https://map.japanpost.jp/p/search/dtl/300140110000/?&cond2=1&cond200=1&&his=sa2,551-0003 大阪府大阪市大正区千島２−４−４−１,34.6515675,135.4727914
大正鶴町郵便局,https://map.japanpost.jp/p/search/dtl/300141438000/?&cond2=1&cond200=1&&his=sa2,551-0023 大阪府大阪市大正区鶴町２−１−１,34.6364983,135.4569467
大正平尾郵便局,https://map.japanpost.jp/p/search/dtl/300141153000/?&cond2=1&cond200=1&&his=sa2,551-0012 大阪府大阪市大正区平尾３−２４−１５,34.6402853,135.4729528
大正南恩加島郵便局,https://map.japanpost.jp/p/search/dtl/300141137000/?&cond2=1&cond200=1&&his=sa2,551-0021 大阪府大阪市大正区南恩加島２−７−２５,34.6381403,135.4696039
大阪東郵便局,https://map.japanpost.jp/p/search/dtl/300141019000/?&cond2=1&cond200=1&&his=sa2,541-8799 大阪府大阪市中央区備後町１−３−８,34.6849011,135.5089272
大阪東郵便局,https://map.japanpost.jp/p/search/dtl/300141019000/?&cond2=1&cond200=1&&his=sa2,541-8799 大阪府大阪市中央区備後町１−３−８,34.6849011,135.5089272
大阪南郵便局,https://map.japanpost.jp/p/search/dtl/300141425000/?&cond2=1&cond200=1&&his=sa2,542-8799 大阪府大阪市中央区東心斎橋１−４−２,34.6732039,135.5058967
大阪淡路町郵便局,https://map.japanpost.jp/p/search/dtl/300141443000/?&cond2=1&cond200=1&&his=sa2,541-0047 大阪府大阪市中央区淡路町２−４−４,34.6869825,135.5054936
大阪内本町郵便局,https://map.japanpost.jp/p/search/dtl/300140202000/?&cond2=1&cond200=1&&his=sa2,540-0026 大阪府大阪市中央区内本町２−１−１９（内本町松屋ビル１０１号）,34.6837308,135.5131733
大阪戎橋郵便局,https://map.japanpost.jp/p/search/dtl/300141447000/?&cond2=1&cond200=1&&his=sa2,542-0086 大阪府大阪市中央区西心斎橋２−１０−２１,34.6713289,135.4982911
大阪京橋郵便局,https://map.japanpost.jp/p/search/dtl/300141394000/?&cond2=1&cond200=1&&his=sa2,540-0001 大阪府大阪市中央区城見２−２−２２,34.6940872,135.532905
大阪高津郵便局,https://map.japanpost.jp/p/search/dtl/300141413000/?&cond2=1&cond200=1&&his=sa2,542-0077 大阪府大阪市中央区道頓堀１−東３−２６,34.6683883,135.5098264
大阪高麗橋郵便局,https://map.japanpost.jp/p/search/dtl/300141189000/?&cond2=1&cond200=1&&his=sa2,540-0037 大阪府大阪市中央区内平野町２−３−１３,34.6870633,135.5127786
大阪心斎橋郵便局,https://map.japanpost.jp/p/search/dtl/300141251000/?&cond2=1&cond200=1&&his=sa2,542-0085 大阪府大阪市中央区心斎橋筋１−５−４,34.67244,135.5021994
大阪末吉橋郵便局,https://map.japanpost.jp/p/search/dtl/300141436000/?&cond2=1&cond200=1&&his=sa2,542-0067 大阪府大阪市中央区松屋町１０−１４,34.6756736,135.5112428
大阪千日前中央通郵便局,https://map.japanpost.jp/p/search/dtl/300140303000/?&cond2=1&cond200=1&&his=sa2,542-0074 大阪府大阪市中央区千日前２−５−１０,34.6664547,135.5047247
大阪千日前郵便局,https://map.japanpost.jp/p/search/dtl/300141444000/?&cond2=1&cond200=1&&his=sa2,542-0074 大阪府大阪市中央区千日前１−６−５,34.6681242,135.5050219
大阪谷町郵便局,https://map.japanpost.jp/p/search/dtl/300141031000/?&cond2=1&cond200=1&&his=sa2,542-0012 大阪府大阪市中央区谷町８−１−５２−１０４,34.6713597,135.5168928
大阪谷町四郵便局,https://map.japanpost.jp/p/search/dtl/300141024000/?&cond2=1&cond200=1&&his=sa2,540-0012 大阪府大阪市中央区谷町４−８−１３,34.6798753,135.5176261
大阪玉造二郵便局,https://map.japanpost.jp/p/search/dtl/300141530000/?&cond2=1&cond200=1&&his=sa2,540-0004 大阪府大阪市中央区玉造２−２５−１５,34.6780144,135.5267417
大阪玉造郵便局,https://map.japanpost.jp/p/search/dtl/300141427000/?&cond2=1&cond200=1&&his=sa2,540-0004 大阪府大阪市中央区玉造１−４−１３,34.6746736,135.5329944
大阪ツイン２１内郵便局,https://map.japanpost.jp/p/search/dtl/300140219000/?&cond2=1&cond200=1&&his=sa2,540-6102 大阪府大阪市中央区城見２−１−６１（ツイン２１ＭＩＤタワー２階）,34.6927942,135.5314417
大阪難波郵便局,https://map.japanpost.jp/p/search/dtl/300141064000/?&cond2=1&cond200=1&&his=sa2,542-0076 大阪府大阪市中央区難波５−１−６０,34.6635358,135.5012208
大阪平野町郵便局,https://map.japanpost.jp/p/search/dtl/300141070000/?&cond2=1&cond200=1&&his=sa2,541-0044 大阪府大阪市中央区伏見町４‐３‐２,34.6891097,135.4988314
大阪伏見町郵便局,https://map.japanpost.jp/p/search/dtl/300141001000/?&cond2=1&cond200=1&&his=sa2,541-0044 大阪府大阪市中央区伏見町２−６−６,34.6890747,135.5041494
大阪府庁内郵便局,https://map.japanpost.jp/p/search/dtl/300141161000/?&cond2=1&cond200=1&&his=sa2,540-0008 大阪府大阪市中央区大手前３−２−１２(大阪府庁別館1階),34.6855011,135.5183983
大阪南船場一郵便局,https://map.japanpost.jp/p/search/dtl/300141435000/?&cond2=1&cond200=1&&his=sa2,542-0081 大阪府大阪市中央区南船場１−１３−２１,34.6772456,135.5074494
大阪南船場郵便局,https://map.japanpost.jp/p/search/dtl/300140178000/?&cond2=1&cond200=1&&his=sa2,542-0081 大阪府大阪市中央区南船場３−１１−１８（Osaka Metro 心斎橋ビル１階）,34.6761839,135.5008642
大阪淀屋橋郵便局,https://map.japanpost.jp/p/search/dtl/300141063000/?&cond2=1&cond200=1&&his=sa2,541-0042 大阪府大阪市中央区今橋３−４−１０,34.6913583,135.5023969
北浜東郵便局,https://map.japanpost.jp/p/search/dtl/300141291000/?&cond2=1&cond200=1&&his=sa2,540-0031 大阪府大阪市中央区北浜東３−９,34.689955,135.5125731
北浜郵便局,https://map.japanpost.jp/p/search/dtl/300141004000/?&cond2=1&cond200=1&&his=sa2,541-0042 大阪府大阪市中央区今橋２−３−２１（藤浪ビル１階）,34.6903786,135.5053853
ＫＤＤＩ大阪ビル内郵便局,https://map.japanpost.jp/p/search/dtl/300140230000/?&cond2=1&cond200=1&&his=sa2,540-0001 大阪府大阪市中央区城見２−２−７２（ＫＤＤＩ大阪ビル１階）,34.6930164,135.5344472
船場郵便局,https://map.japanpost.jp/p/search/dtl/300141442000/?&cond2=1&cond200=1&&his=sa2,541-0056 大阪府大阪市中央区久太郎町２−６−５,34.6805256,135.5037161
マーチャンダイズビル内郵便局,https://map.japanpost.jp/p/search/dtl/300141754000/?&cond2=1&cond200=1&&his=sa2,540-6591 大阪府大阪市中央区大手前１−７−３１（マーチャンダイズビル地下１階）,34.6903522,135.5186175
御堂筋本町郵便局,https://map.japanpost.jp/p/search/dtl/300141682000/?&cond2=1&cond200=1&&his=sa2,541-0048 大阪府大阪市中央区瓦町４−２−１４,34.6860083,135.5004403
大阪鶴見五郵便局,https://map.japanpost.jp/p/search/dtl/300140208000/?&cond2=1&cond200=1&&his=sa2,538-0053 大阪府大阪市鶴見区鶴見５−１０−２６,34.7059289,135.5679047
大阪鶴見五郵便局,https://map.japanpost.jp/p/search/dtl/300140208000/?&cond2=1&cond200=1&&his=sa2,538-0053 大阪府大阪市鶴見区鶴見５−１０−２６,34.7059289,135.5679047
大阪鶴見郵便局,https://map.japanpost.jp/p/search/dtl/300141279000/?&cond2=1&cond200=1&&his=sa2,538-0053 大阪府大阪市鶴見区鶴見３−２−２８,34.7003186,135.5603436
鶴見今津郵便局,https://map.japanpost.jp/p/search/dtl/300141620000/?&cond2=1&cond200=1&&his=sa2,538-0041 大阪府大阪市鶴見区今津北２−６−２２,34.6943806,135.5709631
鶴見放出東郵便局,https://map.japanpost.jp/p/search/dtl/300141154000/?&cond2=1&cond200=1&&his=sa2,538-0044 大阪府大阪市鶴見区放出東３−２０−３０,34.6891361,135.5624631
鶴見浜五郵便局,https://map.japanpost.jp/p/search/dtl/300140089000/?&cond2=1&cond200=1&&his=sa2,538-0035 大阪府大阪市鶴見区浜５−５−２４,34.7154419,135.5821561
鶴見浜郵便局,https://map.japanpost.jp/p/search/dtl/300141334000/?&cond2=1&cond200=1&&his=sa2,538-0051 大阪府大阪市鶴見区諸口５丁目浜１４−１３,34.7048906,135.5841514
鶴見茨田大宮郵便局,https://map.japanpost.jp/p/search/dtl/300141572000/?&cond2=1&cond200=1&&his=sa2,538-0031 大阪府大阪市鶴見区茨田大宮３−１−３９,34.7073347,135.596605
鶴見諸口郵便局,https://map.japanpost.jp/p/search/dtl/300141635000/?&cond2=1&cond200=1&&his=sa2,538-0051 大阪府大阪市鶴見区諸口２−１０−３４,34.70158,135.5802589
鶴見横堤郵便局,https://map.japanpost.jp/p/search/dtl/300141511000/?&cond2=1&cond200=1&&his=sa2,538-0052 大阪府大阪市鶴見区横堤３−７−７,34.7014411,135.57242
徳庵駅前郵便局,https://map.japanpost.jp/p/search/dtl/300141277000/?&cond2=1&cond200=1&&his=sa2,538-0041 大阪府大阪市鶴見区今津北５−１１−１０,34.6937419,135.5814203
天王寺郵便局,https://map.japanpost.jp/p/search/dtl/300141002000/?&cond2=1&cond200=1&&his=sa2,543-8799 大阪府大阪市天王寺区上汐５−５−１２,34.6592364,135.516135
天王寺郵便局,https://map.japanpost.jp/p/search/dtl/300141002000/?&cond2=1&cond200=1&&his=sa2,543-8799 大阪府大阪市天王寺区上汐５−５−１２,34.6592364,135.516135
大阪上本町六郵便局,https://map.japanpost.jp/p/search/dtl/300141103000/?&cond2=1&cond200=1&&his=sa2,543-0001 大阪府大阪市天王寺区上本町６−１−７８,34.6657744,135.5220197
大阪四天王寺郵便局,https://map.japanpost.jp/p/search/dtl/300141461000/?&cond2=1&cond200=1&&his=sa2,543-0062 大阪府大阪市天王寺区逢阪２−４−２３,34.6529931,135.512735
大阪寺田町郵便局,https://map.japanpost.jp/p/search/dtl/300141324000/?&cond2=1&cond200=1&&his=sa2,543-0045 大阪府大阪市天王寺区寺田町１−６−２４,34.6515931,135.5217228
天王寺石ケ辻郵便局,https://map.japanpost.jp/p/search/dtl/300141481000/?&cond2=1&cond200=1&&his=sa2,543-0031 大阪府大阪市天王寺区石ケ辻町３−４,34.6648961,135.5223831
天王寺上汐郵便局,https://map.japanpost.jp/p/search/dtl/300140256000/?&cond2=1&cond200=1&&his=sa2,543-0002 大阪府大阪市天王寺区上汐３−２−１７（コモド上汐ビル１階）,34.665805,135.5172375
天王寺小橋郵便局,https://map.japanpost.jp/p/search/dtl/300140282000/?&cond2=1&cond200=1&&his=sa2,543-0028 大阪府大阪市天王寺区小橋町３−１３（大和冷機上本町ＤＲＫビル）,34.6662439,135.5259669
天王寺清水谷郵便局,https://map.japanpost.jp/p/search/dtl/300141491000/?&cond2=1&cond200=1&&his=sa2,543-0001 大阪府大阪市天王寺区上本町３−１−１０,34.6728292,135.5212206
天王寺真法院郵便局,https://map.japanpost.jp/p/search/dtl/300141414000/?&cond2=1&cond200=1&&his=sa2,543-0041 大阪府大阪市天王寺区真法院町２−２,34.6574839,135.5228336
天王寺茶臼山郵便局,https://map.japanpost.jp/p/search/dtl/300141175000/?&cond2=1&cond200=1&&his=sa2,543-0063 大阪府大阪市天王寺区茶臼山町２−９（茶臼山ビル１階）,34.6494569,135.5130933
天王寺堂ケ芝郵便局,https://map.japanpost.jp/p/search/dtl/300141398000/?&cond2=1&cond200=1&&his=sa2,543-0033 大阪府大阪市天王寺区堂ケ芝２−３−１８（ミカモビル１階）,34.6618178,135.5264508
天王寺ＭｉＯ郵便局,https://map.japanpost.jp/p/search/dtl/300140317000/?&cond2=1&cond200=1&&his=sa2,543-0055 大阪府大阪市天王寺区悲田院町１０−３９（天王寺ミオ本館３階）,34.6468069,135.5145378
浪速郵便局,https://map.japanpost.jp/p/search/dtl/300141691000/?&cond2=1&cond200=1&&his=sa2,556-8799 大阪府大阪市浪速区難波中３−１０−１,34.6607308,135.5000833
浪速郵便局,https://map.japanpost.jp/p/search/dtl/300141691000/?&cond2=1&cond200=1&&his=sa2,556-8799 大阪府大阪市浪速区難波中３−１０−１,34.6607308,135.5000833
大阪ＯＣＡＴ内郵便局,https://map.japanpost.jp/p/search/dtl/300140318000/?&cond2=1&cond200=1&&his=sa2,556-0017 大阪府大阪市浪速区湊町１−４−１,34.6668744,135.4953256
大阪新世界郵便局,https://map.japanpost.jp/p/search/dtl/300141410000/?&cond2=1&cond200=1&&his=sa2,556-0002 大阪府大阪市浪速区恵美須東１−１３−８,34.6541558,135.5058136
浪速芦原郵便局,https://map.japanpost.jp/p/search/dtl/300141432000/?&cond2=1&cond200=1&&his=sa2,556-0026 大阪府大阪市浪速区浪速西２−１−１,34.6574086,135.4879928
浪速稲荷郵便局,https://map.japanpost.jp/p/search/dtl/300141487000/?&cond2=1&cond200=1&&his=sa2,556-0023 大阪府大阪市浪速区稲荷１−１２−２７,34.6639536,135.4912842
浪速桜川郵便局,https://map.japanpost.jp/p/search/dtl/300141390000/?&cond2=1&cond200=1&&his=sa2,556-0022 大阪府大阪市浪速区桜川３−４−４,34.6669436,135.4874314
浪速大国郵便局,https://map.japanpost.jp/p/search/dtl/300141422000/?&cond2=1&cond200=1&&his=sa2,556-0014 大阪府大阪市浪速区大国２−１−２２,34.6557611,135.4957844
浪速日本橋郵便局,https://map.japanpost.jp/p/search/dtl/300141350000/?&cond2=1&cond200=1&&his=sa2,556-0006 大阪府大阪市浪速区日本橋東１−４−９,34.6618464,135.5079553
大阪西郵便局,https://map.japanpost.jp/p/search/dtl/300141062000/?&cond2=1&cond200=1&&his=sa2,550-8799 大阪府大阪市西区江之子島２−１−３,34.6816442,135.4854808
大阪西郵便局,https://map.japanpost.jp/p/search/dtl/300141062000/?&cond2=1&cond200=1&&his=sa2,550-8799 大阪府大阪市西区江之子島２−１−３,34.6816442,135.4854808
大阪江戸堀郵便局,https://map.japanpost.jp/p/search/dtl/300141449000/?&cond2=1&cond200=1&&his=sa2,550-0002 大阪府大阪市西区江戸堀２−３−１,34.6873128,135.4920028
大阪九条南郵便局,https://map.japanpost.jp/p/search/dtl/300140233000/?&cond2=1&cond200=1&&his=sa2,550-0025 大阪府大阪市西区九条南４−２６−１９,34.6755058,135.4655361
大阪九条郵便局,https://map.japanpost.jp/p/search/dtl/300141027000/?&cond2=1&cond200=1&&his=sa2,550-0027 大阪府大阪市西区九条１−６−７,34.6756644,135.4756128
大阪境川郵便局,https://map.japanpost.jp/p/search/dtl/300141106000/?&cond2=1&cond200=1&&his=sa2,550-0025 大阪府大阪市西区九条南１−１１−２１,34.6707761,135.4741917
大阪新町郵便局,https://map.japanpost.jp/p/search/dtl/300141467000/?&cond2=1&cond200=1&&his=sa2,550-0013 大阪府大阪市西区新町１−４−３０,34.6767094,135.4973189
大阪問屋橋郵便局,https://map.japanpost.jp/p/search/dtl/300141351000/?&cond2=1&cond200=1&&his=sa2,550-0013 大阪府大阪市西区新町３−５−７,34.6761286,135.4901589
大阪西本町郵便局,https://map.japanpost.jp/p/search/dtl/300140297000/?&cond2=1&cond200=1&&his=sa2,550-0005 大阪府大阪市西区西本町１−１５−６（西本町ビル１階）,34.6821581,135.4938892
大阪肥後橋郵便局,https://map.japanpost.jp/p/search/dtl/300140330000/?&cond2=1&cond200=1&&his=sa2,550-0002 大阪府大阪市西区江戸堀１−９−６（肥後橋ユニオンビル１階）,34.6887544,135.4963417
大阪日吉郵便局,https://map.japanpost.jp/p/search/dtl/300141480000/?&cond2=1&cond200=1&&his=sa2,550-0015 大阪府大阪市西区南堀江４−１５−１１,34.6725258,135.4849311
大阪本田郵便局,https://map.japanpost.jp/p/search/dtl/300141462000/?&cond2=1&cond200=1&&his=sa2,550-0022 大阪府大阪市西区本田１−５−８,34.6780053,135.4809319
大阪南安治川郵便局,https://map.japanpost.jp/p/search/dtl/300141055000/?&cond2=1&cond200=1&&his=sa2,550-0027 大阪府大阪市西区九条３−１３−５,34.6771969,135.4703375
大阪南堀江郵便局,https://map.japanpost.jp/p/search/dtl/300141439000/?&cond2=1&cond200=1&&his=sa2,550-0015 大阪府大阪市西区南堀江１−２０−２０,34.6717008,135.4937783
なにわ筋新町郵便局,https://map.japanpost.jp/p/search/dtl/300140323000/?&cond2=1&cond200=1&&his=sa2,550-0013 大阪府大阪市西区新町１−３４−１５,34.6783997,135.4936308
西成郵便局,https://map.japanpost.jp/p/search/dtl/300141272000/?&cond2=1&cond200=1&&his=sa2,557-8799 大阪府大阪市西成区岸里２−３−２９,34.6334169,135.4939183
西成郵便局,https://map.japanpost.jp/p/search/dtl/300141272000/?&cond2=1&cond200=1&&his=sa2,557-8799 大阪府大阪市西成区岸里２−３−２９,34.6334169,135.4939183
西成岸里東郵便局,https://map.japanpost.jp/p/search/dtl/300141150000/?&cond2=1&cond200=1&&his=sa2,557-0042 大阪府大阪市西成区岸里東１−２４−６,34.6324669,135.4961933
西成山王郵便局,https://map.japanpost.jp/p/search/dtl/300141215000/?&cond2=1&cond200=1&&his=sa2,557-0001 大阪府大阪市西成区山王２−９−１３,34.6454242,135.5058608
西成千本北郵便局,https://map.japanpost.jp/p/search/dtl/300141419000/?&cond2=1&cond200=1&&his=sa2,557-0053 大阪府大阪市西成区千本北１−７−２０,34.6351808,135.4906072
西成千本南郵便局,https://map.japanpost.jp/p/search/dtl/300141193000/?&cond2=1&cond200=1&&his=sa2,557-0055 大阪府大阪市西成区千本南１−１５−８,34.6304947,135.4922517
西成千本郵便局,https://map.japanpost.jp/p/search/dtl/300141354000/?&cond2=1&cond200=1&&his=sa2,557-0045 大阪府大阪市西成区玉出西１−２０−４,34.6279539,135.4874686
西成橘郵便局,https://map.japanpost.jp/p/search/dtl/300141136000/?&cond2=1&cond200=1&&his=sa2,557-0051 大阪府大阪市西成区橘２−６−１４,34.6379939,135.4910367
西成玉出郵便局,https://map.japanpost.jp/p/search/dtl/300141409000/?&cond2=1&cond200=1&&his=sa2,557-0044 大阪府大阪市西成区玉出中２−１０−１７,34.625615,135.4930658
西成津守郵便局,https://map.japanpost.jp/p/search/dtl/300141118000/?&cond2=1&cond200=1&&his=sa2,557-0062 大阪府大阪市西成区津守１−２−１８,34.646715,135.4851667
西成鶴見橋郵便局,https://map.japanpost.jp/p/search/dtl/300141166000/?&cond2=1&cond200=1&&his=sa2,557-0031 大阪府大阪市西成区鶴見橋2-6-17,34.6460772,135.4923292
西成天下茶屋東郵便局,https://map.japanpost.jp/p/search/dtl/300141648000/?&cond2=1&cond200=1&&his=sa2,557-0011 大阪府大阪市西成区天下茶屋東２−６−２１,34.6395689,135.5033475
西成天下茶屋郵便局,https://map.japanpost.jp/p/search/dtl/300141549000/?&cond2=1&cond200=1&&his=sa2,557-0014 大阪府大阪市西成区天下茶屋２−６−２８,34.6377606,135.4995919
西成出城郵便局,https://map.japanpost.jp/p/search/dtl/300141488000/?&cond2=1&cond200=1&&his=sa2,557-0024 大阪府大阪市西成区出城２−１−１３,34.6497761,135.4926681
西成花園南郵便局,https://map.japanpost.jp/p/search/dtl/300141227000/?&cond2=1&cond200=1&&his=sa2,557-0015 大阪府大阪市西成区花園南１−１３−３０,34.6408547,135.4961794
西成花園郵便局,https://map.japanpost.jp/p/search/dtl/300141058000/?&cond2=1&cond200=1&&his=sa2,557-0004 大阪府大阪市西成区萩之茶屋３−５−２７,34.6446519,135.4987419
西淀川郵便局,https://map.japanpost.jp/p/search/dtl/300141269000/?&cond2=1&cond200=1&&his=sa2,555-8799 大阪府大阪市西淀川区姫里３−１−３３,34.7084017,135.4585725
西淀川郵便局,https://map.japanpost.jp/p/search/dtl/300141269000/?&cond2=1&cond200=1&&his=sa2,555-8799 大阪府大阪市西淀川区姫里３−１−３３,34.7084017,135.4585725
大阪姫島郵便局,https://map.japanpost.jp/p/search/dtl/300141038000/?&cond2=1&cond200=1&&his=sa2,555-0033 大阪府大阪市西淀川区姫島１−２３−１１,34.7036406,135.4560586
西淀川歌島橋郵便局,https://map.japanpost.jp/p/search/dtl/300141294000/?&cond2=1&cond200=1&&his=sa2,555-0012 大阪府大阪市西淀川区御幣島２−１３−１,34.7140783,135.454325
西淀川歌島郵便局,https://map.japanpost.jp/p/search/dtl/300141320000/?&cond2=1&cond200=1&&his=sa2,555-0021 大阪府大阪市西淀川区歌島２−２−９,34.7135647,135.4636767
西淀川大和田郵便局,https://map.japanpost.jp/p/search/dtl/300141306000/?&cond2=1&cond200=1&&his=sa2,555-0032 大阪府大阪市西淀川区大和田４−６−８,34.7069014,135.4450433
西淀川柏里郵便局,https://map.japanpost.jp/p/search/dtl/300141463000/?&cond2=1&cond200=1&&his=sa2,555-0022 大阪府大阪市西淀川区柏里１−１６−１９,34.7105297,135.4686933
西淀川千船郵便局,https://map.japanpost.jp/p/search/dtl/300141321000/?&cond2=1&cond200=1&&his=sa2,555-0001 大阪府大阪市西淀川区佃２−２−３３（アバリーナ千船 北館２階）,34.7123122,135.4453472
西淀川佃郵便局,https://map.japanpost.jp/p/search/dtl/300141404000/?&cond2=1&cond200=1&&his=sa2,555-0001 大阪府大阪市西淀川区佃２−１４−２５,34.7154061,135.4470458
西淀川出来島郵便局,https://map.japanpost.jp/p/search/dtl/300141535000/?&cond2=1&cond200=1&&his=sa2,555-0031 大阪府大阪市西淀川区出来島２−６−２,34.7056375,135.4371933
西淀川中島郵便局,https://map.japanpost.jp/p/search/dtl/300140243000/?&cond2=1&cond200=1&&his=sa2,555-0041 大阪府大阪市西淀川区中島１−１８−１,34.7030797,135.4284753
西淀川福郵便局,https://map.japanpost.jp/p/search/dtl/300141228000/?&cond2=1&cond200=1&&his=sa2,555-0034 大阪府大阪市西淀川区福町２−４−４８,34.6990939,135.4415683
西淀川御幣島郵便局,https://map.japanpost.jp/p/search/dtl/300141494000/?&cond2=1&cond200=1&&his=sa2,555-0012 大阪府大阪市西淀川区御幣島６−９−４,34.7209864,135.4551647
東住吉郵便局,https://map.japanpost.jp/p/search/dtl/300140186000/?&cond2=1&cond200=1&&his=sa2,546-8799 大阪府大阪市東住吉区今川８−８−２５,34.6244736,135.5387083
東住吉郵便局,https://map.japanpost.jp/p/search/dtl/300140186000/?&cond2=1&cond200=1&&his=sa2,546-8799 大阪府大阪市東住吉区今川８−８−２５,34.6244736,135.5387083
東住吉今川駅前郵便局,https://map.japanpost.jp/p/search/dtl/300141234000/?&cond2=1&cond200=1&&his=sa2,546-0042 大阪府大阪市東住吉区西今川２−１２−２,34.6273239,135.5309444
東住吉今川郵便局,https://map.japanpost.jp/p/search/dtl/300141631000/?&cond2=1&cond200=1&&his=sa2,546-0003 大阪府大阪市東住吉区今川３−１１−２,34.6296033,135.5423469
東住吉北田辺郵便局,https://map.japanpost.jp/p/search/dtl/300141110000/?&cond2=1&cond200=1&&his=sa2,546-0044 大阪府大阪市東住吉区北田辺６−１３−１９,34.6303811,135.5258369
東住吉行基橋郵便局,https://map.japanpost.jp/p/search/dtl/300140190000/?&cond2=1&cond200=1&&his=sa2,546-0024 大阪府大阪市東住吉区公園南矢田４−１５−２４,34.5987958,135.524235
東住吉杭全郵便局,https://map.japanpost.jp/p/search/dtl/300141163000/?&cond2=1&cond200=1&&his=sa2,546-0002 大阪府大阪市東住吉区杭全３−５−１,34.6362758,135.5369275
東住吉桑津一郵便局,https://map.japanpost.jp/p/search/dtl/300141195000/?&cond2=1&cond200=1&&his=sa2,546-0041 大阪府大阪市東住吉区桑津１−８−１８,34.6439939,135.5292117
東住吉桑津郵便局,https://map.japanpost.jp/p/search/dtl/300141275000/?&cond2=1&cond200=1&&his=sa2,546-0041 大阪府大阪市東住吉区桑津５−１−３,34.6368261,135.5276742
東住吉公園南矢田郵便局,https://map.japanpost.jp/p/search/dtl/300141696000/?&cond2=1&cond200=1&&his=sa2,546-0024 大阪府大阪市東住吉区公園南矢田１−７−２３,34.6055781,135.5228458
東住吉駒川一郵便局,https://map.japanpost.jp/p/search/dtl/300141513000/?&cond2=1&cond200=1&&his=sa2,546-0043 大阪府大阪市東住吉区駒川１−１７−３２,34.6328394,135.5300453
東住吉駒川五郵便局,https://map.japanpost.jp/p/search/dtl/300141184000/?&cond2=1&cond200=1&&his=sa2,546-0043 大阪府大阪市東住吉区駒川５−１９−３,34.6173592,135.5312331
東住吉住道矢田郵便局,https://map.japanpost.jp/p/search/dtl/300141601000/?&cond2=1&cond200=1&&his=sa2,546-0022 大阪府大阪市東住吉区住道矢田２−１−１８,34.6033481,135.5368694
東住吉鷹合郵便局,https://map.japanpost.jp/p/search/dtl/300141359000/?&cond2=1&cond200=1&&his=sa2,546-0014 大阪府大阪市東住吉区鷹合２−１３−２６,34.6142853,135.5321594
東住吉田辺郵便局,https://map.japanpost.jp/p/search/dtl/300141156000/?&cond2=1&cond200=1&&his=sa2,546-0031 大阪府大阪市東住吉区田辺１−１１−１５,34.6259661,135.5238383
東住吉鶴ヶ丘郵便局,https://map.japanpost.jp/p/search/dtl/300141485000/?&cond2=1&cond200=1&&his=sa2,546-0035 大阪府大阪市東住吉区山坂５−４−２７,34.6170606,135.5179942
東住吉照ケ丘矢田郵便局,https://map.japanpost.jp/p/search/dtl/300141247000/?&cond2=1&cond200=1&&his=sa2,546-0021 大阪府大阪市東住吉区照ケ丘矢田２−１１−５,34.6074311,135.5372669
東住吉東部市場内郵便局,https://map.japanpost.jp/p/search/dtl/300141592000/?&cond2=1&cond200=1&&his=sa2,546-0001 大阪府大阪市東住吉区今林１−２−６８,34.6405083,135.5388856
東住吉長居公園東郵便局,https://map.japanpost.jp/p/search/dtl/300141534000/?&cond2=1&cond200=1&&his=sa2,546-0014 大阪府大阪市東住吉区鷹合３−３−１５,34.6094753,135.5285847
東住吉西今川郵便局,https://map.japanpost.jp/p/search/dtl/300141415000/?&cond2=1&cond200=1&&his=sa2,546-0042 大阪府大阪市東住吉区西今川４−３３−１６,34.6217931,135.5348233
東住吉針中野郵便局,https://map.japanpost.jp/p/search/dtl/300141573000/?&cond2=1&cond200=1&&his=sa2,546-0011 大阪府大阪市東住吉区針中野４−８−１６,34.6169111,135.5356633
東住吉東田辺郵便局,https://map.japanpost.jp/p/search/dtl/300141258000/?&cond2=1&cond200=1&&his=sa2,546-0032 大阪府大阪市東住吉区東田辺２−６−２０,34.6212981,135.5295722
東住吉南田辺五郵便局,https://map.japanpost.jp/p/search/dtl/300141472000/?&cond2=1&cond200=1&&his=sa2,546-0033 大阪府大阪市東住吉区南田辺５−７−１４,34.6180269,135.5263733
東住吉矢田五郵便局,https://map.japanpost.jp/p/search/dtl/300140059000/?&cond2=1&cond200=1&&his=sa2,546-0023 大阪府大阪市東住吉区矢田５−８−２９,34.5999625,135.5293239
東住吉山坂郵便局,https://map.japanpost.jp/p/search/dtl/300141196000/?&cond2=1&cond200=1&&his=sa2,546-0033 大阪府大阪市東住吉区南田辺１−１０−３２,34.6212164,135.5230778
東成郵便局,https://map.japanpost.jp/p/search/dtl/300141046000/?&cond2=1&cond200=1&&his=sa2,537-8799 大阪府大阪市東成区東今里３−１３−１１,34.6754183,135.5494422
東成郵便局,https://map.japanpost.jp/p/search/dtl/300141046000/?&cond2=1&cond200=1&&his=sa2,537-8799 大阪府大阪市東成区東今里３−１３−１１,34.6754183,135.5494422
東成今里郵便局,https://map.japanpost.jp/p/search/dtl/300141158000/?&cond2=1&cond200=1&&his=sa2,537-0012 大阪府大阪市東成区大今里2-18-12,34.6723378,135.5506956
東成大今里西郵便局,https://map.japanpost.jp/p/search/dtl/300141482000/?&cond2=1&cond200=1&&his=sa2,537-0014 大阪府大阪市東成区大今里西１−２８−１４,34.6703678,135.5416172
東成大今里南郵便局,https://map.japanpost.jp/p/search/dtl/300141341000/?&cond2=1&cond200=1&&his=sa2,537-0013 大阪府大阪市東成区大今里南６−２８−９,34.6647306,135.5569561
東成大今里郵便局,https://map.japanpost.jp/p/search/dtl/300141694000/?&cond2=1&cond200=1&&his=sa2,537-0012 大阪府大阪市東成区大今里３−１７−１１,34.6692664,135.5448158
東成神路郵便局,https://map.japanpost.jp/p/search/dtl/300141559000/?&cond2=1&cond200=1&&his=sa2,537-0001 大阪府大阪市東成区深江北１−５−２,34.67799,135.5561192
東成玉津郵便局,https://map.japanpost.jp/p/search/dtl/300141133000/?&cond2=1&cond200=1&&his=sa2,537-0023 大阪府大阪市東成区玉津３−１−４,34.6663633,135.5349947
東成鶴橋駅前郵便局,https://map.japanpost.jp/p/search/dtl/300141200000/?&cond2=1&cond200=1&&his=sa2,537-0024 大阪府大阪市東成区東小橋３−１−９,34.6676356,135.5312725
東成中浜郵便局,https://map.japanpost.jp/p/search/dtl/300141151000/?&cond2=1&cond200=1&&his=sa2,537-0022 大阪府大阪市東成区中本１−７−８,34.6820417,135.5425861
東成中道郵便局,https://map.japanpost.jp/p/search/dtl/300141352000/?&cond2=1&cond200=1&&his=sa2,537-0025 大阪府大阪市東成区中道２−２４−１５,34.6776961,135.5373517
東成中本郵便局,https://map.japanpost.jp/p/search/dtl/300141297000/?&cond2=1&cond200=1&&his=sa2,537-0021 大阪府大阪市東成区東中本３−２−３,34.6775906,135.5451156
東成東中本郵便局,https://map.japanpost.jp/p/search/dtl/300141342000/?&cond2=1&cond200=1&&his=sa2,537-0021 大阪府大阪市東成区東中本２−５−２２（大川ハイツ１階）,34.6794619,135.5487061
東成深江中郵便局,https://map.japanpost.jp/p/search/dtl/300141305000/?&cond2=1&cond200=1&&his=sa2,537-0002 大阪府大阪市東成区深江南２−３−３０,34.6724267,135.558395
東成深江橋郵便局,https://map.japanpost.jp/p/search/dtl/300141340000/?&cond2=1&cond200=1&&his=sa2,537-0001 大阪府大阪市東成区深江北３−１−３３,34.6784706,135.5603186
東成深江南郵便局,https://map.japanpost.jp/p/search/dtl/300141238000/?&cond2=1&cond200=1&&his=sa2,537-0002 大阪府大阪市東成区深江南３−１９−１４,34.6688633,135.5606789
東淀川郵便局,https://map.japanpost.jp/p/search/dtl/300141774000/?&cond2=1&cond200=1&&his=sa2,533-8799 大阪府大阪市東淀川区下新庄６−４−１４,34.7467889,135.5259781
東淀川郵便局,https://map.japanpost.jp/p/search/dtl/300141774000/?&cond2=1&cond200=1&&his=sa2,533-8799 大阪府大阪市東淀川区下新庄６−４−１４,34.7467889,135.5259781
東淀川相川郵便局,https://map.japanpost.jp/p/search/dtl/300141470000/?&cond2=1&cond200=1&&his=sa2,533-0007 大阪府大阪市東淀川区相川２−６−６,34.7574722,135.5341178
東淀川淡路郵便局,https://map.japanpost.jp/p/search/dtl/300141164000/?&cond2=1&cond200=1&&his=sa2,533-0032 大阪府大阪市東淀川区淡路４−７−１４,34.740085,135.5155025
東淀川井高野郵便局,https://map.japanpost.jp/p/search/dtl/300141519000/?&cond2=1&cond200=1&&his=sa2,533-0001 大阪府大阪市東淀川区井高野１−３３−３９,34.761405,135.5455828
東淀川上新庄郵便局,https://map.japanpost.jp/p/search/dtl/300141194000/?&cond2=1&cond200=1&&his=sa2,533-0005 大阪府大阪市東淀川区瑞光１−９−８,34.7494872,135.534865
東淀川柴島郵便局,https://map.japanpost.jp/p/search/dtl/300141399000/?&cond2=1&cond200=1&&his=sa2,533-0024 大阪府大阪市東淀川区柴島２−１２−４,34.7283,135.5117803
東淀川小松二郵便局,https://map.japanpost.jp/p/search/dtl/300140315000/?&cond2=1&cond200=1&&his=sa2,533-0004 大阪府大阪市東淀川区小松２−１２−４,34.7530281,135.5356692
東淀川下新庄四郵便局,https://map.japanpost.jp/p/search/dtl/300141661000/?&cond2=1&cond200=1&&his=sa2,533-0021 大阪府大阪市東淀川区下新庄４−１５−２１,34.7460061,135.5174886
東淀川菅原七郵便局,https://map.japanpost.jp/p/search/dtl/300141319000/?&cond2=1&cond200=1&&his=sa2,533-0022 大阪府大阪市東淀川区菅原７−１０−５,34.7421272,135.5221042
東淀川菅原四郵便局,https://map.japanpost.jp/p/search/dtl/300141660000/?&cond2=1&cond200=1&&his=sa2,533-0022 大阪府大阪市東淀川区菅原４−２−４,34.7396244,135.5289403
東淀川瑞光郵便局,https://map.japanpost.jp/p/search/dtl/300141455000/?&cond2=1&cond200=1&&his=sa2,533-0005 大阪府大阪市東淀川区瑞光４−８−４０,34.7514458,135.5448833
東淀川崇禅寺郵便局,https://map.japanpost.jp/p/search/dtl/300141451000/?&cond2=1&cond200=1&&his=sa2,533-0033 大阪府大阪市東淀川区東中島５−２０−２１,34.7330806,135.5096969
東淀川大桐郵便局,https://map.japanpost.jp/p/search/dtl/300141634000/?&cond2=1&cond200=1&&his=sa2,533-0011 大阪府大阪市東淀川区大桐２−２−２１,34.7462486,135.5445917
東淀川豊里郵便局,https://map.japanpost.jp/p/search/dtl/300141551000/?&cond2=1&cond200=1&&his=sa2,533-0013 大阪府大阪市東淀川区豊里４−３−１３,34.7386775,135.5423003
東淀川西淡路郵便局,https://map.japanpost.jp/p/search/dtl/300141493000/?&cond2=1&cond200=1&&his=sa2,533-0031 大阪府大阪市東淀川区西淡路４−５−２３,34.7406319,135.5063842
東淀川東淡路郵便局,https://map.japanpost.jp/p/search/dtl/300140077000/?&cond2=1&cond200=1&&his=sa2,533-0023 大阪府大阪市東淀川区東淡路１−５−１−１０４,34.7349167,135.5205469
東淀川東中島郵便局,https://map.japanpost.jp/p/search/dtl/300140332000/?&cond2=1&cond200=1&&his=sa2,533-0033 大阪府大阪市東淀川区東中島２−１３−５,34.7295717,135.5048814
東淀川豊新郵便局,https://map.japanpost.jp/p/search/dtl/300140078000/?&cond2=1&cond200=1&&his=sa2,533-0014 大阪府大阪市東淀川区豊新４−６−５,34.7436633,135.5350986
東淀川南江口郵便局,https://map.japanpost.jp/p/search/dtl/300140001000/?&cond2=1&cond200=1&&his=sa2,533-0003 大阪府大阪市東淀川区南江口３−１−５７,34.7540422,135.5508125
平野郵便局,https://map.japanpost.jp/p/search/dtl/300141066000/?&cond2=1&cond200=1&&his=sa2,547-8799 大阪府大阪市平野区平野西３−１−５,34.6205681,135.5441806
平野郵便局,https://map.japanpost.jp/p/search/dtl/300141066000/?&cond2=1&cond200=1&&his=sa2,547-8799 大阪府大阪市平野区平野西３−１−５,34.6205681,135.5441806
大阪平野駅前郵便局,https://map.japanpost.jp/p/search/dtl/300141226000/?&cond2=1&cond200=1&&his=sa2,547-0032 大阪府大阪市平野区流町１−６−２,34.6207253,135.5505028
大阪平野北郵便局,https://map.japanpost.jp/p/search/dtl/300140225000/?&cond2=1&cond200=1&&his=sa2,547-0041 大阪府大阪市平野区平野北１−６−５,34.6328036,135.5504792
大阪平野西郵便局,https://map.japanpost.jp/p/search/dtl/300141775000/?&cond2=1&cond200=1&&his=sa2,547-0033 大阪府大阪市平野区平野西６−７−２８,34.6167106,135.5470889
大阪平野本町郵便局,https://map.japanpost.jp/p/search/dtl/300141170000/?&cond2=1&cond200=1&&his=sa2,547-0044 大阪府大阪市平野区平野本町３−７−１２,34.6238572,135.5547767
大阪平野南郵便局,https://map.japanpost.jp/p/search/dtl/300141689000/?&cond2=1&cond200=1&&his=sa2,547-0031 大阪府大阪市平野区平野南１−８−１０,34.6193192,135.5570461
平野瓜破西二郵便局,https://map.japanpost.jp/p/search/dtl/300140129000/?&cond2=1&cond200=1&&his=sa2,547-0025 大阪府大阪市平野区瓜破西２−９−３１,34.6032811,135.5447975
平野瓜破西郵便局,https://map.japanpost.jp/p/search/dtl/300141600000/?&cond2=1&cond200=1&&his=sa2,547-0025 大阪府大阪市平野区瓜破西１−７−６,34.6091314,135.5457494
平野瓜破郵便局,https://map.japanpost.jp/p/search/dtl/300141368000/?&cond2=1&cond200=1&&his=sa2,547-0024 大阪府大阪市平野区瓜破５−４−１４,34.6024906,135.5550803
平野加美北九郵便局,https://map.japanpost.jp/p/search/dtl/300140060000/?&cond2=1&cond200=1&&his=sa2,547-0001 大阪府大阪市平野区加美北９−１４−３２,34.6337539,135.5663475
平野加美北郵便局,https://map.japanpost.jp/p/search/dtl/300140025000/?&cond2=1&cond200=1&&his=sa2,547-0001 大阪府大阪市平野区加美北４−１２−４２,34.637025,135.5594517
平野加美正覚寺郵便局,https://map.japanpost.jp/p/search/dtl/300141486000/?&cond2=1&cond200=1&&his=sa2,547-0006 大阪府大阪市平野区加美正覚寺２−５−８,34.6329567,135.5609253
平野加美西郵便局,https://map.japanpost.jp/p/search/dtl/300141310000/?&cond2=1&cond200=1&&his=sa2,547-0004 大阪府大阪市平野区加美鞍作１−３−３０,34.6264831,135.5655878
平野加美東郵便局,https://map.japanpost.jp/p/search/dtl/300141726000/?&cond2=1&cond200=1&&his=sa2,547-0002 大阪府大阪市平野区加美東２−８−２１,34.6309761,135.5715919
平野加美南郵便局,https://map.japanpost.jp/p/search/dtl/300141346000/?&cond2=1&cond200=1&&his=sa2,547-0004 大阪府大阪市平野区加美鞍作３−９−２１,34.6217072,135.5678719
平野川辺郵便局,https://map.japanpost.jp/p/search/dtl/300141020000/?&cond2=1&cond200=1&&his=sa2,547-0014 大阪府大阪市平野区長吉川辺１−２−１２,34.5973047,135.5707289
平野喜連西郵便局,https://map.japanpost.jp/p/search/dtl/300141632000/?&cond2=1&cond200=1&&his=sa2,547-0026 大阪府大阪市平野区喜連西３−１３−２０,34.6120328,135.5432778
平野喜連東郵便局,https://map.japanpost.jp/p/search/dtl/300141558000/?&cond2=1&cond200=1&&his=sa2,547-0021 大阪府大阪市平野区喜連東２−２−３０,34.6130667,135.5622728
平野喜連郵便局,https://map.japanpost.jp/p/search/dtl/300141469000/?&cond2=1&cond200=1&&his=sa2,547-0027 大阪府大阪市平野区喜連７−１−４１,34.6117203,135.5553658
平野大念仏寺前郵便局,https://map.japanpost.jp/p/search/dtl/300141539000/?&cond2=1&cond200=1&&his=sa2,547-0045 大阪府大阪市平野区平野上町１−６−３,34.6269961,135.5517989
平野出戸郵便局,https://map.japanpost.jp/p/search/dtl/300140030000/?&cond2=1&cond200=1&&his=sa2,547-0011 大阪府大阪市平野区長吉出戸７−１２−１０,34.6100908,135.57757
平野長原東郵便局,https://map.japanpost.jp/p/search/dtl/300141727000/?&cond2=1&cond200=1&&his=sa2,547-0013 大阪府大阪市平野区長吉長原東３−１３−３０,34.6019217,135.5786528
平野長原郵便局,https://map.japanpost.jp/p/search/dtl/300141557000/?&cond2=1&cond200=1&&his=sa2,547-0016 大阪府大阪市平野区長吉長原１−２−１８,34.6067539,135.5683731
平野六反郵便局,https://map.japanpost.jp/p/search/dtl/300141538000/?&cond2=1&cond200=1&&his=sa2,547-0012 大阪府大阪市平野区長吉六反２−６−３５,34.6060956,135.5794858
大阪海老江郵便局,https://map.japanpost.jp/p/search/dtl/300141051000/?&cond2=1&cond200=1&&his=sa2,553-0001 大阪府大阪市福島区海老江４−３−４,34.6979642,135.4723119
大阪海老江郵便局,https://map.japanpost.jp/p/search/dtl/300141051000/?&cond2=1&cond200=1&&his=sa2,553-0001 大阪府大阪市福島区海老江４−３−４,34.6979642,135.4723119
大阪大開郵便局,https://map.japanpost.jp/p/search/dtl/300141146000/?&cond2=1&cond200=1&&his=sa2,553-0007 大阪府大阪市福島区大開１−２０−１３,34.6943819,135.4725539
大阪上福島郵便局,https://map.japanpost.jp/p/search/dtl/300141392000/?&cond2=1&cond200=1&&his=sa2,553-0003 大阪府大阪市福島区福島３−８−１８,34.6937406,135.4857611
大阪聖天前郵便局,https://map.japanpost.jp/p/search/dtl/300141445000/?&cond2=1&cond200=1&&his=sa2,553-0003 大阪府大阪市福島区福島８−１９−８,34.6980419,135.4832508
大阪中央市場内郵便局,https://map.japanpost.jp/p/search/dtl/300140296000/?&cond2=1&cond200=1&&his=sa2,553-0005 大阪府大阪市福島区野田１−１−８６,34.6828747,135.4761597
大阪福島駅前郵便局,https://map.japanpost.jp/p/search/dtl/300141550000/?&cond2=1&cond200=1&&his=sa2,553-0003 大阪府大阪市福島区福島１−７−１０,34.6954006,135.4874972
大阪福島新家郵便局,https://map.japanpost.jp/p/search/dtl/300141039000/?&cond2=1&cond200=1&&his=sa2,553-0006 大阪府大阪市福島区吉野５−１１−２５,34.6886914,135.4677961
大阪福島野田郵便局,https://map.japanpost.jp/p/search/dtl/300141065000/?&cond2=1&cond200=1&&his=sa2,553-0005 大阪府大阪市福島区野田２−１３−５（OUG野田ビル１階）,34.6854164,135.4764819
大阪福島郵便局,https://map.japanpost.jp/p/search/dtl/300141132000/?&cond2=1&cond200=1&&his=sa2,553-0006 大阪府大阪市福島区吉野１−２０−２７,34.6937125,135.4776872
大阪港郵便局,https://map.japanpost.jp/p/search/dtl/300141067000/?&cond2=1&cond200=1&&his=sa2,552-8799 大阪府大阪市港区市岡１−５−３３,34.6644431,135.4624419
大阪港郵便局,https://map.japanpost.jp/p/search/dtl/300141067000/?&cond2=1&cond200=1&&his=sa2,552-8799 大阪府大阪市港区市岡１−５−３３,34.6644431,135.4624419
大阪築港郵便局,https://map.japanpost.jp/p/search/dtl/300141382000/?&cond2=1&cond200=1&&his=sa2,552-0021 大阪府大阪市港区築港３−８−９,34.655315,135.4325931
大阪弁天町郵便局,https://map.japanpost.jp/p/search/dtl/300140289000/?&cond2=1&cond200=1&&his=sa2,552-0007 大阪府大阪市港区弁天１−２−４−１００,34.6698931,135.4606475
大阪夕凪橋郵便局,https://map.japanpost.jp/p/search/dtl/300141134000/?&cond2=1&cond200=1&&his=sa2,552-0004 大阪府大阪市港区夕凪１−２−１５,34.6629817,135.4549411
港入舟郵便局,https://map.japanpost.jp/p/search/dtl/300141602000/?&cond2=1&cond200=1&&his=sa2,552-0014 大阪府大阪市港区八幡屋２−１４−１５,34.6556378,135.4457306
港田中郵便局,https://map.japanpost.jp/p/search/dtl/300141499000/?&cond2=1&cond200=1&&his=sa2,552-0005 大阪府大阪市港区田中２−１−１２,34.6632456,135.4498847
港波除郵便局,https://map.japanpost.jp/p/search/dtl/300140063000/?&cond2=1&cond200=1&&his=sa2,552-0001 大阪府大阪市港区波除５−７−１５,34.6724281,135.4614083
港弁天郵便局,https://map.japanpost.jp/p/search/dtl/300141274000/?&cond2=1&cond200=1&&his=sa2,552-0007 大阪府大阪市港区弁天２−５−２７,34.66909,135.4574319
港八幡屋郵便局,https://map.japanpost.jp/p/search/dtl/300141430000/?&cond2=1&cond200=1&&his=sa2,552-0014 大阪府大阪市港区八幡屋１−９−２５,34.6582183,135.4463
都島郵便局,https://map.japanpost.jp/p/search/dtl/300141030000/?&cond2=1&cond200=1&&his=sa2,534-8799 大阪府大阪市都島区高倉町１−６−３,34.7130228,135.5293672
都島郵便局,https://map.japanpost.jp/p/search/dtl/300141030000/?&cond2=1&cond200=1&&his=sa2,534-8799 大阪府大阪市都島区高倉町１−６−３,34.7130228,135.5293672
京橋Ｋ２ビル内郵便局,https://map.japanpost.jp/p/search/dtl/300140280000/?&cond2=1&cond200=1&&his=sa2,534-0024 大阪府大阪市都島区東野田町２−９−７,34.6981903,135.5316914
桜宮リバーシティ郵便局,https://map.japanpost.jp/p/search/dtl/300140298000/?&cond2=1&cond200=1&&his=sa2,534-0027 大阪府大阪市都島区中野町５−１３−４,34.7078783,135.5197794
都島内代郵便局,https://map.japanpost.jp/p/search/dtl/300141152000/?&cond2=1&cond200=1&&his=sa2,534-0013 大阪府大阪市都島区内代町１−８−３３,34.7096172,135.5385819
都島北通郵便局,https://map.japanpost.jp/p/search/dtl/300141512000/?&cond2=1&cond200=1&&his=sa2,534-0014 大阪府大阪市都島区都島北通２−６−２,34.7094672,135.5308328
都島毛馬郵便局,https://map.japanpost.jp/p/search/dtl/300141149000/?&cond2=1&cond200=1&&his=sa2,534-0001 大阪府大阪市都島区毛馬町２−１−１５,34.7204072,135.5242489
都島高倉郵便局,https://map.japanpost.jp/p/search/dtl/300141496000/?&cond2=1&cond200=1&&his=sa2,534-0011 大阪府大阪市都島区高倉町３−２−２３,34.7177164,135.5328464
都島大東郵便局,https://map.japanpost.jp/p/search/dtl/300141173000/?&cond2=1&cond200=1&&his=sa2,534-0002 大阪府大阪市都島区大東町１−８−２２,34.72311,135.5301767
都島中通三郵便局,https://map.japanpost.jp/p/search/dtl/300141441000/?&cond2=1&cond200=1&&his=sa2,534-0022 大阪府大阪市都島区都島中通３−１８−３,34.7053839,135.5343161
都島中野郵便局,https://map.japanpost.jp/p/search/dtl/300141695000/?&cond2=1&cond200=1&&his=sa2,534-0027 大阪府大阪市都島区中野町４−１５−３,34.7039336,135.520395
都島東野田郵便局,https://map.japanpost.jp/p/search/dtl/300141383000/?&cond2=1&cond200=1&&his=sa2,534-0024 大阪府大阪市都島区東野田町４−１−１４,34.6976097,135.5268831
都島本通二郵便局,https://map.japanpost.jp/p/search/dtl/300141434000/?&cond2=1&cond200=1&&his=sa2,534-0021 大阪府大阪市都島区都島本通２−５−３,34.7067978,135.5255494
都島南通郵便局,https://map.japanpost.jp/p/search/dtl/300141517000/?&cond2=1&cond200=1&&his=sa2,534-0023 大阪府大阪市都島区都島南通２−１−５７,34.7003764,135.5321164
淀川郵便局,https://map.japanpost.jp/p/search/dtl/300141145000/?&cond2=1&cond200=1&&his=sa2,532-8799 大阪府大阪市淀川区十三元今里２−２−３６,34.7201814,135.4779397
淀川郵便局,https://map.japanpost.jp/p/search/dtl/300141145000/?&cond2=1&cond200=1&&his=sa2,532-8799 大阪府大阪市淀川区十三元今里２−２−３６,34.7201814,135.4779397
大阪三国町郵便局,https://map.japanpost.jp/p/search/dtl/300141102000/?&cond2=1&cond200=1&&his=sa2,532-0006 大阪府大阪市淀川区西三国４−７−９,34.7393008,135.4841058
新大阪駅北郵便局,https://map.japanpost.jp/p/search/dtl/300140259000/?&cond2=1&cond200=1&&his=sa2,532-0003 大阪府大阪市淀川区宮原４−６−３５,34.7366611,135.494315
新大阪西宮原郵便局,https://map.japanpost.jp/p/search/dtl/300140020000/?&cond2=1&cond200=1&&his=sa2,532-0004 大阪府大阪市淀川区西宮原１−８−２９,34.7333386,135.4928069
西中島南方駅前郵便局,https://map.japanpost.jp/p/search/dtl/300140281000/?&cond2=1&cond200=1&&his=sa2,532-0011 大阪府大阪市淀川区西中島４−３−２４,34.7275142,135.4980453
淀川加島一郵便局,https://map.japanpost.jp/p/search/dtl/300140146000/?&cond2=1&cond200=1&&his=sa2,532-0031 大阪府大阪市淀川区加島１−５７−１,34.72871,135.4618375
淀川加島郵便局,https://map.japanpost.jp/p/search/dtl/300141186000/?&cond2=1&cond200=1&&his=sa2,532-0031 大阪府大阪市淀川区加島３−８−２０,34.7300653,135.4552219
淀川木川西郵便局,https://map.japanpost.jp/p/search/dtl/300141454000/?&cond2=1&cond200=1&&his=sa2,532-0013 大阪府大阪市淀川区木川西２−１３−１８,34.7240892,135.4884883
淀川木川東郵便局,https://map.japanpost.jp/p/search/dtl/300140130000/?&cond2=1&cond200=1&&his=sa2,532-0012 大阪府大阪市淀川区木川東４−３−３４,34.7282131,135.4937769
淀川新北野郵便局,https://map.japanpost.jp/p/search/dtl/300140002000/?&cond2=1&cond200=1&&his=sa2,532-0025 大阪府大阪市淀川区新北野３−４−２,34.7140453,135.4758453
淀川十三東郵便局,https://map.japanpost.jp/p/search/dtl/300141403000/?&cond2=1&cond200=1&&his=sa2,532-0023 大阪府大阪市淀川区十三東２−１２−３６,34.7210525,135.4827853
淀川十三本町郵便局,https://map.japanpost.jp/p/search/dtl/300141402000/?&cond2=1&cond200=1&&his=sa2,532-0024 大阪府大阪市淀川区十三本町３−６−４０,34.7240028,135.4818811
淀川田川郵便局,https://map.japanpost.jp/p/search/dtl/300141540000/?&cond2=1&cond200=1&&his=sa2,532-0027 大阪府大阪市淀川区田川３−４−３１,34.7205608,135.4679211
淀川新高郵便局,https://map.japanpost.jp/p/search/dtl/300141633000/?&cond2=1&cond200=1&&his=sa2,532-0033 大阪府大阪市淀川区新高５−１２−２,34.7338989,135.4779142
淀川西中島郵便局,https://map.japanpost.jp/p/search/dtl/300141256000/?&cond2=1&cond200=1&&his=sa2,532-0011 大阪府大阪市淀川区西中島３−１２−１５（第５新大阪ビル１階）,34.7268031,135.5005425
淀川西三国二郵便局,https://map.japanpost.jp/p/search/dtl/300141304000/?&cond2=1&cond200=1&&his=sa2,532-0006 大阪府大阪市淀川区西三国２−６−７,34.73899,135.4881631
淀川野中郵便局,https://map.japanpost.jp/p/search/dtl/300141338000/?&cond2=1&cond200=1&&his=sa2,532-0034 大阪府大阪市淀川区野中北１−４−２０,34.7310517,135.4833531
淀川東三国二郵便局,https://map.japanpost.jp/p/search/dtl/300140220000/?&cond2=1&cond200=1&&his=sa2,532-0002 大阪府大阪市淀川区東三国２−１８−１,34.7419458,135.5004425
淀川東三国郵便局,https://map.japanpost.jp/p/search/dtl/300141504000/?&cond2=1&cond200=1&&his=sa2,532-0002 大阪府大阪市淀川区東三国６−１９−３２,34.7450833,135.4937686
淀川三国本町郵便局,https://map.japanpost.jp/p/search/dtl/300141358000/?&cond2=1&cond200=1&&his=sa2,532-0005 大阪府大阪市淀川区三国本町３−１９−５,34.7362936,135.4856908
淀川宮原郵便局,https://map.japanpost.jp/p/search/dtl/300141357000/?&cond2=1&cond200=1&&his=sa2,532-0003 大阪府大阪市淀川区宮原５−３−３７,34.7396067,135.4964825
