0,1,2,Latitude,Longitude
安堵郵便局,https://map.japanpost.jp/p/search/dtl/300145040000/?&cond2=1&cond200=1&&his=sa2,639-1061 奈良県生駒郡安堵町東安堵９６４−２,34.6058353,135.7573589
安堵郵便局,https://map.japanpost.jp/p/search/dtl/300145040000/?&cond2=1&cond200=1&&his=sa2,639-1061 奈良県生駒郡安堵町東安堵９６４−２,34.6058353,135.7573589
イオンいかるが内簡易郵便局,https://map.japanpost.jp/p/search/dtl/300145781000/?&cond2=1&cond200=1&&his=sa2,636-0154 奈良県生駒郡斑鳩町龍田西８−１−１５,34.6043797,135.7135225
イオンいかるが内簡易郵便局,https://map.japanpost.jp/p/search/dtl/300145781000/?&cond2=1&cond200=1&&his=sa2,636-0154 奈良県生駒郡斑鳩町龍田西８−１−１５,34.6043797,135.7135225
斑鳩興留郵便局,https://map.japanpost.jp/p/search/dtl/300145215000/?&cond2=1&cond200=1&&his=sa2,636-0123 奈良県生駒郡斑鳩町興留６−１−１０,34.6023331,135.7346264
竜田郵便局,https://map.japanpost.jp/p/search/dtl/300145067000/?&cond2=1&cond200=1&&his=sa2,636-0153 奈良県生駒郡斑鳩町龍田南３−３−３８,34.6062594,135.7252547
法隆寺郵便局,https://map.japanpost.jp/p/search/dtl/300145031000/?&cond2=1&cond200=1&&his=sa2,636-0116 奈良県生駒郡斑鳩町法隆寺２−１２−５２,34.6109514,135.7376928
三郷勢野東簡易郵便局,https://map.japanpost.jp/p/search/dtl/300145773000/?&cond2=1&cond200=1&&his=sa2,636-0811 奈良県生駒郡三郷町勢野東３−１０−５,34.6067303,135.7002397
三郷勢野東簡易郵便局,https://map.japanpost.jp/p/search/dtl/300145773000/?&cond2=1&cond200=1&&his=sa2,636-0811 奈良県生駒郡三郷町勢野東３−１０−５,34.6067303,135.7002397
三郷立野郵便局,https://map.japanpost.jp/p/search/dtl/300145230000/?&cond2=1&cond200=1&&his=sa2,636-0822 奈良県生駒郡三郷町立野南２−１１−７,34.5898611,135.6853114
勢野簡易郵便局,https://map.japanpost.jp/p/search/dtl/300145765000/?&cond2=1&cond200=1&&his=sa2,636-0812 奈良県生駒郡三郷町勢野西１−３−２３,34.6020297,135.69595
立野簡易郵便局,https://map.japanpost.jp/p/search/dtl/300145712000/?&cond2=1&cond200=1&&his=sa2,636-0821 奈良県生駒郡三郷町立野北１−３２−２２,34.593795,135.6928258
平群西宮郵便局,https://map.japanpost.jp/p/search/dtl/300145229000/?&cond2=1&cond200=1&&his=sa2,636-0914 奈良県生駒郡平群町西宮３−８−１０,34.61735,135.7037903
平群西宮郵便局,https://map.japanpost.jp/p/search/dtl/300145229000/?&cond2=1&cond200=1&&his=sa2,636-0914 奈良県生駒郡平群町西宮３−８−１０,34.61735,135.7037903
平群緑ケ丘郵便局,https://map.japanpost.jp/p/search/dtl/300145225000/?&cond2=1&cond200=1&&his=sa2,636-0941 奈良県生駒郡平群町緑ケ丘１−１−１９,34.6428669,135.6981594
平群郵便局,https://map.japanpost.jp/p/search/dtl/300145105000/?&cond2=1&cond200=1&&his=sa2,636-0932 奈良県生駒郡平群町吉新２−４−５,34.63131,135.7016406
生駒郵便局,https://map.japanpost.jp/p/search/dtl/300145055000/?&cond2=1&cond200=1&&his=sa2,630-0299 奈良県生駒市谷田町１２３４−１,34.6971067,135.7004308
生駒郵便局,https://map.japanpost.jp/p/search/dtl/300145055000/?&cond2=1&cond200=1&&his=sa2,630-0299 奈良県生駒市谷田町１２３４−１,34.6971067,135.7004308
生駒あすか野郵便局,https://map.japanpost.jp/p/search/dtl/300145222000/?&cond2=1&cond200=1&&his=sa2,630-0133 奈良県生駒市あすか野南２−１−１３,34.7117522,135.7183683
生駒北大和郵便局,https://map.japanpost.jp/p/search/dtl/300145251000/?&cond2=1&cond200=1&&his=sa2,630-0121 奈良県生駒市北大和２−２−２０,34.7236403,135.7298561
生駒鹿ノ台郵便局,https://map.japanpost.jp/p/search/dtl/300145227000/?&cond2=1&cond200=1&&his=sa2,630-0113 奈良県生駒市鹿ノ台南２−３−１,34.7345419,135.7502622
生駒台郵便局,https://map.japanpost.jp/p/search/dtl/300145171000/?&cond2=1&cond200=1&&his=sa2,630-0243 奈良県生駒市俵口町１１１３−７,34.7028594,135.6985031
生駒中菜畑郵便局,https://map.japanpost.jp/p/search/dtl/300145240000/?&cond2=1&cond200=1&&his=sa2,630-0263 奈良県生駒市中菜畑２−１１５０−１,34.6822306,135.7052842
生駒萩の台郵便局,https://map.japanpost.jp/p/search/dtl/300145243000/?&cond2=1&cond200=1&&his=sa2,630-0224 奈良県生駒市萩の台１−３−２（オーセント萩の台２１３）,34.6567631,135.7094733
生駒本町郵便局,https://map.japanpost.jp/p/search/dtl/300145200000/?&cond2=1&cond200=1&&his=sa2,630-0256 奈良県生駒市本町９−１６,34.6916686,135.6966572
高山郵便局,https://map.japanpost.jp/p/search/dtl/300145060000/?&cond2=1&cond200=1&&his=sa2,630-0131 奈良県生駒市上町３４１０−２,34.7263181,135.7203322
東生駒郵便局,https://map.japanpost.jp/p/search/dtl/300145208000/?&cond2=1&cond200=1&&his=sa2,630-0213 奈良県生駒市東生駒１−１０,34.6908408,135.7130856
南生駒郵便局,https://map.japanpost.jp/p/search/dtl/300145109000/?&cond2=1&cond200=1&&his=sa2,630-0223 奈良県生駒市小瀬町５５２−４,34.6647178,135.7099086
曽爾長野簡易郵便局,https://map.japanpost.jp/p/search/dtl/300145741000/?&cond2=1&cond200=1&&his=sa2,633-1214 奈良県宇陀郡曽爾村長野３１−１,34.5038167,136.1160483
曽爾長野簡易郵便局,https://map.japanpost.jp/p/search/dtl/300145741000/?&cond2=1&cond200=1&&his=sa2,633-1214 奈良県宇陀郡曽爾村長野３１−１,34.5038167,136.1160483
曽爾郵便局,https://map.japanpost.jp/p/search/dtl/300145098000/?&cond2=1&cond200=1&&his=sa2,633-1299 奈良県宇陀郡曽爾村葛８２９−２,34.5241122,136.1362069
山粕郵便局,https://map.japanpost.jp/p/search/dtl/300145046000/?&cond2=1&cond200=1&&his=sa2,633-1216 奈良県宇陀郡曽爾村山粕１２９９−１,34.4881294,136.0971025
神末簡易郵便局,https://map.japanpost.jp/p/search/dtl/300145731000/?&cond2=1&cond200=1&&his=sa2,633-1301 奈良県宇陀郡御杖村神末２４１１,34.4925597,136.196435
神末簡易郵便局,https://map.japanpost.jp/p/search/dtl/300145731000/?&cond2=1&cond200=1&&his=sa2,633-1301 奈良県宇陀郡御杖村神末２４１１,34.4925597,136.196435
御杖郵便局,https://map.japanpost.jp/p/search/dtl/300145048000/?&cond2=1&cond200=1&&his=sa2,633-1399 奈良県宇陀郡御杖村菅野２４６２,34.4932842,136.1732753
大和榛原郵便局,https://map.japanpost.jp/p/search/dtl/300145081000/?&cond2=1&cond200=1&&his=sa2,633-0299 奈良県宇陀市榛原下井足９０−１,34.5271464,135.9526975
大和榛原郵便局,https://map.japanpost.jp/p/search/dtl/300145081000/?&cond2=1&cond200=1&&his=sa2,633-0299 奈良県宇陀市榛原下井足９０−１,34.5271464,135.9526975
宇陀松山簡易郵便局,https://map.japanpost.jp/p/search/dtl/300145725000/?&cond2=1&cond200=1&&his=sa2,633-2174 奈良県宇陀市大宇陀上２０１０,34.4808406,135.9323422
内牧簡易郵便局,https://map.japanpost.jp/p/search/dtl/300145810000/?&cond2=1&cond200=1&&his=sa2,633-0215 奈良県宇陀市榛原内牧１８７８−２,34.4911156,136.0089978
大宇陀郵便局,https://map.japanpost.jp/p/search/dtl/300145075000/?&cond2=1&cond200=1&&his=sa2,633-2199 奈良県宇陀市大宇陀拾生８７５−３,34.4756458,135.9330386
笠間簡易郵便局,https://map.japanpost.jp/p/search/dtl/300145702000/?&cond2=1&cond200=1&&his=sa2,632-0202 奈良県宇陀市室生上笠間５６２−１,34.6102628,136.0330197
栗野簡易郵便局,https://map.japanpost.jp/p/search/dtl/300145727000/?&cond2=1&cond200=1&&his=sa2,633-2144 奈良県宇陀市大宇陀栗野３３３−１,34.4433528,135.9378444
小附簡易郵便局,https://map.japanpost.jp/p/search/dtl/300145726000/?&cond2=1&cond200=1&&his=sa2,633-2112 奈良県宇陀市大宇陀小附１７２４,34.4964678,135.9236353
才ヶ辻簡易郵便局,https://map.japanpost.jp/p/search/dtl/300145747000/?&cond2=1&cond200=1&&his=sa2,633-2124 奈良県宇陀市大宇陀才ケ辻６７３,34.4775408,135.9534061
三本松郵便局,https://map.japanpost.jp/p/search/dtl/300145062000/?&cond2=1&cond200=1&&his=sa2,633-0399 奈良県宇陀市室生三本松１９０８−１,34.5707606,136.0273772
下芳野簡易郵便局,https://map.japanpost.jp/p/search/dtl/300145742000/?&cond2=1&cond200=1&&his=sa2,633-2212 奈良県宇陀市菟田野下芳野５８７,34.4671764,135.9950017
染田郵便局,https://map.japanpost.jp/p/search/dtl/300145068000/?&cond2=1&cond200=1&&his=sa2,632-0299 奈良県宇陀市室生染田１４−１,34.6000489,135.9859736
長瀬簡易郵便局,https://map.japanpost.jp/p/search/dtl/300145713000/?&cond2=1&cond200=1&&his=sa2,633-0317 奈良県宇陀市室生三本松４１８１,34.5795681,136.0423564
榛原新町郵便局,https://map.japanpost.jp/p/search/dtl/300145231000/?&cond2=1&cond200=1&&his=sa2,633-0253 奈良県宇陀市榛原萩原２４４８−２,34.5299983,135.9577172
榛原高井郵便局,https://map.japanpost.jp/p/search/dtl/300145045000/?&cond2=1&cond200=1&&his=sa2,633-0212 奈良県宇陀市榛原高井４６１−３,34.5140761,135.9905342
榛原天満台西郵便局,https://map.japanpost.jp/p/search/dtl/300145228000/?&cond2=1&cond200=1&&his=sa2,633-0206 奈良県宇陀市榛原天満台西２−１−２,34.5437531,135.9687794
榛原比布簡易郵便局,https://map.japanpost.jp/p/search/dtl/300145800000/?&cond2=1&cond200=1&&his=sa2,633-0235 奈良県宇陀市榛原比布１１７２−５,34.4961325,135.9501697
東平尾簡易郵便局,https://map.japanpost.jp/p/search/dtl/300145738000/?&cond2=1&cond200=1&&his=sa2,633-2135 奈良県宇陀市大宇陀東平尾４７−１,34.4462106,135.9663397
桧牧簡易郵便局,https://map.japanpost.jp/p/search/dtl/300145733000/?&cond2=1&cond200=1&&his=sa2,633-0218 奈良県宇陀市榛原檜牧２２０,34.524075,135.9739594
室生郵便局,https://map.japanpost.jp/p/search/dtl/300145120000/?&cond2=1&cond200=1&&his=sa2,633-0499 奈良県宇陀市室生１３２３−１,34.5362444,136.0440072
