0,1,2,Latitude,Longitude
宇田郵便局,https://map.japanpost.jp/p/search/dtl/300155078000/?&cond2=1&cond200=1&&his=sa2,759-3501 山口県阿武郡阿武町宇田１３２０−２,34.5666294,131.5414192
宇田郵便局,https://map.japanpost.jp/p/search/dtl/300155078000/?&cond2=1&cond200=1&&his=sa2,759-3501 山口県阿武郡阿武町宇田１３２０−２,34.5666294,131.5414192
奈古郵便局,https://map.japanpost.jp/p/search/dtl/300155063000/?&cond2=1&cond200=1&&his=sa2,759-3699 山口県阿武郡阿武町奈古２９５５−１２,34.5044425,131.4711803
福賀郵便局,https://map.japanpost.jp/p/search/dtl/300155065000/?&cond2=1&cond200=1&&his=sa2,758-0699 山口県阿武郡阿武町福田下１３７４−３,34.5165969,131.5985822
岩国郵便局,https://map.japanpost.jp/p/search/dtl/300155072000/?&cond2=1&cond200=1&&his=sa2,740-8799 山口県岩国市麻里布町２−６−８,34.1698842,132.2230556
岩国郵便局,https://map.japanpost.jp/p/search/dtl/300155072000/?&cond2=1&cond200=1&&his=sa2,740-8799 山口県岩国市麻里布町２−６−８,34.1698842,132.2230556
秋中郵便局,https://map.japanpost.jp/p/search/dtl/300155246000/?&cond2=1&cond200=1&&his=sa2,740-1201 山口県岩国市美和町秋掛８９ー６,34.3207703,132.0892411
岩国愛宕郵便局,https://map.japanpost.jp/p/search/dtl/300155276000/?&cond2=1&cond200=1&&his=sa2,740-0031 山口県岩国市門前町１−１７−１２,34.1492497,132.2130397
岩国今津郵便局,https://map.japanpost.jp/p/search/dtl/300155303000/?&cond2=1&cond200=1&&his=sa2,740-0017 山口県岩国市今津町５−４−１０,34.16187,132.2158508
岩国尾津簡易郵便局,https://map.japanpost.jp/p/search/dtl/300155753000/?&cond2=1&cond200=1&&his=sa2,740-0032 山口県岩国市尾津町２−２３−１８,34.1374172,132.2071883
岩国川下郵便局,https://map.japanpost.jp/p/search/dtl/300155321000/?&cond2=1&cond200=1&&his=sa2,740-0027 山口県岩国市中津町２−１４−４,34.1557486,132.2175369
岩国川西郵便局,https://map.japanpost.jp/p/search/dtl/300155141000/?&cond2=1&cond200=1&&his=sa2,741-0082 山口県岩国市川西１−１３−２０,34.1607456,132.1770097
岩国新港郵便局,https://map.japanpost.jp/p/search/dtl/300155105000/?&cond2=1&cond200=1&&his=sa2,740-0002 山口県岩国市新港町４−１７−５,34.1907033,132.2295225
岩国錦見郵便局,https://map.japanpost.jp/p/search/dtl/300155332000/?&cond2=1&cond200=1&&his=sa2,741-0061 山口県岩国市錦見６−１０−１３,34.1638889,132.1945833
岩国西郵便局,https://map.japanpost.jp/p/search/dtl/300155004000/?&cond2=1&cond200=1&&his=sa2,741-0062 山口県岩国市岩国２−１７−１７,34.1644108,132.1837122
岩国平田六郵便局,https://map.japanpost.jp/p/search/dtl/300155364000/?&cond2=1&cond200=1&&his=sa2,741-0072 山口県岩国市平田６−２４−７,34.1399586,132.1893444
岩国藤生郵便局,https://map.japanpost.jp/p/search/dtl/300155136000/?&cond2=1&cond200=1&&his=sa2,740-0036 山口県岩国市藤生町１−１９−２０,34.1130311,132.1992003
岩国室木郵便局,https://map.japanpost.jp/p/search/dtl/300155343000/?&cond2=1&cond200=1&&his=sa2,740-0018 山口県岩国市麻里布町７−１５−１０,34.1717022,132.2153314
岩国元町郵便局,https://map.japanpost.jp/p/search/dtl/300155254000/?&cond2=1&cond200=1&&his=sa2,740-0012 山口県岩国市元町３−８−８,34.1701803,132.2299639
小瀬簡易郵便局,https://map.japanpost.jp/p/search/dtl/300155703000/?&cond2=1&cond200=1&&his=sa2,741-0091 山口県岩国市小瀬２８５−２,34.2084319,132.1924519
賀見畑簡易郵便局,https://map.japanpost.jp/p/search/dtl/300155722000/?&cond2=1&cond200=1&&his=sa2,740-1242 山口県岩国市美和町下畑５０４−７,34.2568553,132.0653361
川越郵便局,https://map.japanpost.jp/p/search/dtl/300155168000/?&cond2=1&cond200=1&&his=sa2,742-0422 山口県岩国市周東町獺越２１２４−１,34.1263292,132.0043706
河山郵便局,https://map.japanpost.jp/p/search/dtl/300155185000/?&cond2=1&cond200=1&&his=sa2,740-0502 山口県岩国市美川町四馬神１０５８−４,34.2421203,131.9857392
北河内郵便局,https://map.japanpost.jp/p/search/dtl/300155162000/?&cond2=1&cond200=1&&his=sa2,740-0399 山口県岩国市下４５７−１,34.1627739,132.0932283
玖珂郵便局,https://map.japanpost.jp/p/search/dtl/300155028000/?&cond2=1&cond200=1&&his=sa2,742-0399 山口県岩国市玖珂町７９６−１０,34.0968061,132.0828856
坂上郵便局,https://map.japanpost.jp/p/search/dtl/300155101000/?&cond2=1&cond200=1&&his=sa2,740-1225 山口県岩国市美和町渋前４７８−２,34.2266678,132.1032142
三瀬川簡易郵便局,https://map.japanpost.jp/p/search/dtl/300155715000/?&cond2=1&cond200=1&&his=sa2,742-0421 山口県岩国市周東町三瀬川９５７−１,34.1511983,131.9741822
師木野郵便局,https://map.japanpost.jp/p/search/dtl/300155268000/?&cond2=1&cond200=1&&his=sa2,741-0073 山口県岩国市柱野８１２−４,34.1356983,132.1491775
周東田尻郵便局,https://map.japanpost.jp/p/search/dtl/300155277000/?&cond2=1&cond200=1&&his=sa2,742-0414 山口県岩国市周東町田尻６７４−５,34.0239761,132.0601639
祖生郵便局,https://map.japanpost.jp/p/search/dtl/300155195000/?&cond2=1&cond200=1&&his=sa2,742-0301 山口県岩国市周東町祖生４５４４−１０,34.0715514,132.115485
高根郵便局,https://map.japanpost.jp/p/search/dtl/300155104000/?&cond2=1&cond200=1&&his=sa2,740-0902 山口県岩国市錦町宇佐郷１０５９−１,34.3756614,132.0222844
高森郵便局,https://map.japanpost.jp/p/search/dtl/300155086000/?&cond2=1&cond200=1&&his=sa2,742-0499 山口県岩国市周東町下久原１２８２−４,34.08899,132.0483664
通津郵便局,https://map.japanpost.jp/p/search/dtl/300155125000/?&cond2=1&cond200=1&&his=sa2,740-0044 山口県岩国市通津２３６７−１,34.0714864,132.2078456
南桑郵便局,https://map.japanpost.jp/p/search/dtl/300155048000/?&cond2=1&cond200=1&&his=sa2,740-0504 山口県岩国市美川町南桑２２５８−１,34.2097628,132.0247097
錦宇佐簡易郵便局,https://map.japanpost.jp/p/search/dtl/300155765000/?&cond2=1&cond200=1&&his=sa2,740-0901 山口県岩国市錦町宇佐１４７６−５,34.4245233,132.0583281
宇部郵便局,https://map.japanpost.jp/p/search/dtl/300155076000/?&cond2=1&cond200=1&&his=sa2,755-8799 山口県宇部市常盤町２−１−２３,33.9499825,131.2496417
宇部郵便局,https://map.japanpost.jp/p/search/dtl/300155076000/?&cond2=1&cond200=1&&his=sa2,755-8799 山口県宇部市常盤町２−１−２３,33.9499825,131.2496417
宇部居能郵便局,https://map.japanpost.jp/p/search/dtl/300155112000/?&cond2=1&cond200=1&&his=sa2,755-0055 山口県宇部市居能町３−１３−４３,33.9684289,131.2276503
宇部駅前郵便局,https://map.japanpost.jp/p/search/dtl/300155193000/?&cond2=1&cond200=1&&his=sa2,759-0208 山口県宇部市西宇部南２−１２−３５,33.9981617,131.22062
宇部小羽山郵便局,https://map.japanpost.jp/p/search/dtl/300155368000/?&cond2=1&cond200=1&&his=sa2,755-0081 山口県宇部市北小羽山町４−１−１６,33.9785139,131.2600147
宇部琴芝郵便局,https://map.japanpost.jp/p/search/dtl/300155330000/?&cond2=1&cond200=1&&his=sa2,755-0033 山口県宇部市琴芝町1-2-7,33.9552942,131.2516958
宇部新川駅前郵便局,https://map.japanpost.jp/p/search/dtl/300155338000/?&cond2=1&cond200=1&&his=sa2,755-0042 山口県宇部市松島町１５−１６,33.9575831,131.2434247
宇部助田郵便局,https://map.japanpost.jp/p/search/dtl/300155291000/?&cond2=1&cond200=1&&his=sa2,755-0053 山口県宇部市西中町１−２６,33.9614911,131.2344478
宇部常盤台郵便局,https://map.japanpost.jp/p/search/dtl/300155281000/?&cond2=1&cond200=1&&his=sa2,755-0097 山口県宇部市常盤台２−１３−７,33.9532028,131.2755278
宇部中野郵便局,https://map.japanpost.jp/p/search/dtl/300155382000/?&cond2=1&cond200=1&&his=sa2,759-0212 山口県宇部市厚南中央６-４-１１-１,33.9918814,131.2093961
宇部中村郵便局,https://map.japanpost.jp/p/search/dtl/300155133000/?&cond2=1&cond200=1&&his=sa2,755-0072 山口県宇部市中村３−６−２６,33.9611892,131.2615094
宇部錦郵便局,https://map.japanpost.jp/p/search/dtl/300155233000/?&cond2=1&cond200=1&&his=sa2,755-0018 山口県宇部市錦町７−１５,33.9455036,131.2521328
宇部則貞郵便局,https://map.japanpost.jp/p/search/dtl/300155336000/?&cond2=1&cond200=1&&his=sa2,755-0003 山口県宇部市則貞１−７−５,33.9423769,131.2733644
宇部東割郵便局,https://map.japanpost.jp/p/search/dtl/300155252000/?&cond2=1&cond200=1&&his=sa2,759-0204 山口県宇部市妻崎開作３９−８,33.9816797,131.2167619
宇部平原郵便局,https://map.japanpost.jp/p/search/dtl/300155361000/?&cond2=1&cond200=1&&his=sa2,755-0807 山口県宇部市東平原２−９−２４,33.9750475,131.2300139
宇部岬郵便局,https://map.japanpost.jp/p/search/dtl/300155184000/?&cond2=1&cond200=1&&his=sa2,755-0026 山口県宇部市松山町５−５−６,33.9339775,131.261335
宇部明治郵便局,https://map.japanpost.jp/p/search/dtl/300155270000/?&cond2=1&cond200=1&&his=sa2,755-0013 山口県宇部市明治町２−３−１２,33.9410739,131.2535883
宇部山門郵便局,https://map.japanpost.jp/p/search/dtl/300155375000/?&cond2=1&cond200=1&&his=sa2,755-0077 山口県宇部市山門３−３−２８,33.9643853,131.2745056
宇部吉田郵便局,https://map.japanpost.jp/p/search/dtl/300155389000/?&cond2=1&cond200=1&&his=sa2,755-0151 山口県宇部市大字西岐波764番地10,33.9683014,131.3302072
小野郵便局,https://map.japanpost.jp/p/search/dtl/300155180000/?&cond2=1&cond200=1&&his=sa2,754-1399 山口県宇部市小野３９１０−８,34.1124661,131.3223369
厚東郵便局,https://map.japanpost.jp/p/search/dtl/300155175000/?&cond2=1&cond200=1&&his=sa2,759-0122 山口県宇部市吉見１１７０−１,34.0405333,131.2647683
妻崎郵便局,https://map.japanpost.jp/p/search/dtl/300155167000/?&cond2=1&cond200=1&&his=sa2,759-0206 山口県宇部市東須恵２９７７−５,33.9699306,131.2028772
床波郵便局,https://map.japanpost.jp/p/search/dtl/300155060000/?&cond2=1&cond200=1&&his=sa2,755-0153 山口県宇部市床波２−５−３０,33.9538697,131.3073072
萩原簡易郵便局,https://map.japanpost.jp/p/search/dtl/300155749000/?&cond2=1&cond200=1&&his=sa2,755-0151 山口県宇部市西岐波３９１６,33.9579003,131.302885
東吉部郵便局,https://map.japanpost.jp/p/search/dtl/300155090000/?&cond2=1&cond200=1&&his=sa2,757-0401 山口県宇部市東吉部３３２２−２,34.1251408,131.283635
東岐波郵便局,https://map.japanpost.jp/p/search/dtl/300155142000/?&cond2=1&cond200=1&&his=sa2,755-0241 山口県宇部市東岐波２１５３−３,33.9877289,131.3441814
二俣瀬郵便局,https://map.japanpost.jp/p/search/dtl/300155037000/?&cond2=1&cond200=1&&his=sa2,759-0136 山口県宇部市木田白土５６８−３,34.0557319,131.2869469
船木郵便局,https://map.japanpost.jp/p/search/dtl/300155017000/?&cond2=1&cond200=1&&his=sa2,757-0216 山口県宇部市船木２３０−２,34.0445797,131.2233656
万倉郵便局,https://map.japanpost.jp/p/search/dtl/300155226000/?&cond2=1&cond200=1&&his=sa2,757-0214 山口県宇部市西万倉１５４８−８,34.0719872,131.2440422
桃山簡易郵便局,https://map.japanpost.jp/p/search/dtl/300155744000/?&cond2=1&cond200=1&&his=sa2,755-0049 山口県宇部市西小串４−１−１０,33.9674628,131.2467039
秋郵便局,https://map.japanpost.jp/p/search/dtl/300155255000/?&cond2=1&cond200=1&&his=sa2,742-2807 山口県大島郡周防大島町秋江頭３１７−３,33.8780533,132.2520122
秋郵便局,https://map.japanpost.jp/p/search/dtl/300155255000/?&cond2=1&cond200=1&&his=sa2,742-2807 山口県大島郡周防大島町秋江頭３１７−３,33.8780533,132.2520122
浮島簡易郵便局,https://map.japanpost.jp/p/search/dtl/300155714000/?&cond2=1&cond200=1&&his=sa2,742-2801 山口県大島郡周防大島町浮島１００,33.9456858,132.3498606
大島屋代郵便局,https://map.japanpost.jp/p/search/dtl/300155056000/?&cond2=1&cond200=1&&his=sa2,742-2107 山口県大島郡周防大島町東屋代３２６８−８,33.9177292,132.2063836
大島郵便局,https://map.japanpost.jp/p/search/dtl/300155014000/?&cond2=1&cond200=1&&his=sa2,742-2199 山口県大島郡周防大島町小松１９３−２,33.9299831,132.1918042
沖浦郵便局,https://map.japanpost.jp/p/search/dtl/300155147000/?&cond2=1&cond200=1&&his=sa2,742-2714 山口県大島郡周防大島町戸田脇田１９１９−３,33.8850897,132.19508
沖家室郵便局,https://map.japanpost.jp/p/search/dtl/300155123000/?&cond2=1&cond200=1&&his=sa2,742-2922 山口県大島郡周防大島町沖家室島５３５−３,33.8545089,132.3636658
蒲野郵便局,https://map.japanpost.jp/p/search/dtl/300155110000/?&cond2=1&cond200=1&&his=sa2,742-2101 山口県大島郡周防大島町西三蒲１７３８−１,33.9493539,132.2083561
久賀郵便局,https://map.japanpost.jp/p/search/dtl/300155026000/?&cond2=1&cond200=1&&his=sa2,742-2301 山口県大島郡周防大島町久賀新開５０８４−３,33.9475386,132.2623831
小泊郵便局,https://map.japanpost.jp/p/search/dtl/300155203000/?&cond2=1&cond200=1&&his=sa2,742-2517 山口県大島郡周防大島町小泊２６８−１１,33.9154828,132.3889819
下田郵便局,https://map.japanpost.jp/p/search/dtl/300155197000/?&cond2=1&cond200=1&&his=sa2,742-2921 山口県大島郡周防大島町西方２７６,33.9006428,132.3352214
白木郵便局,https://map.japanpost.jp/p/search/dtl/300155144000/?&cond2=1&cond200=1&&his=sa2,742-2924 山口県大島郡周防大島町外入２０８１−１２,33.8862936,132.33287
橘郵便局,https://map.japanpost.jp/p/search/dtl/300155075000/?&cond2=1&cond200=1&&his=sa2,742-2899 山口県大島郡周防大島町西安下庄３９２０−６,33.8996372,132.2787581
日良居郵便局,https://map.japanpost.jp/p/search/dtl/300155124000/?&cond2=1&cond200=1&&his=sa2,742-2804 山口県大島郡周防大島町日前１９７６−３,33.9199136,132.3004825
平野郵便局,https://map.japanpost.jp/p/search/dtl/300155057000/?&cond2=1&cond200=1&&his=sa2,742-2599 山口県大島郡周防大島町平野１４８４−２,33.9092058,132.3576036
油田郵便局,https://map.japanpost.jp/p/search/dtl/300155109000/?&cond2=1&cond200=1&&his=sa2,742-2601 山口県大島郡周防大島町伊保田１３１１−３,33.9420711,132.4384306
和田郵便局,https://map.japanpost.jp/p/search/dtl/300155139000/?&cond2=1&cond200=1&&his=sa2,742-2516 山口県大島郡周防大島町和田１０７９−３,33.92986,132.4049667
