0,1,2,Latitude,Longitude
名森郵便局,https://map.japanpost.jp/p/search/dtl/300124188000/?&cond2=1&cond200=1&&his=sa2,503-0121 岐阜県安八郡安八町氷取８４−２,35.3332156,136.6638817
名森郵便局,https://map.japanpost.jp/p/search/dtl/300124188000/?&cond2=1&cond200=1&&his=sa2,503-0121 岐阜県安八郡安八町氷取８４−２,35.3332156,136.6638817
結郵便局,https://map.japanpost.jp/p/search/dtl/300124329000/?&cond2=1&cond200=1&&his=sa2,503-0112 岐阜県安八郡安八町東結１４３０−１,35.3600794,136.6663567
神戸郵便局,https://map.japanpost.jp/p/search/dtl/300124066000/?&cond2=1&cond200=1&&his=sa2,503-2305 岐阜県安八郡神戸町神戸大円坊１１２４,35.4168653,136.6073597
神戸郵便局,https://map.japanpost.jp/p/search/dtl/300124066000/?&cond2=1&cond200=1&&his=sa2,503-2305 岐阜県安八郡神戸町神戸大円坊１１２４,35.4168653,136.6073597
下宮郵便局,https://map.japanpost.jp/p/search/dtl/300124201000/?&cond2=1&cond200=1&&his=sa2,503-2314 岐阜県安八郡神戸町落合３４４−２,35.4040756,136.6294792
福束簡易郵便局,https://map.japanpost.jp/p/search/dtl/300124825000/?&cond2=1&cond200=1&&his=sa2,503-0234 岐阜県安八郡輪之内町里１０５６,35.3031169,136.6333814
福束簡易郵便局,https://map.japanpost.jp/p/search/dtl/300124825000/?&cond2=1&cond200=1&&his=sa2,503-0234 岐阜県安八郡輪之内町里１０５６,35.3031169,136.6333814
輪之内郵便局,https://map.japanpost.jp/p/search/dtl/300124080000/?&cond2=1&cond200=1&&his=sa2,503-0299 岐阜県安八郡輪之内町四郷２７０−１,35.2935128,136.6475394
池田八幡郵便局,https://map.japanpost.jp/p/search/dtl/300124356000/?&cond2=1&cond200=1&&his=sa2,503-2426 岐阜県揖斐郡池田町八幡中道１７１４−１３,35.4281189,136.5764933
池田八幡郵便局,https://map.japanpost.jp/p/search/dtl/300124356000/?&cond2=1&cond200=1&&his=sa2,503-2426 岐阜県揖斐郡池田町八幡中道１７１４−１３,35.4281189,136.5764933
池田郵便局,https://map.japanpost.jp/p/search/dtl/300124058000/?&cond2=1&cond200=1&&his=sa2,503-2499 岐阜県揖斐郡池田町本郷１３０７−１,35.4438478,136.5728647
揖斐八幡簡易郵便局,https://map.japanpost.jp/p/search/dtl/300124801000/?&cond2=1&cond200=1&&his=sa2,503-2428 岐阜県揖斐郡池田町片山３００,35.4151186,136.5772292
宮地簡易郵便局,https://map.japanpost.jp/p/search/dtl/300124802000/?&cond2=1&cond200=1&&his=sa2,503-2406 岐阜県揖斐郡池田町宮地大門南９３７−３,35.4554983,136.5546647
揖斐小島郵便局,https://map.japanpost.jp/p/search/dtl/300124159000/?&cond2=1&cond200=1&&his=sa2,501-0627 岐阜県揖斐郡揖斐川町市場２５−２,35.4757819,136.5369492
揖斐小島郵便局,https://map.japanpost.jp/p/search/dtl/300124159000/?&cond2=1&cond200=1&&his=sa2,501-0627 岐阜県揖斐郡揖斐川町市場２５−２,35.4757819,136.5369492
揖斐川郵便局,https://map.japanpost.jp/p/search/dtl/300124023000/?&cond2=1&cond200=1&&his=sa2,501-0699 岐阜県揖斐郡揖斐川町三輪出口南２２７９−１,35.4837394,136.5791525
揖斐北方郵便局,https://map.japanpost.jp/p/search/dtl/300124216000/?&cond2=1&cond200=1&&his=sa2,501-0601 岐阜県揖斐郡揖斐川町北方１４７６−８,35.5040753,136.5435372
春日郵便局,https://map.japanpost.jp/p/search/dtl/300124079000/?&cond2=1&cond200=1&&his=sa2,503-2599 岐阜県揖斐郡揖斐川町春日六合７９０−６,35.4702594,136.4973867
清水郵便局,https://map.japanpost.jp/p/search/dtl/300124229000/?&cond2=1&cond200=1&&his=sa2,501-0615 岐阜県揖斐郡揖斐川町清水６３−１,35.471875,136.5973331
久瀬小津簡易郵便局,https://map.japanpost.jp/p/search/dtl/300124878000/?&cond2=1&cond200=1&&his=sa2,501-0701 岐阜県揖斐郡揖斐川町小津３０６７,35.5807819,136.5222831
久瀬公正簡易郵便局,https://map.japanpost.jp/p/search/dtl/300124847000/?&cond2=1&cond200=1&&his=sa2,501-0703 岐阜県揖斐郡揖斐川町乙原２３６−１,35.5320672,136.5288536
久瀬郵便局,https://map.japanpost.jp/p/search/dtl/300124194000/?&cond2=1&cond200=1&&his=sa2,501-0706 岐阜県揖斐郡揖斐川町西津汲５２７−４,35.5541153,136.5051825
坂内郵便局,https://map.japanpost.jp/p/search/dtl/300124122000/?&cond2=1&cond200=1&&his=sa2,501-0999 岐阜県揖斐郡揖斐川町坂内広瀬５７１−１,35.6018622,136.4128222
谷汲郵便局,https://map.japanpost.jp/p/search/dtl/300124193000/?&cond2=1&cond200=1&&his=sa2,501-1399 岐阜県揖斐郡揖斐川町谷汲徳積２０１５−１,35.5266322,136.6107328
長瀬郵便局,https://map.japanpost.jp/p/search/dtl/300124157000/?&cond2=1&cond200=1&&his=sa2,501-1303 岐阜県揖斐郡揖斐川町谷汲長瀬１１７５,35.5224633,136.6380847
藤橋郵便局,https://map.japanpost.jp/p/search/dtl/300124078000/?&cond2=1&cond200=1&&his=sa2,501-0899 岐阜県揖斐郡揖斐川町東横山５１１−１,35.5840392,136.4587797
養基郵便局,https://map.japanpost.jp/p/search/dtl/300124200000/?&cond2=1&cond200=1&&his=sa2,501-0622 岐阜県揖斐郡揖斐川町脛永４２９−２,35.4704767,136.5714444
横蔵簡易郵便局,https://map.japanpost.jp/p/search/dtl/300124704000/?&cond2=1&cond200=1&&his=sa2,501-1316 岐阜県揖斐郡揖斐川町谷汲木曽屋１９０,35.5370236,136.5553708
稲富簡易郵便局,https://map.japanpost.jp/p/search/dtl/300124859000/?&cond2=1&cond200=1&&his=sa2,501-0501 岐阜県揖斐郡大野町稲富１４９７,35.4862456,136.6456753
稲富簡易郵便局,https://map.japanpost.jp/p/search/dtl/300124859000/?&cond2=1&cond200=1&&his=sa2,501-0501 岐阜県揖斐郡大野町稲富１４９７,35.4862456,136.6456753
大野郵便局,https://map.japanpost.jp/p/search/dtl/300124065000/?&cond2=1&cond200=1&&his=sa2,501-0599 岐阜県揖斐郡大野町黒野４０１−２,35.4629256,136.6347122
美濃川合郵便局,https://map.japanpost.jp/p/search/dtl/300124212000/?&cond2=1&cond200=1&&his=sa2,501-0554 岐阜県揖斐郡大野町五之里８６６−５,35.4472558,136.6217294
恵那郵便局,https://map.japanpost.jp/p/search/dtl/300124013000/?&cond2=1&cond200=1&&his=sa2,509-7299 岐阜県恵那市大井町１８５−１,35.4525556,137.4120342
恵那郵便局,https://map.japanpost.jp/p/search/dtl/300124013000/?&cond2=1&cond200=1&&his=sa2,509-7299 岐阜県恵那市大井町１８５−１,35.4525556,137.4120342
明智郵便局,https://map.japanpost.jp/p/search/dtl/300124027000/?&cond2=1&cond200=1&&his=sa2,509-7799 岐阜県恵那市明智町１８６９−１,35.3040594,137.3897775
飯地郵便局,https://map.japanpost.jp/p/search/dtl/300124244000/?&cond2=1&cond200=1&&his=sa2,509-8232 岐阜県恵那市飯地町１８６−５,35.4817886,137.2900317
岩村飯羽簡易郵便局,https://map.japanpost.jp/p/search/dtl/300124889000/?&cond2=1&cond200=1&&his=sa2,509-7401 岐阜県恵那市岩村町飯羽間川前２６０１−７,35.3846847,137.4320858
岩村郵便局,https://map.japanpost.jp/p/search/dtl/300124014000/?&cond2=1&cond200=1&&his=sa2,509-7499 岐阜県恵那市岩村町３２１−２,35.3653564,137.4416433
恵那長島郵便局,https://map.japanpost.jp/p/search/dtl/300124253000/?&cond2=1&cond200=1&&his=sa2,509-7205 岐阜県恵那市長島町中野４５８−４,35.45048,137.4025464
恵那雀子ケ根簡易郵便局,https://map.japanpost.jp/p/search/dtl/300124897000/?&cond2=1&cond200=1&&his=sa2,509-7201 岐阜県恵那市大井町２０８７−２２７,35.4549578,137.4303111
恵那東野郵便局,https://map.japanpost.jp/p/search/dtl/300124136000/?&cond2=1&cond200=1&&his=sa2,509-7202 岐阜県恵那市東野１５６０−７,35.4414483,137.4292914
笠置郵便局,https://map.japanpost.jp/p/search/dtl/300124156000/?&cond2=1&cond200=1&&his=sa2,509-7208 岐阜県恵那市笠置町姫栗１５４５−４,35.4738025,137.3513183
上矢作郵便局,https://map.japanpost.jp/p/search/dtl/300124074000/?&cond2=1&cond200=1&&his=sa2,509-7599 岐阜県恵那市上矢作町１８３５−５,35.3003047,137.5004572
吉良見郵便局,https://map.japanpost.jp/p/search/dtl/300124180000/?&cond2=1&cond200=1&&his=sa2,509-7726 岐阜県恵那市明智町吉良見３９４−１３,35.3094156,137.3554408
串原郵便局,https://map.japanpost.jp/p/search/dtl/300124144000/?&cond2=1&cond200=1&&his=sa2,509-7831 岐阜県恵那市串原２２８６−５,35.2426644,137.3868886
毛呂窪簡易郵便局,https://map.japanpost.jp/p/search/dtl/300124858000/?&cond2=1&cond200=1&&his=sa2,509-7209 岐阜県恵那市笠置町毛呂窪１０４６−２,35.4880881,137.3792867
下手向簡易郵便局,https://map.japanpost.jp/p/search/dtl/300124826000/?&cond2=1&cond200=1&&his=sa2,509-7607 岐阜県恵那市山岡町下手向２７８−６,35.3512225,137.3683006
下原田郵便局,https://map.japanpost.jp/p/search/dtl/300124163000/?&cond2=1&cond200=1&&his=sa2,509-7513 岐阜県恵那市上矢作町小田子５２８−２,35.2602983,137.491145
武並郵便局,https://map.japanpost.jp/p/search/dtl/300124186000/?&cond2=1&cond200=1&&his=sa2,509-7199 岐阜県恵那市武並町竹折１１６３−１,35.4345714,137.3492181
田代簡易郵便局,https://map.japanpost.jp/p/search/dtl/300124830000/?&cond2=1&cond200=1&&his=sa2,509-7606 岐阜県恵那市山岡町田代広瀬３８０−２,35.3335528,137.3312897
鶴岡郵便局,https://map.japanpost.jp/p/search/dtl/300124237000/?&cond2=1&cond200=1&&his=sa2,509-7605 岐阜県恵那市山岡町原1072-9,35.3339997,137.3619331
中野方郵便局,https://map.japanpost.jp/p/search/dtl/300124081000/?&cond2=1&cond200=1&&his=sa2,509-8299 岐阜県恵那市中野方町１８１９−２,35.5212697,137.3062928
三郷郵便局,https://map.japanpost.jp/p/search/dtl/300124222000/?&cond2=1&cond200=1&&his=sa2,509-7124 岐阜県恵那市三郷町佐々良木４３−３,35.4020969,137.3561983
山岡郵便局,https://map.japanpost.jp/p/search/dtl/300124150000/?&cond2=1&cond200=1&&his=sa2,509-7699 岐阜県恵那市山岡町上手向８５−１,35.3522011,137.3894564
大垣郵便局,https://map.japanpost.jp/p/search/dtl/300124002000/?&cond2=1&cond200=1&&his=sa2,503-8799 岐阜県大垣市郭町４−１,35.3589478,136.6153981
大垣郵便局,https://map.japanpost.jp/p/search/dtl/300124002000/?&cond2=1&cond200=1&&his=sa2,503-8799 岐阜県大垣市郭町４−１,35.3589478,136.6153981
青墓簡易郵便局,https://map.japanpost.jp/p/search/dtl/300124812000/?&cond2=1&cond200=1&&his=sa2,503-2221 岐阜県大垣市青墓町１−２７,35.3853297,136.5617564
赤坂菅野簡易郵便局,https://map.japanpost.jp/p/search/dtl/300124839000/?&cond2=1&cond200=1&&his=sa2,503-2208 岐阜県大垣市菅野１−１６５６−１４,35.3936717,136.5990042
赤坂郵便局,https://map.japanpost.jp/p/search/dtl/300124057000/?&cond2=1&cond200=1&&his=sa2,503-2213 岐阜県大垣市赤坂町２１４５−１,35.39296,136.5858811
大垣荒尾郵便局,https://map.japanpost.jp/p/search/dtl/300124307000/?&cond2=1&cond200=1&&his=sa2,503-0034 岐阜県大垣市荒尾町東裏１４９１−４,35.3750031,136.5829361
大垣荒川簡易郵便局,https://map.japanpost.jp/p/search/dtl/300124827000/?&cond2=1&cond200=1&&his=sa2,503-0993 岐阜県大垣市荒川町４４３−３,35.3610689,136.5744167
大垣稲葉郵便局,https://map.japanpost.jp/p/search/dtl/300124348000/?&cond2=1&cond200=1&&his=sa2,503-2224 岐阜県大垣市稲葉東３−１０,35.3752742,136.5536172
大垣駅前郵便局,https://map.japanpost.jp/p/search/dtl/300124269000/?&cond2=1&cond200=1&&his=sa2,503-0901 岐阜県大垣市高屋町１−３９,35.3645914,136.6178922
大垣神田郵便局,https://map.japanpost.jp/p/search/dtl/300124273000/?&cond2=1&cond200=1&&his=sa2,503-0917 岐阜県大垣市神田町２−２−１,35.3606778,136.6090608
大垣久瀬川郵便局,https://map.japanpost.jp/p/search/dtl/300124132000/?&cond2=1&cond200=1&&his=sa2,503-0974 岐阜県大垣市久瀬川町４−３７,35.3569278,136.6003831
大垣小野簡易郵便局,https://map.japanpost.jp/p/search/dtl/300124867000/?&cond2=1&cond200=1&&his=sa2,503-0803 岐阜県大垣市小野１−１１２−２,35.3700686,136.6458531
大垣宿地郵便局,https://map.japanpost.jp/p/search/dtl/300124332000/?&cond2=1&cond200=1&&his=sa2,503-0024 岐阜県大垣市宿地町１０８４,35.3756378,136.6111975
大垣鶴見郵便局,https://map.japanpost.jp/p/search/dtl/300124302000/?&cond2=1&cond200=1&&his=sa2,503-0805 岐阜県大垣市鶴見町８８−２,35.3609122,136.6371894
大垣友江郵便局,https://map.japanpost.jp/p/search/dtl/300124249000/?&cond2=1&cond200=1&&his=sa2,503-0955 岐阜県大垣市友江１−８−１,35.3274211,136.6007175
大垣中川郵便局,https://map.japanpost.jp/p/search/dtl/300124280000/?&cond2=1&cond200=1&&his=sa2,503-0018 岐阜県大垣市西之川町１−２４１−３,35.3897664,136.6122583
大垣林町郵便局,https://map.japanpost.jp/p/search/dtl/300124162000/?&cond2=1&cond200=1&&his=sa2,503-0015 岐阜県大垣市林町３−７９,35.3696386,136.6214728
大垣藤江郵便局,https://map.japanpost.jp/p/search/dtl/300124294000/?&cond2=1&cond200=1&&his=sa2,503-0893 岐阜県大垣市藤江町２−２３−２,35.3666361,136.6253131
大垣船町郵便局,https://map.japanpost.jp/p/search/dtl/300124084000/?&cond2=1&cond200=1&&his=sa2,503-0923 岐阜県大垣市船町４−４５,35.3552728,136.6108397
大垣古宮郵便局,https://map.japanpost.jp/p/search/dtl/300124265000/?&cond2=1&cond200=1&&his=sa2,503-0848 岐阜県大垣市古宮町一番割７４−２,35.3406253,136.6409067
大垣南高橋郵便局,https://map.japanpost.jp/p/search/dtl/300124277000/?&cond2=1&cond200=1&&his=sa2,503-0873 岐阜県大垣市南高橋町１−９９,35.3596397,136.6237353
大垣南頬郵便局,https://map.japanpost.jp/p/search/dtl/300124316000/?&cond2=1&cond200=1&&his=sa2,503-0864 岐阜県大垣市南頬町４−３２−６,35.3547367,136.6220842
大垣室町郵便局,https://map.japanpost.jp/p/search/dtl/300124293000/?&cond2=1&cond200=1&&his=sa2,503-0911 岐阜県大垣市室本町２−３４,35.3661747,136.6109589
上石津一之瀬郵便局,https://map.japanpost.jp/p/search/dtl/300124296000/?&cond2=1&cond200=1&&his=sa2,503-1614 岐阜県大垣市上石津町一之瀬１４８８,35.3157036,136.4844269
上石津時郵便局,https://map.japanpost.jp/p/search/dtl/300124152000/?&cond2=1&cond200=1&&his=sa2,503-1632 岐阜県大垣市上石津町下山笹尾１９４−１,35.2512161,136.4632792
上石津郵便局,https://map.japanpost.jp/p/search/dtl/300124089000/?&cond2=1&cond200=1&&his=sa2,503-1699 岐阜県大垣市上石津町上原１３４３−１,35.2842983,136.4715339
墨俣郵便局,https://map.japanpost.jp/p/search/dtl/300124055000/?&cond2=1&cond200=1&&his=sa2,503-0199 岐阜県大垣市墨俣町墨俣９５５−３,35.3607989,136.6828886
牧田郵便局,https://map.japanpost.jp/p/search/dtl/300124056000/?&cond2=1&cond200=1&&his=sa2,503-1602 岐阜県大垣市上石津町牧田２６８７−１,35.3394594,136.497175
鳩谷郵便局,https://map.japanpost.jp/p/search/dtl/300124093000/?&cond2=1&cond200=1&&his=sa2,501-5699 岐阜県大野郡白川村鳩谷中長３２２,36.2696256,136.8990531
鳩谷郵便局,https://map.japanpost.jp/p/search/dtl/300124093000/?&cond2=1&cond200=1&&his=sa2,501-5699 岐阜県大野郡白川村鳩谷中長３２２,36.2696256,136.8990531
御母衣郵便局,https://map.japanpost.jp/p/search/dtl/300124100000/?&cond2=1&cond200=1&&his=sa2,501-5507 岐阜県大野郡白川村平瀬中カイツ１３２−５８,36.1718569,136.9056231
