0,1,2,Latitude,Longitude
赤名郵便局,https://map.japanpost.jp/p/search/dtl/300153034000/?&cond2=1&cond200=1&&his=sa2,690-3511 島根県飯石郡飯南町赤名２２,34.9967292,132.7160633
赤名郵便局,https://map.japanpost.jp/p/search/dtl/300153034000/?&cond2=1&cond200=1&&his=sa2,690-3511 島根県飯石郡飯南町赤名２２,34.9967292,132.7160633
来島郵便局,https://map.japanpost.jp/p/search/dtl/300153111000/?&cond2=1&cond200=1&&his=sa2,690-3499 島根県飯石郡飯南町野萱３０２−１,35.0349511,132.7437772
志々郵便局,https://map.japanpost.jp/p/search/dtl/300153118000/?&cond2=1&cond200=1&&his=sa2,690-3312 島根県飯石郡飯南町八神１１７−７,35.1087603,132.6972192
谷郵便局,https://map.japanpost.jp/p/search/dtl/300153252000/?&cond2=1&cond200=1&&his=sa2,690-3514 島根県飯石郡飯南町井戸谷４８２−１０,34.9856308,132.6773953
角井簡易郵便局,https://map.japanpost.jp/p/search/dtl/300153745000/?&cond2=1&cond200=1&&his=sa2,690-3314 島根県飯石郡飯南町角井４１９−２,35.1334619,132.6685644
頓原郵便局,https://map.japanpost.jp/p/search/dtl/300153049000/?&cond2=1&cond200=1&&his=sa2,690-3299 島根県飯石郡飯南町頓原２０８２−８,35.0794031,132.7833028
出雲郵便局,https://map.japanpost.jp/p/search/dtl/300153004000/?&cond2=1&cond200=1&&his=sa2,693-8799 島根県出雲市駅南町３−１５−１,35.3582719,132.755835
出雲郵便局,https://map.japanpost.jp/p/search/dtl/300153004000/?&cond2=1&cond200=1&&his=sa2,693-8799 島根県出雲市駅南町３−１５−１,35.3582719,132.755835
平田郵便局,https://map.japanpost.jp/p/search/dtl/300153015000/?&cond2=1&cond200=1&&his=sa2,691-8799 島根県出雲市平田町２２４６,35.4332786,132.8229772
朝山郵便局,https://map.japanpost.jp/p/search/dtl/300153191000/?&cond2=1&cond200=1&&his=sa2,693-0214 島根県出雲市所原町２６５−１,35.3193811,132.76679
朝原簡易郵便局,https://map.japanpost.jp/p/search/dtl/300153754000/?&cond2=1&cond200=1&&his=sa2,693-0501 島根県出雲市佐田町朝原５７０,35.2467558,132.7579353
出雲朝倉郵便局,https://map.japanpost.jp/p/search/dtl/300153241000/?&cond2=1&cond200=1&&his=sa2,693-0015 島根県出雲市大津朝倉２−７−７,35.3739122,132.7613383
出雲荒茅郵便局,https://map.japanpost.jp/p/search/dtl/300153248000/?&cond2=1&cond200=1&&his=sa2,693-0044 島根県出雲市荒茅町８０６,35.3704806,132.69304
出雲稲岡郵便局,https://map.japanpost.jp/p/search/dtl/300153175000/?&cond2=1&cond200=1&&his=sa2,693-0071 島根県出雲市稲岡町５４−１,35.3876044,132.76811
出雲駅前郵便局,https://map.japanpost.jp/p/search/dtl/300153204000/?&cond2=1&cond200=1&&his=sa2,693-0001 島根県出雲市今市町２０６５（パルメイト出雲１階）,35.3617542,132.7561125
出雲塩冶簡易郵便局,https://map.japanpost.jp/p/search/dtl/300153776000/?&cond2=1&cond200=1&&his=sa2,693-0021 島根県出雲市塩冶町４７１−２,35.3511617,132.7466033
出雲大津郵便局,https://map.japanpost.jp/p/search/dtl/300153103000/?&cond2=1&cond200=1&&his=sa2,693-0011 島根県出雲市大津町５５９,35.3688222,132.7807456
出雲小山団地簡易郵便局,https://map.japanpost.jp/p/search/dtl/300153811000/?&cond2=1&cond200=1&&his=sa2,693-0051 島根県出雲市小山町３５１,35.3711167,132.7413942
出雲小山町簡易郵便局,https://map.japanpost.jp/p/search/dtl/300153757000/?&cond2=1&cond200=1&&his=sa2,693-0051 島根県出雲市小山町６４０−８,35.37422,132.7478983
出雲上津郵便局,https://map.japanpost.jp/p/search/dtl/300153211000/?&cond2=1&cond200=1&&his=sa2,693-0101 島根県出雲市上島町１１６５−３,35.3356769,132.8374881
出雲古志郵便局,https://map.japanpost.jp/p/search/dtl/300153100000/?&cond2=1&cond200=1&&his=sa2,693-0031 島根県出雲市古志町１０２９−５,35.3445878,132.7391644
出雲里方町簡易郵便局,https://map.japanpost.jp/p/search/dtl/300153756000/?&cond2=1&cond200=1&&his=sa2,693-0064 島根県出雲市里方町９２８−１,35.3882597,132.7484697
出雲白枝簡易郵便局,https://map.japanpost.jp/p/search/dtl/300153786000/?&cond2=1&cond200=1&&his=sa2,693-0006 島根県出雲市白枝町５５５−３,35.3628481,132.7353622
出雲神西沖郵便局,https://map.japanpost.jp/p/search/dtl/300153243000/?&cond2=1&cond200=1&&his=sa2,699-0822 島根県出雲市神西沖町１６７５−１,35.3368697,132.6948386
出雲高松郵便局,https://map.japanpost.jp/p/search/dtl/300153144000/?&cond2=1&cond200=1&&his=sa2,693-0053 島根県出雲市高松町１２５８−３,35.3611067,132.7169383
出雲中央通郵便局,https://map.japanpost.jp/p/search/dtl/300153262000/?&cond2=1&cond200=1&&his=sa2,693-0001 島根県出雲市今市町６３−１０,35.3667986,132.7554653
出雲長浜郵便局,https://map.japanpost.jp/p/search/dtl/300153158000/?&cond2=1&cond200=1&&his=sa2,693-0041 島根県出雲市西園町２０６−３,35.3488522,132.6986511
出雲浜町簡易郵便局,https://map.japanpost.jp/p/search/dtl/300153731000/?&cond2=1&cond200=1&&his=sa2,693-0054 島根県出雲市浜町島田１６３４−１,35.3744228,132.7193408
出雲半分簡易郵便局,https://map.japanpost.jp/p/search/dtl/300153773000/?&cond2=1&cond200=1&&his=sa2,693-0027 島根県出雲市医大南町１−２−９,35.3431411,132.7582436
出雲東林木簡易郵便局,https://map.japanpost.jp/p/search/dtl/300153796000/?&cond2=1&cond200=1&&his=sa2,693-0074 島根県出雲市東林木町７１９,35.4047064,132.7807644
出雲本町簡易郵便局,https://map.japanpost.jp/p/search/dtl/300153781000/?&cond2=1&cond200=1&&his=sa2,693-0001 島根県出雲市今市町５５５,35.3642819,132.7601514
出雲山廻簡易郵便局,https://map.japanpost.jp/p/search/dtl/300153751000/?&cond2=1&cond200=1&&his=sa2,693-0011 島根県出雲市大津町山廻１６９６−１３,35.3648222,132.7778067
鵜鷺郵便局,https://map.japanpost.jp/p/search/dtl/300153096000/?&cond2=1&cond200=1&&his=sa2,699-0761 島根県出雲市大社町鷺浦８０,35.43972,132.6858147
小田郵便局,https://map.japanpost.jp/p/search/dtl/300153051000/?&cond2=1&cond200=1&&his=sa2,699-0999 島根県出雲市多伎町小田５５０,35.28271,132.6196122
乙立郵便局,https://map.japanpost.jp/p/search/dtl/300153168000/?&cond2=1&cond200=1&&his=sa2,693-0216 島根県出雲市乙立町３２７８−１４,35.2855731,132.7252564
上塩冶町簡易郵便局,https://map.japanpost.jp/p/search/dtl/300153739000/?&cond2=1&cond200=1&&his=sa2,693-0022 島根県出雲市上塩冶町２７３８−１１,35.3570281,132.7650917
河下郵便局,https://map.japanpost.jp/p/search/dtl/300153134000/?&cond2=1&cond200=1&&his=sa2,691-0025 島根県出雲市河下町２００−３,35.4461481,132.7488092
飯石郵便局,https://map.japanpost.jp/p/search/dtl/300153197000/?&cond2=1&cond200=1&&his=sa2,690-2512 島根県雲南市三刀屋町多久和１１６１−２,35.2574375,132.8725797
飯石郵便局,https://map.japanpost.jp/p/search/dtl/300153197000/?&cond2=1&cond200=1&&his=sa2,690-2512 島根県雲南市三刀屋町多久和１１６１−２,35.2574375,132.8725797
出雲大東郵便局,https://map.japanpost.jp/p/search/dtl/300153019000/?&cond2=1&cond200=1&&his=sa2,699-1299 島根県雲南市大東町大東２４０１−１,35.3237139,132.9679231
出雲中野郵便局,https://map.japanpost.jp/p/search/dtl/300153195000/?&cond2=1&cond200=1&&his=sa2,690-2523 島根県雲南市三刀屋町中野２８４−５,35.2319683,132.8573814
入間郵便局,https://map.japanpost.jp/p/search/dtl/300153142000/?&cond2=1&cond200=1&&his=sa2,690-2702 島根県雲南市掛合町入間２８０−１３,35.1495833,132.78364
海潮郵便局,https://map.japanpost.jp/p/search/dtl/300153108000/?&cond2=1&cond200=1&&his=sa2,699-1206 島根県雲南市大東町南村２０２−７,35.3369333,133.0212194
温泉郵便局,https://map.japanpost.jp/p/search/dtl/300153186000/?&cond2=1&cond200=1&&his=sa2,699-1342 島根県雲南市木次町平田７８９,35.2129364,132.9361269
掛合郵便局,https://map.japanpost.jp/p/search/dtl/300153032000/?&cond2=1&cond200=1&&his=sa2,690-2799 島根県雲南市掛合町掛合８４１−１,35.1945803,132.8181111
加茂郵便局,https://map.japanpost.jp/p/search/dtl/300153031000/?&cond2=1&cond200=1&&his=sa2,699-1106 島根県雲南市加茂町加茂中９５１−１,35.345745,132.9052542
木次郵便局,https://map.japanpost.jp/p/search/dtl/300153010000/?&cond2=1&cond200=1&&his=sa2,699-1399 島根県雲南市木次町木次３７２−５,35.2891972,132.8998525
給下簡易郵便局,https://map.japanpost.jp/p/search/dtl/300153718000/?&cond2=1&cond200=1&&his=sa2,690-2402 島根県雲南市三刀屋町給下１１２,35.2962539,132.8778911
佐世簡易郵便局,https://map.japanpost.jp/p/search/dtl/300153723000/?&cond2=1&cond200=1&&his=sa2,699-1215 島根県雲南市大東町下佐世１００３−６,35.3163817,132.9457939
里方簡易郵便局,https://map.japanpost.jp/p/search/dtl/300153794000/?&cond2=1&cond200=1&&his=sa2,699-1311 島根県雲南市木次町里方５９６−１,35.3070867,132.9012994
田井郵便局,https://map.japanpost.jp/p/search/dtl/300153196000/?&cond2=1&cond200=1&&his=sa2,690-2313 島根県雲南市吉田町深野３３２−５,35.206095,132.9173081
多根郵便局,https://map.japanpost.jp/p/search/dtl/300153240000/?&cond2=1&cond200=1&&his=sa2,690-2706 島根県雲南市掛合町多根５０８−１,35.23389,132.823545
大東駅前簡易郵便局,https://map.japanpost.jp/p/search/dtl/300153765000/?&cond2=1&cond200=1&&his=sa2,699-1221 島根県雲南市大東町飯田３６−１２,35.3252081,132.9580608
大東久野郵便局,https://map.japanpost.jp/p/search/dtl/300153188000/?&cond2=1&cond200=1&&his=sa2,699-1211 島根県雲南市大東町上久野１６−８,35.2674175,133.0239419
鍋山郵便局,https://map.japanpost.jp/p/search/dtl/300153146000/?&cond2=1&cond200=1&&his=sa2,690-2634 島根県雲南市三刀屋町乙加宮２４３６−１１,35.2686778,132.8383381
幡屋郵便局,https://map.japanpost.jp/p/search/dtl/300153233000/?&cond2=1&cond200=1&&his=sa2,699-1232 島根県雲南市大東町仁和寺１８８３,35.3351481,132.9390731
波多郵便局,https://map.japanpost.jp/p/search/dtl/300153050000/?&cond2=1&cond200=1&&his=sa2,690-2703 島根県雲南市掛合町波多１６８５−１,35.1422222,132.7338233
東阿用簡易郵便局,https://map.japanpost.jp/p/search/dtl/300153717000/?&cond2=1&cond200=1&&his=sa2,699-1224 島根県雲南市大東町東阿用３３８−１４,35.3032092,132.9684886
日登郵便局,https://map.japanpost.jp/p/search/dtl/300153254000/?&cond2=1&cond200=1&&his=sa2,699-1322 島根県雲南市木次町寺領５０３−２８,35.2776444,132.9302556
松笠簡易郵便局,https://map.japanpost.jp/p/search/dtl/300153763000/?&cond2=1&cond200=1&&his=sa2,690-2705 島根県雲南市掛合町松笠７３０−３,35.2172775,132.7905072
三刀屋郵便局,https://map.japanpost.jp/p/search/dtl/300153033000/?&cond2=1&cond200=1&&his=sa2,690-2499 島根県雲南市三刀屋町三刀屋１１０−１０,35.2908661,132.8757803
吉田郵便局,https://map.japanpost.jp/p/search/dtl/300153104000/?&cond2=1&cond200=1&&his=sa2,690-2899 島根県雲南市吉田町吉田１０８０−１７,35.1663133,132.8525994
石見大田郵便局,https://map.japanpost.jp/p/search/dtl/300153014000/?&cond2=1&cond200=1&&his=sa2,694-8799 島根県大田市大田町大田ロ９２６−１,35.1911872,132.5049839
石見大田郵便局,https://map.japanpost.jp/p/search/dtl/300153014000/?&cond2=1&cond200=1&&his=sa2,694-8799 島根県大田市大田町大田ロ９２６−１,35.1911872,132.5049839
五十猛郵便局,https://map.japanpost.jp/p/search/dtl/300153085000/?&cond2=1&cond200=1&&his=sa2,694-0035 島根県大田市五十猛町２０７２,35.1874197,132.4222219
井田郵便局,https://map.japanpost.jp/p/search/dtl/300153179000/?&cond2=1&cond200=1&&his=sa2,699-2507 島根県大田市温泉津町井田イ１３５−２,35.0445778,132.3651975
石見大屋簡易郵便局,https://map.japanpost.jp/p/search/dtl/300153704000/?&cond2=1&cond200=1&&his=sa2,694-0033 島根県大田市大屋町大国２９５９−１,35.1540717,132.4539456
石見銀山大森郵便局,https://map.japanpost.jp/p/search/dtl/300153005000/?&cond2=1&cond200=1&&his=sa2,694-0399 島根県大田市大森町ハ９１−３,35.1195422,132.4459061
大家郵便局,https://map.japanpost.jp/p/search/dtl/300153042000/?&cond2=1&cond200=1&&his=sa2,694-0433 島根県大田市大代町大家１７０２,35.033085,132.4101058
大国郵便局,https://map.japanpost.jp/p/search/dtl/300153155000/?&cond2=1&cond200=1&&his=sa2,699-2303 島根県大田市仁摩町大国１０１８−１,35.1292025,132.4232542
大田さつか郵便局,https://map.japanpost.jp/p/search/dtl/300153165000/?&cond2=1&cond200=1&&his=sa2,694-0052 島根県大田市久手町刺鹿７４７−６,35.2171397,132.5074542
大田市駅前郵便局,https://map.japanpost.jp/p/search/dtl/300153259000/?&cond2=1&cond200=1&&his=sa2,694-0064 島根県大田市大田町大田松の前イ４１３−１０,35.199925,132.4991536
大田鳥井郵便局,https://map.japanpost.jp/p/search/dtl/300153093000/?&cond2=1&cond200=1&&his=sa2,694-0054 島根県大田市鳥井町鳥井３１９−１,35.2156531,132.4757397
大田山口簡易郵便局,https://map.japanpost.jp/p/search/dtl/300153818000/?&cond2=1&cond200=1&&his=sa2,694-0002 島根県大田市山口町山口１０５０−１,35.1746378,132.6320728
川合郵便局,https://map.japanpost.jp/p/search/dtl/300153094000/?&cond2=1&cond200=1&&his=sa2,694-0011 島根県大田市川合町川合１５２２−２９,35.1557189,132.5115914
久手郵便局,https://map.japanpost.jp/p/search/dtl/300153091000/?&cond2=1&cond200=1&&his=sa2,694-0051 島根県大田市久手町波根西２０８５,35.2315325,132.5059958
久利郵便局,https://map.japanpost.jp/p/search/dtl/300153141000/?&cond2=1&cond200=1&&his=sa2,694-0024 島根県大田市久利町久利７５６−２,35.1546542,132.4756975
三瓶郵便局,https://map.japanpost.jp/p/search/dtl/300153078000/?&cond2=1&cond200=1&&his=sa2,694-0223 島根県大田市三瓶町池田２２７４−１,35.1456456,132.5847556
志学郵便局,https://map.japanpost.jp/p/search/dtl/300153097000/?&cond2=1&cond200=1&&his=sa2,694-0222 島根県大田市三瓶町志学ロ３５８−２,35.1138442,132.6341272
静間郵便局,https://map.japanpost.jp/p/search/dtl/300153199000/?&cond2=1&cond200=1&&his=sa2,694-0031 島根県大田市静間町１０４１−９,35.1960467,132.4672994
城蓮簡易郵便局,https://map.japanpost.jp/p/search/dtl/300153797000/?&cond2=1&cond200=1&&his=sa2,699-2213 島根県大田市朝山町朝倉７３６−１,35.2486875,132.5670531
祖式郵便局,https://map.japanpost.jp/p/search/dtl/300153159000/?&cond2=1&cond200=1&&his=sa2,694-0431 島根県大田市祖式町５７６−２,35.0667178,132.4530678
宅野郵便局,https://map.japanpost.jp/p/search/dtl/300153088000/?&cond2=1&cond200=1&&his=sa2,699-2302 島根県大田市仁摩町宅野１６７,35.1661317,132.4073922
富山郵便局,https://map.japanpost.jp/p/search/dtl/300153185000/?&cond2=1&cond200=1&&his=sa2,699-2216 島根県大田市富山町山中１７４０−２,35.2145672,132.5774244
長久東簡易郵便局,https://map.japanpost.jp/p/search/dtl/300153803000/?&cond2=1&cond200=1&&his=sa2,694-0041 島根県大田市長久町長久ハ１４−２,35.2015389,132.4941133
仁万郵便局,https://map.japanpost.jp/p/search/dtl/300153154000/?&cond2=1&cond200=1&&his=sa2,699-2399 島根県大田市仁摩町仁万８５０−１１,35.1531081,132.4021753
波根郵便局,https://map.japanpost.jp/p/search/dtl/300153054000/?&cond2=1&cond200=1&&his=sa2,699-2211 島根県大田市波根町１７９２−１,35.2427567,132.5363392
福波郵便局,https://map.japanpost.jp/p/search/dtl/300153114000/?&cond2=1&cond200=1&&his=sa2,699-2514 島根県大田市温泉津町福光ハ４８６−１０,35.0735972,132.3315178
馬路琴ケ浜郵便局,https://map.japanpost.jp/p/search/dtl/300153128000/?&cond2=1&cond200=1&&his=sa2,699-2304 島根県大田市仁摩町馬路１２３−２,35.1302714,132.3898992
水上郵便局,https://map.japanpost.jp/p/search/dtl/300153256000/?&cond2=1&cond200=1&&his=sa2,694-0302 島根県大田市水上町福原１５−３,35.0947294,132.4602328
柳瀬簡易郵便局,https://map.japanpost.jp/p/search/dtl/300153830000/?&cond2=1&cond200=1&&his=sa2,694-0051 島根県大田市久手町波根西４７−５,35.2394297,132.5187139
湯里郵便局,https://map.japanpost.jp/p/search/dtl/300153206000/?&cond2=1&cond200=1&&his=sa2,699-2502 島根県大田市温泉津町湯里１２８１−６,35.1076267,132.3766536
温泉津郵便局,https://map.japanpost.jp/p/search/dtl/300153013000/?&cond2=1&cond200=1&&his=sa2,699-2599 島根県大田市温泉津町小浜イ２１−２,35.0925786,132.3493956
阿須那郵便局,https://map.japanpost.jp/p/search/dtl/300153140000/?&cond2=1&cond200=1&&his=sa2,696-0501 島根県邑智郡邑南町阿須那１８３３−１,34.8696672,132.6176122
阿須那郵便局,https://map.japanpost.jp/p/search/dtl/300153140000/?&cond2=1&cond200=1&&his=sa2,696-0501 島根県邑智郡邑南町阿須那１８３３−１,34.8696672,132.6176122
出羽郵便局,https://map.japanpost.jp/p/search/dtl/300153027000/?&cond2=1&cond200=1&&his=sa2,696-0312 島根県邑智郡邑南町出羽４１８,34.8599372,132.5454194
市木郵便局,https://map.japanpost.jp/p/search/dtl/300153040000/?&cond2=1&cond200=1&&his=sa2,697-0631 島根県邑智郡邑南町市木１９３４,34.8364469,132.3976019
井原郵便局,https://map.japanpost.jp/p/search/dtl/300153148000/?&cond2=1&cond200=1&&his=sa2,696-0101 島根県邑智郡邑南町井原９８４−１,34.9041097,132.4784017
石見布施郵便局,https://map.japanpost.jp/p/search/dtl/300153207000/?&cond2=1&cond200=1&&his=sa2,696-0401 島根県邑智郡邑南町布施４７０−４,34.9380664,132.5741864
上田所郵便局,https://map.japanpost.jp/p/search/dtl/300153167000/?&cond2=1&cond200=1&&his=sa2,696-0225 島根県邑智郡邑南町上田所５６２−１,34.8276214,132.4898297
口羽郵便局,https://map.japanpost.jp/p/search/dtl/300153053000/?&cond2=1&cond200=1&&his=sa2,696-0699 島根県邑智郡邑南町下口羽１２０７−１,34.8817903,132.6743083
高原郵便局,https://map.japanpost.jp/p/search/dtl/300153149000/?&cond2=1&cond200=1&&his=sa2,696-0406 島根県邑智郡邑南町高見１０１９−3,34.9018619,132.5545
田所郵便局,https://map.japanpost.jp/p/search/dtl/300153166000/?&cond2=1&cond200=1&&his=sa2,696-0299 島根県邑智郡邑南町下田所１３２−３,34.8561989,132.5216625
中野郵便局,https://map.japanpost.jp/p/search/dtl/300153067000/?&cond2=1&cond200=1&&his=sa2,696-0199 島根県邑智郡邑南町中野７４４−１０,34.8971739,132.4586133
日貫郵便局,https://map.japanpost.jp/p/search/dtl/300153090000/?&cond2=1&cond200=1&&his=sa2,699-4311 島根県邑智郡邑南町日貫３０６４,34.8833267,132.3577967
日和郵便局,https://map.japanpost.jp/p/search/dtl/300153230000/?&cond2=1&cond200=1&&his=sa2,696-0104 島根県邑智郡邑南町日和１０１９−１４,34.916565,132.3807378
矢上郵便局,https://map.japanpost.jp/p/search/dtl/300153129000/?&cond2=1&cond200=1&&his=sa2,696-0103 島根県邑智郡邑南町矢上993-1,34.8932492,132.4383317
川本因原郵便局,https://map.japanpost.jp/p/search/dtl/300153181000/?&cond2=1&cond200=1&&his=sa2,696-0003 島根県邑智郡川本町因原５１３−４,34.9677703,132.4725336
川本因原郵便局,https://map.japanpost.jp/p/search/dtl/300153181000/?&cond2=1&cond200=1&&his=sa2,696-0003 島根県邑智郡川本町因原５１３−４,34.9677703,132.4725336
川本郵便局,https://map.japanpost.jp/p/search/dtl/300153011000/?&cond2=1&cond200=1&&his=sa2,696-8799 島根県邑智郡川本町川本５２２−５,34.9918258,132.4945831
三原郵便局,https://map.japanpost.jp/p/search/dtl/300153143000/?&cond2=1&cond200=1&&his=sa2,696-1225 島根県邑智郡川本町南佐木１６８−４,34.9981339,132.4149833
吾郷郵便局,https://map.japanpost.jp/p/search/dtl/300153120000/?&cond2=1&cond200=1&&his=sa2,699-4625 島根県邑智郡美郷町簗瀬２５９−３,35.0415947,132.5592311
吾郷郵便局,https://map.japanpost.jp/p/search/dtl/300153120000/?&cond2=1&cond200=1&&his=sa2,699-4625 島根県邑智郡美郷町簗瀬２５９−３,35.0415947,132.5592311
石見別府簡易郵便局,https://map.japanpost.jp/p/search/dtl/300153832000/?&cond2=1&cond200=1&&his=sa2,696-1131 島根県邑智郡美郷町別府２１５−１,35.0990811,132.5330297
乙原簡易郵便局,https://map.japanpost.jp/p/search/dtl/300153721000/?&cond2=1&cond200=1&&his=sa2,699-4626 島根県邑智郡美郷町乙原３９４−２,35.0291153,132.545795
粕淵郵便局,https://map.japanpost.jp/p/search/dtl/300153028000/?&cond2=1&cond200=1&&his=sa2,699-4699 島根県邑智郡美郷町粕渕２５８,35.0749161,132.5896733
君谷郵便局,https://map.japanpost.jp/p/search/dtl/300153178000/?&cond2=1&cond200=1&&his=sa2,696-1141 島根県邑智郡美郷町京覧原２３５−３,35.0600222,132.5061556
九日市簡易郵便局,https://map.japanpost.jp/p/search/dtl/300153712000/?&cond2=1&cond200=1&&his=sa2,699-4712 島根県邑智郡美郷町九日市２９８,35.0495008,132.6699911
地頭所簡易郵便局,https://map.japanpost.jp/p/search/dtl/300153728000/?&cond2=1&cond200=1&&his=sa2,696-1143 島根県邑智郡美郷町地頭所１４７−１,35.0341247,132.5117308
千原簡易郵便局,https://map.japanpost.jp/p/search/dtl/300153817000/?&cond2=1&cond200=1&&his=sa2,699-4715 島根県邑智郡美郷町石原２７１,35.0562356,132.6429325
都賀郵便局,https://map.japanpost.jp/p/search/dtl/300153066000/?&cond2=1&cond200=1&&his=sa2,696-0704 島根県邑智郡美郷町都賀本郷１２５−３,34.9584422,132.6428925
都賀行郵便局,https://map.japanpost.jp/p/search/dtl/300153231000/?&cond2=1&cond200=1&&his=sa2,696-0705 島根県邑智郡美郷町都賀行９０−２２,34.9925314,132.6085214
浜原郵便局,https://map.japanpost.jp/p/search/dtl/300153176000/?&cond2=1&cond200=1&&his=sa2,699-4701 島根県邑智郡美郷町浜原３７２−２,35.0651061,132.6003056
海士郵便局,https://map.japanpost.jp/p/search/dtl/300153139000/?&cond2=1&cond200=1&&his=sa2,684-0403 島根県隠岐郡海士町海士４９７７−２,36.1060175,133.1076053
海士郵便局,https://map.japanpost.jp/p/search/dtl/300153139000/?&cond2=1&cond200=1&&his=sa2,684-0403 島根県隠岐郡海士町海士４９７７−２,36.1060175,133.1076053
崎郵便局,https://map.japanpost.jp/p/search/dtl/300153071000/?&cond2=1&cond200=1&&his=sa2,684-0413 島根県隠岐郡海士町崎１７００−４,36.0489789,133.0856278
知々井簡易郵便局,https://map.japanpost.jp/p/search/dtl/300153820000/?&cond2=1&cond200=1&&his=sa2,684-0411 島根県隠岐郡海士町知々井１５８９−７,36.0777467,133.1129664
菱浦郵便局,https://map.japanpost.jp/p/search/dtl/300153064000/?&cond2=1&cond200=1&&his=sa2,684-0499 島根県隠岐郡海士町福井１２５６−１,36.1017839,133.0773939
御波簡易郵便局,https://map.japanpost.jp/p/search/dtl/300153755000/?&cond2=1&cond200=1&&his=sa2,684-0412 島根県隠岐郡海士町御波２０−５,36.0724958,133.0975078
磯郵便局,https://map.japanpost.jp/p/search/dtl/300153224000/?&cond2=1&cond200=1&&his=sa2,685-0023 島根県隠岐郡隠岐の島町西田223,36.1993625,133.3060519
磯郵便局,https://map.japanpost.jp/p/search/dtl/300153224000/?&cond2=1&cond200=1&&his=sa2,685-0023 島根県隠岐郡隠岐の島町西田223,36.1993625,133.3060519
大久郵便局,https://map.japanpost.jp/p/search/dtl/300153160000/?&cond2=1&cond200=1&&his=sa2,685-0001 島根県隠岐郡隠岐の島町大久寺空１０,36.2502661,133.3712
久見簡易郵便局,https://map.japanpost.jp/p/search/dtl/300153741000/?&cond2=1&cond200=1&&his=sa2,685-0305 島根県隠岐郡隠岐の島町久見佃３１１−３,36.3210447,133.2309131
五箇郵便局,https://map.japanpost.jp/p/search/dtl/300153060000/?&cond2=1&cond200=1&&his=sa2,685-0301 島根県隠岐郡隠岐の島町北方２６３−２,36.2893836,133.2263725
西郷東町簡易郵便局,https://map.japanpost.jp/p/search/dtl/300153807000/?&cond2=1&cond200=1&&his=sa2,685-0013 島根県隠岐郡隠岐の島町中町出雲結の上１−３２,36.2094753,133.3294611
西郷郵便局,https://map.japanpost.jp/p/search/dtl/300153007000/?&cond2=1&cond200=1&&his=sa2,685-8799 島根県隠岐郡隠岐の島町西町八尾の一５５,36.2030708,133.3332864
津戸簡易郵便局,https://map.japanpost.jp/p/search/dtl/300153828000/?&cond2=1&cond200=1&&his=sa2,685-0105 島根県隠岐郡隠岐の島町津戸２８,36.1675614,133.2404306
都万郵便局,https://map.japanpost.jp/p/search/dtl/300153106000/?&cond2=1&cond200=1&&his=sa2,685-0104 島根県隠岐郡隠岐の島町都万２０４０−１,36.1950447,133.2346558
東郷簡易郵便局,https://map.japanpost.jp/p/search/dtl/300153764000/?&cond2=1&cond200=1&&his=sa2,685-0005 島根県隠岐郡隠岐の島町東郷川尻６,36.2221708,133.3409647
中条郵便局,https://map.japanpost.jp/p/search/dtl/300153162000/?&cond2=1&cond200=1&&his=sa2,685-0027 島根県隠岐郡隠岐の島町原田４３５−１,36.2303322,133.2965453
中村郵便局,https://map.japanpost.jp/p/search/dtl/300153099000/?&cond2=1&cond200=1&&his=sa2,685-0434 島根県隠岐郡隠岐の島町中村１６８−１,36.3168094,133.3052358
布施郵便局,https://map.japanpost.jp/p/search/dtl/300153072000/?&cond2=1&cond200=1&&his=sa2,685-0412 島根県隠岐郡隠岐の島町布施２１５−５,36.2943028,133.3569692
知夫郵便局,https://map.japanpost.jp/p/search/dtl/300153069000/?&cond2=1&cond200=1&&his=sa2,684-0199 島根県隠岐郡知夫村１２００−３,36.0101044,133.0415392
知夫郵便局,https://map.japanpost.jp/p/search/dtl/300153069000/?&cond2=1&cond200=1&&his=sa2,684-0199 島根県隠岐郡知夫村１２００−３,36.0101044,133.0415392
浦郷郵便局,https://map.japanpost.jp/p/search/dtl/300153035000/?&cond2=1&cond200=1&&his=sa2,684-0211 島根県隠岐郡西ノ島町浦郷２４５,36.0931325,132.9962842
浦郷郵便局,https://map.japanpost.jp/p/search/dtl/300153035000/?&cond2=1&cond200=1&&his=sa2,684-0211 島根県隠岐郡西ノ島町浦郷２４５,36.0931325,132.9962842
別府郵便局,https://map.japanpost.jp/p/search/dtl/300153073000/?&cond2=1&cond200=1&&his=sa2,684-0399 島根県隠岐郡西ノ島町別府１１−２,36.1094094,133.0398578
美田郵便局,https://map.japanpost.jp/p/search/dtl/300153137000/?&cond2=1&cond200=1&&his=sa2,684-0303 島根県隠岐郡西ノ島町美田２８３−３１,36.0985239,133.0130708
