0,1,2,Latitude,Longitude
阿南郵便局,https://map.japanpost.jp/p/search/dtl/300162002000/?&cond2=1&cond200=1&&his=sa2,774-8799 徳島県阿南市富岡町滝の下４−２,33.9171986,134.6598736
阿南郵便局,https://map.japanpost.jp/p/search/dtl/300162002000/?&cond2=1&cond200=1&&his=sa2,774-8799 徳島県阿南市富岡町滝の下４−２,33.9171986,134.6598736
阿南伊島郵便局,https://map.japanpost.jp/p/search/dtl/300162088000/?&cond2=1&cond200=1&&his=sa2,774-1760 徳島県阿南市伊島町瀬戸４４,33.8427253,134.807375
阿南大野郵便局,https://map.japanpost.jp/p/search/dtl/300162114000/?&cond2=1&cond200=1&&his=sa2,774-0048 徳島県阿南市中大野町北傍示３５１−８,33.9336772,134.5949975
阿南西路見郵便局,https://map.japanpost.jp/p/search/dtl/300162186000/?&cond2=1&cond200=1&&his=sa2,774-0009 徳島県阿南市西路見町江川６８−１,33.9276697,134.6774247
阿南宝田郵便局,https://map.japanpost.jp/p/search/dtl/300162208000/?&cond2=1&cond200=1&&his=sa2,774-0045 徳島県阿南市宝田町荒井８３−３,33.92577,134.6412233
阿南津乃峰郵便局,https://map.japanpost.jp/p/search/dtl/300162057000/?&cond2=1&cond200=1&&his=sa2,774-0021 徳島県阿南市津乃峰町長浜４４７−２３,33.8884439,134.6590561
阿南富岡西郵便局,https://map.japanpost.jp/p/search/dtl/300162204000/?&cond2=1&cond200=1&&his=sa2,774-0030 徳島県阿南市富岡町東新町８４−８,33.9217225,134.6541025
阿南富岡東郵便局,https://map.japanpost.jp/p/search/dtl/300162201000/?&cond2=1&cond200=1&&his=sa2,774-0030 徳島県阿南市富岡町佃町５４６−３,33.921725,134.6613789
阿南山口郵便局,https://map.japanpost.jp/p/search/dtl/300162151000/?&cond2=1&cond200=1&&his=sa2,779-1403 徳島県阿南市山口町森国１６６−２,33.8724431,134.5853008
新野郵便局,https://map.japanpost.jp/p/search/dtl/300162038000/?&cond2=1&cond200=1&&his=sa2,779-1510 徳島県阿南市新野町馬場５４−１１,33.8490039,134.5832722
今津郵便局,https://map.japanpost.jp/p/search/dtl/300162157000/?&cond2=1&cond200=1&&his=sa2,779-1114 徳島県阿南市那賀川町今津浦宮面８−１,33.963,134.6535106
春日野郵便局,https://map.japanpost.jp/p/search/dtl/300162203000/?&cond2=1&cond200=1&&his=sa2,779-1103 徳島県阿南市羽ノ浦町春日野１−９３,33.9618081,134.6183922
加茂谷郵便局,https://map.japanpost.jp/p/search/dtl/300162091000/?&cond2=1&cond200=1&&his=sa2,771-5199 徳島県阿南市加茂町不け１０５,33.91627,134.5506156
桑野郵便局,https://map.japanpost.jp/p/search/dtl/300162071000/?&cond2=1&cond200=1&&his=sa2,779-1499 徳島県阿南市桑野町鳥居前１−１,33.8756322,134.6126264
橘郵便局,https://map.japanpost.jp/p/search/dtl/300162019000/?&cond2=1&cond200=1&&his=sa2,774-0023 徳島県阿南市橘町幸野３９−１,33.8762989,134.6455658
椿泊簡易郵便局,https://map.japanpost.jp/p/search/dtl/300162745000/?&cond2=1&cond200=1&&his=sa2,779-1740 徳島県阿南市椿泊町東５４−１,33.8439383,134.7131028
椿郵便局,https://map.japanpost.jp/p/search/dtl/300162017000/?&cond2=1&cond200=1&&his=sa2,779-1750 徳島県阿南市椿町庄田１０１−１９,33.8331781,134.6781369
中島郵便局,https://map.japanpost.jp/p/search/dtl/300162027000/?&cond2=1&cond200=1&&his=sa2,779-1245 徳島県阿南市那賀川町中島５４７,33.9388117,134.6691428
中庄郵便局,https://map.japanpost.jp/p/search/dtl/300162084000/?&cond2=1&cond200=1&&his=sa2,779-1101 徳島県阿南市羽ノ浦町中庄市２−２,33.9583964,134.6272439
長生郵便局,https://map.japanpost.jp/p/search/dtl/300162127000/?&cond2=1&cond200=1&&his=sa2,774-0046 徳島県阿南市長生町大津田１０−１６,33.9113222,134.6218178
花坂簡易郵便局,https://map.japanpost.jp/p/search/dtl/300162739000/?&cond2=1&cond200=1&&his=sa2,779-1510 徳島県阿南市新野町是国９５−２,33.8473708,134.6019194
羽ノ浦郵便局,https://map.japanpost.jp/p/search/dtl/300162016000/?&cond2=1&cond200=1&&his=sa2,779-1199 徳島県阿南市羽ノ浦町岩脇中須２６−５,33.9477422,134.62573
福井郵便局,https://map.japanpost.jp/p/search/dtl/300162095000/?&cond2=1&cond200=1&&his=sa2,779-1699 徳島県阿南市福井町高田１１６−５,33.8374747,134.6224736
見能林郵便局,https://map.japanpost.jp/p/search/dtl/300162173000/?&cond2=1&cond200=1&&his=sa2,774-0017 徳島県阿南市見能林町九反ヶ坪1-8,33.9040022,134.6691831
阿波郵便局,https://map.japanpost.jp/p/search/dtl/300162022000/?&cond2=1&cond200=1&&his=sa2,771-1799 徳島県阿波市阿波町庚申原７５−１,34.0788819,134.2493528
阿波郵便局,https://map.japanpost.jp/p/search/dtl/300162022000/?&cond2=1&cond200=1&&his=sa2,771-1799 徳島県阿波市阿波町庚申原７５−１,34.0788819,134.2493528
伊沢郵便局,https://map.japanpost.jp/p/search/dtl/300162162000/?&cond2=1&cond200=1&&his=sa2,771-1703 徳島県阿波市阿波町北柴生９５−３,34.0923222,134.2287569
市場郵便局,https://map.japanpost.jp/p/search/dtl/300162065000/?&cond2=1&cond200=1&&his=sa2,771-1699 徳島県阿波市市場町香美北香美６５−１,34.0898928,134.2818108
大俣郵便局,https://map.japanpost.jp/p/search/dtl/300162117000/?&cond2=1&cond200=1&&his=sa2,771-1612 徳島県阿波市市場町上喜来窪二俣１７３６−１２,34.1066164,134.2686031
柿原郵便局,https://map.japanpost.jp/p/search/dtl/300162122000/?&cond2=1&cond200=1&&his=sa2,771-1401 徳島県阿波市吉野町柿原二条８−１,34.0960114,134.3463469
御所郵便局,https://map.japanpost.jp/p/search/dtl/300162110000/?&cond2=1&cond200=1&&his=sa2,771-1507 徳島県阿波市土成町吉田川久保６−７,34.1173908,134.3533989
土成郵便局,https://map.japanpost.jp/p/search/dtl/300162133000/?&cond2=1&cond200=1&&his=sa2,771-1504 徳島県阿波市土成町成当１２６４−５,34.1076997,134.3249589
林郵便局,https://map.japanpost.jp/p/search/dtl/300162123000/?&cond2=1&cond200=1&&his=sa2,771-1706 徳島県阿波市阿波町南整理９７−１,34.0730175,134.2026128
八幡郵便局,https://map.japanpost.jp/p/search/dtl/300162033000/?&cond2=1&cond200=1&&his=sa2,771-1625 徳島県阿波市市場町八幡町屋敷２９−１,34.0905708,134.3131158
吉野郵便局,https://map.japanpost.jp/p/search/dtl/300162080000/?&cond2=1&cond200=1&&his=sa2,771-1402 徳島県阿波市吉野町西条岡ノ川原１５８−１,34.0996533,134.3855486
藍住富吉郵便局,https://map.japanpost.jp/p/search/dtl/300162210000/?&cond2=1&cond200=1&&his=sa2,771-1231 徳島県板野郡藍住町富吉富吉３２−１,34.1324703,134.4857186
藍住富吉郵便局,https://map.japanpost.jp/p/search/dtl/300162210000/?&cond2=1&cond200=1&&his=sa2,771-1231 徳島県板野郡藍住町富吉富吉３２−１,34.1324703,134.4857186
藍住郵便局,https://map.japanpost.jp/p/search/dtl/300162032000/?&cond2=1&cond200=1&&his=sa2,771-1299 徳島県板野郡藍住町奥野和田６８−１,34.12061,134.4935853
勝瑞郵便局,https://map.japanpost.jp/p/search/dtl/300162165000/?&cond2=1&cond200=1&&his=sa2,771-1273 徳島県板野郡藍住町勝瑞東勝地３６８−４,34.1293403,134.5276256
板野郵便局,https://map.japanpost.jp/p/search/dtl/300162036000/?&cond2=1&cond200=1&&his=sa2,779-0199 徳島県板野郡板野町大寺泉口２３−３,34.1410992,134.4673319
板野郵便局,https://map.japanpost.jp/p/search/dtl/300162036000/?&cond2=1&cond200=1&&his=sa2,779-0199 徳島県板野郡板野町大寺泉口２３−３,34.1410992,134.4673319
川端郵便局,https://map.japanpost.jp/p/search/dtl/300162195000/?&cond2=1&cond200=1&&his=sa2,779-0102 徳島県板野郡板野町川端中坪４−１,34.1490375,134.4833611
栄郵便局,https://map.japanpost.jp/p/search/dtl/300162149000/?&cond2=1&cond200=1&&his=sa2,779-0118 徳島県板野郡板野町下庄栖養４５−４,34.1245147,134.4568197
羅漢郵便局,https://map.japanpost.jp/p/search/dtl/300162086000/?&cond2=1&cond200=1&&his=sa2,779-0114 徳島県板野郡板野町羅漢前田３６−５,34.1339244,134.4314331
上板郵便局,https://map.japanpost.jp/p/search/dtl/300162028000/?&cond2=1&cond200=1&&his=sa2,771-1399 徳島県板野郡上板町七條御宝１５−１２,34.12002,134.4023469
上板郵便局,https://map.japanpost.jp/p/search/dtl/300162028000/?&cond2=1&cond200=1&&his=sa2,771-1399 徳島県板野郡上板町七條御宝１５−１２,34.12002,134.4023469
神宅郵便局,https://map.japanpost.jp/p/search/dtl/300162170000/?&cond2=1&cond200=1&&his=sa2,771-1320 徳島県板野郡上板町神宅宮ノ北１６−８,34.13168,134.4144842
高志郵便局,https://map.japanpost.jp/p/search/dtl/300162139000/?&cond2=1&cond200=1&&his=sa2,771-1347 徳島県板野郡上板町高瀬４０４−１,34.1038692,134.4147903
北島郵便局,https://map.japanpost.jp/p/search/dtl/300162044000/?&cond2=1&cond200=1&&his=sa2,771-0299 徳島県板野郡北島町江尻柳池１６−４,34.1236883,134.5498481
北島郵便局,https://map.japanpost.jp/p/search/dtl/300162044000/?&cond2=1&cond200=1&&his=sa2,771-0299 徳島県板野郡北島町江尻柳池１６−４,34.1236883,134.5498481
北村郵便局,https://map.japanpost.jp/p/search/dtl/300162205000/?&cond2=1&cond200=1&&his=sa2,771-0202 徳島県板野郡北島町太郎八須五反地１２−２,34.1338817,134.5567617
新喜来簡易郵便局,https://map.japanpost.jp/p/search/dtl/300162741000/?&cond2=1&cond200=1&&his=sa2,771-0207 徳島県板野郡北島町新喜来砂原３５−１９,34.1315497,134.5399231
喜来簡易郵便局,https://map.japanpost.jp/p/search/dtl/300162732000/?&cond2=1&cond200=1&&his=sa2,771-0212 徳島県板野郡松茂町中喜来中須４０,34.1460528,134.5756814
喜来簡易郵便局,https://map.japanpost.jp/p/search/dtl/300162732000/?&cond2=1&cond200=1&&his=sa2,771-0212 徳島県板野郡松茂町中喜来中須４０,34.1460528,134.5756814
長原簡易郵便局,https://map.japanpost.jp/p/search/dtl/300162718000/?&cond2=1&cond200=1&&his=sa2,771-0216 徳島県板野郡松茂町長原５２５−４,34.1165875,134.6019358
松茂郵便局,https://map.japanpost.jp/p/search/dtl/300162134000/?&cond2=1&cond200=1&&his=sa2,771-0219 徳島県板野郡松茂町笹木野灘２−６,34.1333322,134.5814986
