0,1,2,Latitude,Longitude
今治郵便局,https://map.japanpost.jp/p/search/dtl/300161004000/?&cond2=1&cond200=1&&his=sa2,794-8799 愛媛県今治市旭町１−３−４,34.0644697,132.9995831
今治郵便局,https://map.japanpost.jp/p/search/dtl/300161004000/?&cond2=1&cond200=1&&his=sa2,794-8799 愛媛県今治市旭町１−３−４,34.0644697,132.9995831
朝倉郵便局,https://map.japanpost.jp/p/search/dtl/300161123000/?&cond2=1&cond200=1&&his=sa2,799-1603 愛媛県今治市朝倉下甲４６０−２,33.997785,133.0188353
甘崎郵便局,https://map.japanpost.jp/p/search/dtl/300161197000/?&cond2=1&cond200=1&&his=sa2,794-1403 愛媛県今治市上浦町甘崎２６２９,34.2376614,133.0510042
イオンモール今治新都市内郵便局,https://map.japanpost.jp/p/search/dtl/300161343000/?&cond2=1&cond200=1&&his=sa2,794-0068 愛媛県今治市にぎわい広場１-１,34.0424125,132.9614669
今治延喜郵便局,https://map.japanpost.jp/p/search/dtl/300161270000/?&cond2=1&cond200=1&&his=sa2,794-0084 愛媛県今治市延喜甲３８８−２,34.0648453,132.9581653
今治大浜郵便局,https://map.japanpost.jp/p/search/dtl/300161198000/?&cond2=1&cond200=1&&his=sa2,794-0002 愛媛県今治市大浜町２−１−４１,34.0980031,132.9838775
今治北日吉郵便局,https://map.japanpost.jp/p/search/dtl/300161305000/?&cond2=1&cond200=1&&his=sa2,794-0054 愛媛県今治市北日吉町１−１４−４,34.0650458,132.9911744
今治共栄郵便局,https://map.japanpost.jp/p/search/dtl/300161183000/?&cond2=1&cond200=1&&his=sa2,794-0024 愛媛県今治市共栄町４−３−１５,34.0706883,132.9982492
今治小泉郵便局,https://map.japanpost.jp/p/search/dtl/300161322000/?&cond2=1&cond200=1&&his=sa2,794-0064 愛媛県今治市小泉４−１２−１７,34.0477383,132.9802558
今治国分郵便局,https://map.japanpost.jp/p/search/dtl/300161315000/?&cond2=1&cond200=1&&his=sa2,799-1533 愛媛県今治市国分３−２−４１,34.0280178,133.0185075
今治蒼社郵便局,https://map.japanpost.jp/p/search/dtl/300161238000/?&cond2=1&cond200=1&&his=sa2,794-0058 愛媛県今治市蒼社町１−３−４６,34.0556625,132.9982853
今治近見郵便局,https://map.japanpost.jp/p/search/dtl/300161028000/?&cond2=1&cond200=1&&his=sa2,794-0004 愛媛県今治市鐘場町１−３−１,34.0847072,132.9902025
今治常盤町郵便局,https://map.japanpost.jp/p/search/dtl/300161196000/?&cond2=1&cond200=1&&his=sa2,794-0015 愛媛県今治市常盤町７−５−３９,34.0575114,132.9897536
今治鳥生郵便局,https://map.japanpost.jp/p/search/dtl/300161300000/?&cond2=1&cond200=1&&his=sa2,794-0802 愛媛県今治市南鳥生町２−１−３６,34.0539208,133.0099131
今治中寺郵便局,https://map.japanpost.jp/p/search/dtl/300161261000/?&cond2=1&cond200=1&&his=sa2,794-0840 愛媛県今治市中寺５３９,34.0386175,132.9907686
今治拝志郵便局,https://map.japanpost.jp/p/search/dtl/300161171000/?&cond2=1&cond200=1&&his=sa2,799-1504 愛媛県今治市拝志１１−２９,34.0412469,133.0246564
今治東門郵便局,https://map.japanpost.jp/p/search/dtl/300161312000/?&cond2=1&cond200=1&&his=sa2,794-0033 愛媛県今治市東門町１−７−４３,34.0638403,133.0100503
今治本町五郵便局,https://map.japanpost.jp/p/search/dtl/300161250000/?&cond2=1&cond200=1&&his=sa2,794-0018 愛媛県今治市本町６−４−２８,34.0763906,132.9964592
今治松本郵便局,https://map.japanpost.jp/p/search/dtl/300161200000/?&cond2=1&cond200=1&&his=sa2,794-0041 愛媛県今治市松本町３−４−１６,34.0603514,133.0037214
今治室屋町郵便局,https://map.japanpost.jp/p/search/dtl/300161221000/?&cond2=1&cond200=1&&his=sa2,794-0022 愛媛県今治市室屋町２−２−１,34.0685586,133.0012692
大下簡易郵便局,https://map.japanpost.jp/p/search/dtl/300161733000/?&cond2=1&cond200=1&&his=sa2,794-1103 愛媛県今治市関前大下甲６５−１,34.1885089,132.9229544
大西郵便局,https://map.japanpost.jp/p/search/dtl/300161075000/?&cond2=1&cond200=1&&his=sa2,799-2203 愛媛県今治市大西町新町甲３０７−１,34.0639725,132.9300531
大三島郵便局,https://map.japanpost.jp/p/search/dtl/300161029000/?&cond2=1&cond200=1&&his=sa2,794-1399 愛媛県今治市大三島町宮浦５１７０,34.2469042,132.9998122
小部郵便局,https://map.japanpost.jp/p/search/dtl/300161149000/?&cond2=1&cond200=1&&his=sa2,799-2103 愛媛県今治市波方町小部甲６２８,34.1052778,132.9306303
上浦郵便局,https://map.japanpost.jp/p/search/dtl/300161127000/?&cond2=1&cond200=1&&his=sa2,794-1402 愛媛県今治市上浦町井口６０１０−２,34.2623106,133.0348686
亀岡郵便局,https://map.japanpost.jp/p/search/dtl/300161151000/?&cond2=1&cond200=1&&his=sa2,799-2301 愛媛県今治市菊間町佐方２６４,34.0565025,132.878065
菊間郵便局,https://map.japanpost.jp/p/search/dtl/300161018000/?&cond2=1&cond200=1&&his=sa2,799-2399 愛媛県今治市菊間町浜４５０,34.0367989,132.8415083
口総郵便局,https://map.japanpost.jp/p/search/dtl/300161142000/?&cond2=1&cond200=1&&his=sa2,794-1308 愛媛県今治市大三島町浦戸２−７,34.2184939,132.9661058
盛簡易郵便局,https://map.japanpost.jp/p/search/dtl/300161717000/?&cond2=1&cond200=1&&his=sa2,794-1401 愛媛県今治市上浦町盛２６５０,34.291595,133.0258842
桜井郵便局,https://map.japanpost.jp/p/search/dtl/300161025000/?&cond2=1&cond200=1&&his=sa2,799-1599 愛媛県今治市桜井４−４−１０,34.0181503,133.041255
大南簡易郵便局,https://map.japanpost.jp/p/search/dtl/300161752000/?&cond2=1&cond200=1&&his=sa2,791-2132 愛媛県伊予郡砥部町大南５３２−２,33.7377725,132.7931478
大南簡易郵便局,https://map.japanpost.jp/p/search/dtl/300161752000/?&cond2=1&cond200=1&&his=sa2,791-2132 愛媛県伊予郡砥部町大南５３２−２,33.7377725,132.7931478
砥部団地簡易郵便局,https://map.japanpost.jp/p/search/dtl/300161780000/?&cond2=1&cond200=1&&his=sa2,791-2101 愛媛県伊予郡砥部町高尾田２４０−２,33.7849639,132.7944083
砥部郵便局,https://map.japanpost.jp/p/search/dtl/300161046000/?&cond2=1&cond200=1&&his=sa2,791-2120 愛媛県伊予郡砥部町宮内１４０４−７,33.7483181,132.7917639
原町郵便局,https://map.japanpost.jp/p/search/dtl/300161080000/?&cond2=1&cond200=1&&his=sa2,791-2116 愛媛県伊予郡砥部町原町１８２,33.7696464,132.7905258
広田郵便局,https://map.japanpost.jp/p/search/dtl/300161069000/?&cond2=1&cond200=1&&his=sa2,791-2205 愛媛県伊予郡砥部町総津６７９,33.6288689,132.7988761
エミフルＭＡＳＡＫＩ郵便局,https://map.japanpost.jp/p/search/dtl/300161341000/?&cond2=1&cond200=1&&his=sa2,791-3120 愛媛県伊予郡松前町筒井８５０（エミフルＭＡＳＡＫＩ１階）,33.7901497,132.7152214
エミフルＭＡＳＡＫＩ郵便局,https://map.japanpost.jp/p/search/dtl/300161341000/?&cond2=1&cond200=1&&his=sa2,791-3120 愛媛県伊予郡松前町筒井８５０（エミフルＭＡＳＡＫＩ１階）,33.7901497,132.7152214
岡田郵便局,https://map.japanpost.jp/p/search/dtl/300161259000/?&cond2=1&cond200=1&&his=sa2,791-3133 愛媛県伊予郡松前町昌農内３８０−３,33.8005864,132.7232353
北伊予郵便局,https://map.japanpost.jp/p/search/dtl/300161253000/?&cond2=1&cond200=1&&his=sa2,791-3162 愛媛県伊予郡松前町出作２２２,33.7875125,132.7497889
松前北黒田郵便局,https://map.japanpost.jp/p/search/dtl/300161333000/?&cond2=1&cond200=1&&his=sa2,791-3102 愛媛県伊予郡松前町北黒田５０３−３,33.7802625,132.7084819
松前郵便局,https://map.japanpost.jp/p/search/dtl/300161084000/?&cond2=1&cond200=1&&his=sa2,791-3120 愛媛県伊予郡松前町筒井３４７−１,33.790445,132.7057514
伊予郵便局,https://map.japanpost.jp/p/search/dtl/300161005000/?&cond2=1&cond200=1&&his=sa2,799-3199 愛媛県伊予市下三谷１７５０−１６,33.7711269,132.7167842
伊予郵便局,https://map.japanpost.jp/p/search/dtl/300161005000/?&cond2=1&cond200=1&&his=sa2,799-3199 愛媛県伊予市下三谷１７５０−１６,33.7711269,132.7167842
伊予市場郵便局,https://map.japanpost.jp/p/search/dtl/300161214000/?&cond2=1&cond200=1&&his=sa2,799-3123 愛媛県伊予市中村甲２４０−３,33.7377669,132.6972158
伊予上野郵便局,https://map.japanpost.jp/p/search/dtl/300161180000/?&cond2=1&cond200=1&&his=sa2,799-3103 愛媛県伊予市上野１２０７−１,33.7752003,132.7495161
伊予五色姫郵便局,https://map.japanpost.jp/p/search/dtl/300161277000/?&cond2=1&cond200=1&&his=sa2,799-3113 愛媛県伊予市米湊１６３３−８,33.7508047,132.6968753
伊予市役所内郵便局,https://map.japanpost.jp/p/search/dtl/300161287000/?&cond2=1&cond200=1&&his=sa2,799-3113 愛媛県伊予市米湊８２０,33.7574306,132.7037797
佐礼谷郵便局,https://map.japanpost.jp/p/search/dtl/300161182000/?&cond2=1&cond200=1&&his=sa2,791-3201 愛媛県伊予市中山町佐礼谷丙１０６９−２３,33.6808272,132.7134342
下灘郵便局,https://map.japanpost.jp/p/search/dtl/300161103000/?&cond2=1&cond200=1&&his=sa2,799-3312 愛媛県伊予市双海町串甲７５,33.6515786,132.5795367
鳥ノ木団地簡易郵便局,https://map.japanpost.jp/p/search/dtl/300161764000/?&cond2=1&cond200=1&&his=sa2,799-3111 愛媛県伊予市下吾川２３２−１８８,33.7688617,132.7134947
中山郵便局,https://map.japanpost.jp/p/search/dtl/300161051000/?&cond2=1&cond200=1&&his=sa2,791-3206 愛媛県伊予市中山町中山丑２６５−２,33.6452503,132.7105731
双海郵便局,https://map.japanpost.jp/p/search/dtl/300161024000/?&cond2=1&cond200=1&&his=sa2,799-3202 愛媛県伊予市双海町上灘甲５８３０−２,33.6874975,132.6388553
宇和島郵便局,https://map.japanpost.jp/p/search/dtl/300161002000/?&cond2=1&cond200=1&&his=sa2,798-8799 愛媛県宇和島市丸之内１−３−１２,33.2204958,132.565915
宇和島郵便局,https://map.japanpost.jp/p/search/dtl/300161002000/?&cond2=1&cond200=1&&his=sa2,798-8799 愛媛県宇和島市丸之内１−３−１２,33.2204958,132.565915
嵐郵便局,https://map.japanpost.jp/p/search/dtl/300161159000/?&cond2=1&cond200=1&&his=sa2,798-3344 愛媛県宇和島市津島町嵐２２５−２,33.0772189,132.4875817
宇和海郵便局,https://map.japanpost.jp/p/search/dtl/300161073000/?&cond2=1&cond200=1&&his=sa2,798-0299 愛媛県宇和島市蒋淵１４０８,33.1958114,132.4069314
宇和島朝日町郵便局,https://map.japanpost.jp/p/search/dtl/300161211000/?&cond2=1&cond200=1&&his=sa2,798-0004 愛媛県宇和島市朝日町１−３−２１,33.2265153,132.56234
宇和島愛宕町郵便局,https://map.japanpost.jp/p/search/dtl/300161176000/?&cond2=1&cond200=1&&his=sa2,798-0042 愛媛県宇和島市愛宕町２−１−１４,33.2168022,132.5711372
宇和島伊吹町郵便局,https://map.japanpost.jp/p/search/dtl/300161293000/?&cond2=1&cond200=1&&his=sa2,798-0025 愛媛県宇和島市伊吹町４７３−１,33.2347564,132.5761308
宇和島駅前郵便局,https://map.japanpost.jp/p/search/dtl/300161314000/?&cond2=1&cond200=1&&his=sa2,798-0034 愛媛県宇和島市錦町９−２,33.225055,132.5663614
宇和島大浦郵便局,https://map.japanpost.jp/p/search/dtl/300161302000/?&cond2=1&cond200=1&&his=sa2,798-0002 愛媛県宇和島市大浦甲２０８−７５,33.2379103,132.5527414
宇和島九島郵便局,https://map.japanpost.jp/p/search/dtl/300161243000/?&cond2=1&cond200=1&&his=sa2,798-0097 愛媛県宇和島市百之浦１３６２−４,33.2229169,132.5253075
宇和島石応郵便局,https://map.japanpost.jp/p/search/dtl/300161179000/?&cond2=1&cond200=1&&his=sa2,798-0091 愛媛県宇和島市石応１３３１,33.2135094,132.5170897
宇和島佐伯町郵便局,https://map.japanpost.jp/p/search/dtl/300161105000/?&cond2=1&cond200=1&&his=sa2,798-0064 愛媛県宇和島市佐伯町１−１−１１,33.2152661,132.5621594
宇和島高光郵便局,https://map.japanpost.jp/p/search/dtl/300161274000/?&cond2=1&cond200=1&&his=sa2,798-0020 愛媛県宇和島市高串２−１９７−３,33.256965,132.5727697
宇和島寄松郵便局,https://map.japanpost.jp/p/search/dtl/300161254000/?&cond2=1&cond200=1&&his=sa2,798-0075 愛媛県宇和島市川内甲９２３−３,33.2043528,132.5535414
宇和島和霊町郵便局,https://map.japanpost.jp/p/search/dtl/300161199000/?&cond2=1&cond200=1&&his=sa2,798-0016 愛媛県宇和島市和霊中町２−２−２２,33.2297644,132.5689319
奥南郵便局,https://map.japanpost.jp/p/search/dtl/300161115000/?&cond2=1&cond200=1&&his=sa2,799-3772 愛媛県宇和島市吉田町奥浦甲２１５,33.2742219,132.4862386
北灘郵便局,https://map.japanpost.jp/p/search/dtl/300161181000/?&cond2=1&cond200=1&&his=sa2,798-3361 愛媛県宇和島市津島町北灘甲１０４７−１,33.1419719,132.4794319
清満郵便局,https://map.japanpost.jp/p/search/dtl/300161110000/?&cond2=1&cond200=1&&his=sa2,798-3311 愛媛県宇和島市津島町岩渕甲１２６０−１,33.1239106,132.5493992
下波郵便局,https://map.japanpost.jp/p/search/dtl/300161273000/?&cond2=1&cond200=1&&his=sa2,798-0104 愛媛県宇和島市下波３１３９,33.1675578,132.4592117
立間郵便局,https://map.japanpost.jp/p/search/dtl/300161262000/?&cond2=1&cond200=1&&his=sa2,799-3730 愛媛県宇和島市吉田町立間２−２６４２−３,33.288635,132.5418175
津島郵便局,https://map.japanpost.jp/p/search/dtl/300161037000/?&cond2=1&cond200=1&&his=sa2,798-3399 愛媛県宇和島市津島町岩松甲５７６,33.1279994,132.5225869
戸島郵便局,https://map.japanpost.jp/p/search/dtl/300161204000/?&cond2=1&cond200=1&&his=sa2,798-0212 愛媛県宇和島市戸島２０６３,33.1984497,132.3601094
畑地郵便局,https://map.japanpost.jp/p/search/dtl/300161072000/?&cond2=1&cond200=1&&his=sa2,798-3323 愛媛県宇和島市津島町上畑地甲１１８−２,33.0878172,132.5151122
日振島郵便局,https://map.japanpost.jp/p/search/dtl/300161162000/?&cond2=1&cond200=1&&his=sa2,798-0099 愛媛県宇和島市日振島１７０２−１,33.1726336,132.2935642
二名郵便局,https://map.japanpost.jp/p/search/dtl/300161201000/?&cond2=1&cond200=1&&his=sa2,798-1136 愛媛県宇和島市三間町大内７５−１,33.2861931,132.643795
法花津郵便局,https://map.japanpost.jp/p/search/dtl/300161164000/?&cond2=1&cond200=1&&his=sa2,799-3742 愛媛県宇和島市吉田町法花津７−３６６−１,33.3177039,132.5203633
三浦郵便局,https://map.japanpost.jp/p/search/dtl/300161071000/?&cond2=1&cond200=1&&his=sa2,798-0102 愛媛県宇和島市三浦西１７０９−１８,33.1654667,132.4838594
御槇郵便局,https://map.japanpost.jp/p/search/dtl/300161140000/?&cond2=1&cond200=1&&his=sa2,798-3271 愛媛県宇和島市津島町御内６８８,33.0979258,132.62332
三間郵便局,https://map.japanpost.jp/p/search/dtl/300161052000/?&cond2=1&cond200=1&&his=sa2,798-1112 愛媛県宇和島市三間町宮野下８４７,33.2906339,132.6070581
遊子郵便局,https://map.japanpost.jp/p/search/dtl/300161186000/?&cond2=1&cond200=1&&his=sa2,798-0103 愛媛県宇和島市遊子３０３８,33.198335,132.4562133
吉田郵便局,https://map.japanpost.jp/p/search/dtl/300161014000/?&cond2=1&cond200=1&&his=sa2,799-3799 愛媛県宇和島市吉田町本町２９−２,33.2759619,132.5419403
大洲郵便局,https://map.japanpost.jp/p/search/dtl/300161003000/?&cond2=1&cond200=1&&his=sa2,795-8799 愛媛県大洲市大洲７２８−１,33.5080628,132.5425511
大洲郵便局,https://map.japanpost.jp/p/search/dtl/300161003000/?&cond2=1&cond200=1&&his=sa2,795-8799 愛媛県大洲市大洲７２８−１,33.5080628,132.5425511
出海郵便局,https://map.japanpost.jp/p/search/dtl/300161093000/?&cond2=1&cond200=1&&his=sa2,799-3455 愛媛県大洲市長浜町出海甲１２４８−１３,33.5596806,132.4344197
伊予長浜郵便局,https://map.japanpost.jp/p/search/dtl/300161016000/?&cond2=1&cond200=1&&his=sa2,799-3499 愛媛県大洲市長浜甲２８１−３,33.6117172,132.4810844
大川郵便局,https://map.japanpost.jp/p/search/dtl/300161074000/?&cond2=1&cond200=1&&his=sa2,795-0086 愛媛県大洲市成能乙３０−１,33.4858397,132.6374028
大洲上須戒郵便局,https://map.japanpost.jp/p/search/dtl/300161228000/?&cond2=1&cond200=1&&his=sa2,795-0032 愛媛県大洲市上須戒甲１２９０,33.5354258,132.5029264
大洲北只郵便局,https://map.japanpost.jp/p/search/dtl/300161271000/?&cond2=1&cond200=1&&his=sa2,795-0001 愛媛県大洲市北只７３−第５,33.4904897,132.5411597
大洲徳ノ森簡易郵便局,https://map.japanpost.jp/p/search/dtl/300161791000/?&cond2=1&cond200=1&&his=sa2,795-0061 愛媛県大洲市徳森２３５３−５,33.5247958,132.58708
大洲成能簡易郵便局,https://map.japanpost.jp/p/search/dtl/300161793000/?&cond2=1&cond200=1&&his=sa2,795-0086 愛媛県大洲市成能甲８９８−１,33.4880269,132.6641461
大洲平野郵便局,https://map.japanpost.jp/p/search/dtl/300161218000/?&cond2=1&cond200=1&&his=sa2,795-0021 愛媛県大洲市平野町野田１４２−１,33.4950075,132.5189397
大洲柳沢郵便局,https://map.japanpost.jp/p/search/dtl/300161230000/?&cond2=1&cond200=1&&his=sa2,795-0077 愛媛県大洲市柳沢甲７４２−３,33.5802533,132.5992856
大洲若宮郵便局,https://map.japanpost.jp/p/search/dtl/300161163000/?&cond2=1&cond200=1&&his=sa2,795-0063 愛媛県大洲市田口甲７−３,33.5163981,132.5465456
大谷簡易郵便局,https://map.japanpost.jp/p/search/dtl/300161773000/?&cond2=1&cond200=1&&his=sa2,797-1507 愛媛県大洲市肱川町大谷２９４５−１,33.4345658,132.6645914
河辺郵便局,https://map.japanpost.jp/p/search/dtl/300161147000/?&cond2=1&cond200=1&&his=sa2,797-1601 愛媛県大洲市河辺町植松７９２,33.4932225,132.7424797
喜多灘簡易郵便局,https://map.japanpost.jp/p/search/dtl/300161706000/?&cond2=1&cond200=1&&his=sa2,799-3411 愛媛県大洲市長浜町今坊甲１１２５−１,33.6319783,132.5210292
北平郵便局,https://map.japanpost.jp/p/search/dtl/300161078000/?&cond2=1&cond200=1&&his=sa2,797-1608 愛媛県大洲市河辺町北平７３１,33.5105478,132.7936825
櫛生郵便局,https://map.japanpost.jp/p/search/dtl/300161166000/?&cond2=1&cond200=1&&his=sa2,799-3452 愛媛県大洲市長浜町櫛生甲１７０−８,33.5730792,132.4434381
白滝郵便局,https://map.japanpost.jp/p/search/dtl/300161136000/?&cond2=1&cond200=1&&his=sa2,799-3431 愛媛県大洲市白滝甲２５−１,33.5781692,132.5291564
菅田郵便局,https://map.japanpost.jp/p/search/dtl/300161156000/?&cond2=1&cond200=1&&his=sa2,795-0081 愛媛県大洲市菅田町菅田甲７３０,33.5100506,132.5914636
田処簡易郵便局,https://map.japanpost.jp/p/search/dtl/300161760000/?&cond2=1&cond200=1&&his=sa2,795-0078 愛媛県大洲市田処甲７０４,33.6010311,132.5877333
豊茂郵便局,https://map.japanpost.jp/p/search/dtl/300161244000/?&cond2=1&cond200=1&&his=sa2,799-3464 愛媛県大洲市豊茂丁４６９−３,33.5631472,132.4715119
新谷郵便局,https://map.japanpost.jp/p/search/dtl/300161027000/?&cond2=1&cond200=1&&his=sa2,795-0073 愛媛県大洲市新谷町甲９４−３,33.5366314,132.5994036
八多喜郵便局,https://map.japanpost.jp/p/search/dtl/300161058000/?&cond2=1&cond200=1&&his=sa2,795-0041 愛媛県大洲市八多喜町甲３９,33.5622536,132.5431081
肱川郵便局,https://map.japanpost.jp/p/search/dtl/300161188000/?&cond2=1&cond200=1&&his=sa2,797-1599 愛媛県大洲市肱川町山鳥坂８０−２,33.4561722,132.6849969
予子林郵便局,https://map.japanpost.jp/p/search/dtl/300161047000/?&cond2=1&cond200=1&&his=sa2,797-1505 愛媛県大洲市肱川町予子林１８５３,33.4349758,132.7054292
生名郵便局,https://map.japanpost.jp/p/search/dtl/300161128000/?&cond2=1&cond200=1&&his=sa2,794-2550 愛媛県越智郡上島町生名５１７,34.2677997,133.1851186
生名郵便局,https://map.japanpost.jp/p/search/dtl/300161128000/?&cond2=1&cond200=1&&his=sa2,794-2550 愛媛県越智郡上島町生名５１７,34.2677997,133.1851186
岩城郵便局,https://map.japanpost.jp/p/search/dtl/300161089000/?&cond2=1&cond200=1&&his=sa2,794-2410 愛媛県越智郡上島町岩城１４６５,34.2470242,133.1479372
魚島郵便局,https://map.japanpost.jp/p/search/dtl/300161126000/?&cond2=1&cond200=1&&his=sa2,794-2540 愛媛県越智郡上島町魚島１−１３６２−１,34.1785786,133.3225908
上弓削簡易郵便局,https://map.japanpost.jp/p/search/dtl/300161779000/?&cond2=1&cond200=1&&his=sa2,794-2503 愛媛県越智郡上島町弓削上弓削４４９番地６,34.2747225,133.2111956
佐島簡易郵便局,https://map.japanpost.jp/p/search/dtl/300161721000/?&cond2=1&cond200=1&&his=sa2,794-2520 愛媛県越智郡上島町弓削佐島４７３,34.2530894,133.1885714
弓削郵便局,https://map.japanpost.jp/p/search/dtl/300161081000/?&cond2=1&cond200=1&&his=sa2,794-2599 愛媛県越智郡上島町弓削下弓削２４５,34.2572558,133.2054767
