0,1,2,Latitude,Longitude
足利郵便局,https://map.japanpost.jp/p/search/dtl/300107005000/?&cond2=1&cond200=1&&his=sa2,326-8799 栃木県足利市元学町８２２−１,36.3403183,139.4608056
足利郵便局,https://map.japanpost.jp/p/search/dtl/300107005000/?&cond2=1&cond200=1&&his=sa2,326-8799 栃木県足利市元学町８２２−１,36.3403183,139.4608056
足利朝倉郵便局,https://map.japanpost.jp/p/search/dtl/300107268000/?&cond2=1&cond200=1&&his=sa2,326-0823 栃木県足利市朝倉町３−９−２８,36.3200239,139.4429594
足利伊勢町郵便局,https://map.japanpost.jp/p/search/dtl/300107087000/?&cond2=1&cond200=1&&his=sa2,326-0053 栃木県足利市伊勢町３−４−１５,36.3336478,139.4547297
足利小俣郵便局,https://map.japanpost.jp/p/search/dtl/300107320000/?&cond2=1&cond200=1&&his=sa2,326-0141 栃木県足利市小俣町５７１−１４,36.3738458,139.3736228
足利勧農郵便局,https://map.japanpost.jp/p/search/dtl/300107257000/?&cond2=1&cond200=1&&his=sa2,326-0027 栃木県足利市宮北町７−１８,36.3242114,139.4728753
足利北郷郵便局,https://map.japanpost.jp/p/search/dtl/300107095000/?&cond2=1&cond200=1&&his=sa2,326-0006 栃木県足利市利保町３−１４−１１,36.3579581,139.4735997
足利毛野郵便局,https://map.japanpost.jp/p/search/dtl/300107171000/?&cond2=1&cond200=1&&his=sa2,326-0021 栃木県足利市山川町４２１−１,36.3221567,139.4851967
足利助戸郵便局,https://map.japanpost.jp/p/search/dtl/300107126000/?&cond2=1&cond200=1&&his=sa2,326-0044 栃木県足利市助戸２−４７５,36.3303653,139.4653872
足利田中郵便局,https://map.japanpost.jp/p/search/dtl/300107228000/?&cond2=1&cond200=1&&his=sa2,326-0822 栃木県足利市田中町８４９,36.3265878,139.4511994
足利筑波郵便局,https://map.japanpost.jp/p/search/dtl/300107150000/?&cond2=1&cond200=1&&his=sa2,326-0328 栃木県足利市県町１２０７−３,36.2838294,139.4648714
足利通三郵便局,https://map.japanpost.jp/p/search/dtl/300107245000/?&cond2=1&cond200=1&&his=sa2,326-0814 栃木県足利市通３−３５２０,36.3353256,139.4461817
足利通六郵便局,https://map.japanpost.jp/p/search/dtl/300107118000/?&cond2=1&cond200=1&&his=sa2,326-0816 栃木県足利市緑町１−３２４３,36.3387028,139.4395261
足利西郵便局,https://map.japanpost.jp/p/search/dtl/300107020000/?&cond2=1&cond200=1&&his=sa2,326-0199 栃木県足利市葉鹿町１−２５−７,36.3640719,139.3923664
足利葉鹿郵便局,https://map.japanpost.jp/p/search/dtl/300107138000/?&cond2=1&cond200=1&&his=sa2,326-0143 栃木県足利市葉鹿町３９８−２,36.3635494,139.3825064
足利本城郵便局,https://map.japanpost.jp/p/search/dtl/300107273000/?&cond2=1&cond200=1&&his=sa2,326-0808 栃木県足利市本城１−１７５０−１,36.3495494,139.4569936
足利松田郵便局,https://map.japanpost.jp/p/search/dtl/300107157000/?&cond2=1&cond200=1&&his=sa2,326-0101 栃木県足利市松田町４４３−２,36.3832872,139.4170944
足利三重郵便局,https://map.japanpost.jp/p/search/dtl/300107191000/?&cond2=1&cond200=1&&his=sa2,326-0843 栃木県足利市五十部町４４８−２,36.3430389,139.4227336
足利南大町郵便局,https://map.japanpost.jp/p/search/dtl/300107293000/?&cond2=1&cond200=1&&his=sa2,326-0836 栃木県足利市南大町３４８−１,36.3216956,139.4186347
足利山前郵便局,https://map.japanpost.jp/p/search/dtl/300107088000/?&cond2=1&cond200=1&&his=sa2,326-0845 栃木県足利市大前町５９８,36.3545369,139.4005547
足利八幡郵便局,https://map.japanpost.jp/p/search/dtl/300107159000/?&cond2=1&cond200=1&&his=sa2,326-0824 栃木県足利市八幡町８２５−１５,36.3275369,139.4368886
足利有楽町郵便局,https://map.japanpost.jp/p/search/dtl/300107156000/?&cond2=1&cond200=1&&his=sa2,326-0801 栃木県足利市有楽町８４０−３４,36.3413694,139.4565575
足利雪輪町郵便局,https://map.japanpost.jp/p/search/dtl/300107198000/?&cond2=1&cond200=1&&his=sa2,326-0804 栃木県足利市雪輪町２１３９−２,36.3394472,139.4491853
富田郵便局,https://map.japanpost.jp/p/search/dtl/300107084000/?&cond2=1&cond200=1&&his=sa2,329-4299 栃木県足利市迫間町７１９,36.3159803,139.5210161
名草郵便局,https://map.japanpost.jp/p/search/dtl/300107195000/?&cond2=1&cond200=1&&his=sa2,326-0002 栃木県足利市名草中町３６７８−４,36.3834981,139.4805569
福居郵便局,https://map.japanpost.jp/p/search/dtl/300107033000/?&cond2=1&cond200=1&&his=sa2,326-0399 栃木県足利市福居町６５４−１,36.3073067,139.4523386
梁田郵便局,https://map.japanpost.jp/p/search/dtl/300107085000/?&cond2=1&cond200=1&&his=sa2,326-0321 栃木県足利市梁田町６０−１,36.3033803,139.4892436
矢場川郵便局,https://map.japanpost.jp/p/search/dtl/300107236000/?&cond2=1&cond200=1&&his=sa2,326-0834 栃木県足利市新宿町１５５２−１,36.3046564,139.4274469
宇都宮中央郵便局,https://map.japanpost.jp/p/search/dtl/300107002000/?&cond2=1&cond200=1&&his=sa2,320-8799 栃木県宇都宮市中央本町４−１７,36.5578781,139.8848183
宇都宮中央郵便局,https://map.japanpost.jp/p/search/dtl/300107002000/?&cond2=1&cond200=1&&his=sa2,320-8799 栃木県宇都宮市中央本町４−１７,36.5578781,139.8848183
宇都宮東郵便局,https://map.japanpost.jp/p/search/dtl/300107303000/?&cond2=1&cond200=1&&his=sa2,321-8799 栃木県宇都宮市宿郷３−２０−２,36.5544264,139.9092306
石井郵便局,https://map.japanpost.jp/p/search/dtl/300107127000/?&cond2=1&cond200=1&&his=sa2,321-0912 栃木県宇都宮市石井町２４９０−１３,36.5435422,139.9443286
宇都宮泉が丘郵便局,https://map.japanpost.jp/p/search/dtl/300107226000/?&cond2=1&cond200=1&&his=sa2,321-0952 栃木県宇都宮市泉が丘２−６−１０,36.5607153,139.9174444
宇都宮今泉町郵便局,https://map.japanpost.jp/p/search/dtl/300107119000/?&cond2=1&cond200=1&&his=sa2,321-0966 栃木県宇都宮市今泉４−１５−２２,36.5638889,139.8982003
宇都宮今泉東郵便局,https://map.japanpost.jp/p/search/dtl/300107324000/?&cond2=1&cond200=1&&his=sa2,321-0968 栃木県宇都宮市中今泉３−２−９,36.5665111,139.9066642
宇都宮岩曾郵便局,https://map.japanpost.jp/p/search/dtl/300107291000/?&cond2=1&cond200=1&&his=sa2,321-0973 栃木県宇都宮市岩曽町１３５５−８２,36.5833428,139.9128592
宇都宮江曽島郵便局,https://map.japanpost.jp/p/search/dtl/300107266000/?&cond2=1&cond200=1&&his=sa2,321-0101 栃木県宇都宮市江曽島本町６−７,36.53123,139.8719961
宇都宮大曽郵便局,https://map.japanpost.jp/p/search/dtl/300107260000/?&cond2=1&cond200=1&&his=sa2,320-0013 栃木県宇都宮市上大曽町３９６−９,36.5756569,139.8899233
宇都宮岡台郵便局,https://map.japanpost.jp/p/search/dtl/300107248000/?&cond2=1&cond200=1&&his=sa2,321-0904 栃木県宇都宮市陽東７−２−１９,36.5491856,139.9281075
宇都宮小幡郵便局,https://map.japanpost.jp/p/search/dtl/300107101000/?&cond2=1&cond200=1&&his=sa2,320-0036 栃木県宇都宮市小幡１−１−２１,36.5621492,139.8766244
宇都宮上河原郵便局,https://map.japanpost.jp/p/search/dtl/300107102000/?&cond2=1&cond200=1&&his=sa2,320-0811 栃木県宇都宮市大通り２−４−９,36.5597947,139.8929378
宇都宮上横田簡易郵便局,https://map.japanpost.jp/p/search/dtl/300107726000/?&cond2=1&cond200=1&&his=sa2,321-0104 栃木県宇都宮市台新田１−１３−１１,36.5184128,139.8797817
宇都宮川向郵便局,https://map.japanpost.jp/p/search/dtl/300107115000/?&cond2=1&cond200=1&&his=sa2,321-0964 栃木県宇都宮市駅前通り３−９−１４,36.5572892,139.8957989
宇都宮清原工業団地内簡易郵便局,https://map.japanpost.jp/p/search/dtl/300107748000/?&cond2=1&cond200=1&&his=sa2,321-3231 栃木県宇都宮市清原工業団地１５−１,36.5470203,139.9839669
宇都宮清原台郵便局,https://map.japanpost.jp/p/search/dtl/300107308000/?&cond2=1&cond200=1&&his=sa2,321-3223 栃木県宇都宮市清原台５−２３−３０,36.5496547,139.99697
宇都宮越戸郵便局,https://map.japanpost.jp/p/search/dtl/300107279000/?&cond2=1&cond200=1&&his=sa2,321-0951 栃木県宇都宮市越戸４−７−１,36.5703553,139.9268669
宇都宮桜郵便局,https://map.japanpost.jp/p/search/dtl/300107185000/?&cond2=1&cond200=1&&his=sa2,320-0043 栃木県宇都宮市桜４−１−３７,36.5660172,139.8667089
宇都宮さつき団地郵便局,https://map.japanpost.jp/p/search/dtl/300107304000/?&cond2=1&cond200=1&&his=sa2,321-0141 栃木県宇都宮市さつき２−１８−１１,36.4852022,139.8615564
宇都宮三の沢郵便局,https://map.japanpost.jp/p/search/dtl/300107282000/?&cond2=1&cond200=1&&his=sa2,320-0851 栃木県宇都宮市鶴田町２１８６−１,36.56449,139.8566928
宇都宮下栗郵便局,https://map.japanpost.jp/p/search/dtl/300107272000/?&cond2=1&cond200=1&&his=sa2,321-0923 栃木県宇都宮市下栗町２３２１,36.5353367,139.9145008
宇都宮宿郷郵便局,https://map.japanpost.jp/p/search/dtl/300107232000/?&cond2=1&cond200=1&&his=sa2,321-0953 栃木県宇都宮市東宿郷２−３−８,36.5574481,139.9015592
宇都宮末広郵便局,https://map.japanpost.jp/p/search/dtl/300107243000/?&cond2=1&cond200=1&&his=sa2,321-0144 栃木県宇都宮市末広１−１−１８,36.4843025,139.8721556
宇都宮関堀郵便局,https://map.japanpost.jp/p/search/dtl/300107190000/?&cond2=1&cond200=1&&his=sa2,321-0975 栃木県宇都宮市関堀町３７３−４,36.5961431,139.8961583
宇都宮千手町郵便局,https://map.japanpost.jp/p/search/dtl/300107053000/?&cond2=1&cond200=1&&his=sa2,320-0026 栃木県宇都宮市馬場通り３−２−３,36.5608308,139.8874794
宇都宮宝木町郵便局,https://map.japanpost.jp/p/search/dtl/300107280000/?&cond2=1&cond200=1&&his=sa2,320-0061 栃木県宇都宮市宝木町１−３４−２９,36.5763006,139.8522922
宇都宮大学内郵便局,https://map.japanpost.jp/p/search/dtl/300107208000/?&cond2=1&cond200=1&&his=sa2,321-0943 栃木県宇都宮市峰町３５０,36.5507158,139.9151669
宇都宮戸祭郵便局,https://map.japanpost.jp/p/search/dtl/300107250000/?&cond2=1&cond200=1&&his=sa2,320-0056 栃木県宇都宮市戸祭４−１−１９,36.5739533,139.8644
宇都宮中河原郵便局,https://map.japanpost.jp/p/search/dtl/300107211000/?&cond2=1&cond200=1&&his=sa2,320-0823 栃木県宇都宮市御蔵町２−１５,36.5513622,139.8864661
宇都宮中戸祭郵便局,https://map.japanpost.jp/p/search/dtl/300107107000/?&cond2=1&cond200=1&&his=sa2,320-0057 栃木県宇都宮市中戸祭１−９−３１,36.5814606,139.8673081
大田原郵便局,https://map.japanpost.jp/p/search/dtl/300107004000/?&cond2=1&cond200=1&&his=sa2,324-8799 栃木県大田原市新富町１−９−８,36.8634894,140.0301553
大田原郵便局,https://map.japanpost.jp/p/search/dtl/300107004000/?&cond2=1&cond200=1&&his=sa2,324-8799 栃木県大田原市新富町１−９−８,36.8634894,140.0301553
市野沢郵便局,https://map.japanpost.jp/p/search/dtl/300107202000/?&cond2=1&cond200=1&&his=sa2,324-0006 栃木県大田原市市野沢７６７−４,36.9055689,140.0521992
大田原佐久山郵便局,https://map.japanpost.jp/p/search/dtl/300107024000/?&cond2=1&cond200=1&&his=sa2,324-0032 栃木県大田原市佐久山２２２６−８,36.8087753,140.0074683
大田原住吉郵便局,https://map.japanpost.jp/p/search/dtl/300107206000/?&cond2=1&cond200=1&&his=sa2,324-0057 栃木県大田原市住吉町２−１８−８,36.8717186,140.0198728
大田原中央一郵便局,https://map.japanpost.jp/p/search/dtl/300107275000/?&cond2=1&cond200=1&&his=sa2,324-0056 栃木県大田原市中央１−１０−５,36.8660561,140.0259719
大田原西原簡易郵便局,https://map.japanpost.jp/p/search/dtl/300107708000/?&cond2=1&cond200=1&&his=sa2,324-0047 栃木県大田原市美原１−１３−９,36.8579839,140.007805
大田原野崎郵便局,https://map.japanpost.jp/p/search/dtl/300107110000/?&cond2=1&cond200=1&&his=sa2,324-0038 栃木県大田原市野崎２−１１−１,36.8447036,139.9562136
金丸原郵便局,https://map.japanpost.jp/p/search/dtl/300107175000/?&cond2=1&cond200=1&&his=sa2,324-0011 栃木県大田原市北金丸１５７２−２,36.8688156,140.0796686
川上簡易郵便局,https://map.japanpost.jp/p/search/dtl/300107721000/?&cond2=1&cond200=1&&his=sa2,324-0214 栃木県大田原市川上１５２−１,36.8795556,140.2177939
黒羽須佐木郵便局,https://map.japanpost.jp/p/search/dtl/300107078000/?&cond2=1&cond200=1&&his=sa2,324-0212 栃木県大田原市須佐木２８２−４,36.8431544,140.1991961
黒羽前田郵便局,https://map.japanpost.jp/p/search/dtl/300107186000/?&cond2=1&cond200=1&&his=sa2,324-0234 栃木県大田原市前田１９５−２,36.869505,140.1256322
黒羽郵便局,https://map.japanpost.jp/p/search/dtl/300107015000/?&cond2=1&cond200=1&&his=sa2,324-0299 栃木県大田原市黒羽向町４５０−４,36.8617339,140.1139169
寒井簡易郵便局,https://map.japanpost.jp/p/search/dtl/300107713000/?&cond2=1&cond200=1&&his=sa2,324-0246 栃木県大田原市寒井７８７−２,36.9152083,140.1187153
佐良土郵便局,https://map.japanpost.jp/p/search/dtl/300107143000/?&cond2=1&cond200=1&&his=sa2,324-0499 栃木県大田原市佐良土１３９６−２,36.7930836,140.1223672
須賀川郵便局,https://map.japanpost.jp/p/search/dtl/300107183000/?&cond2=1&cond200=1&&his=sa2,324-0211 栃木県大田原市須賀川１８４３,36.8207186,140.2445769
親園郵便局,https://map.japanpost.jp/p/search/dtl/300107187000/?&cond2=1&cond200=1&&his=sa2,324-0043 栃木県大田原市浅香５−３７６９−１２,36.8367719,140.0157744
蛭田簡易郵便局,https://map.japanpost.jp/p/search/dtl/300107707000/?&cond2=1&cond200=1&&his=sa2,324-0412 栃木県大田原市蛭田１９８５−２３,36.8233447,140.0797814
福原郵便局,https://map.japanpost.jp/p/search/dtl/300107182000/?&cond2=1&cond200=1&&his=sa2,324-0024 栃木県大田原市福原３３１−２,36.8032294,140.0607133
両郷郵便局,https://map.japanpost.jp/p/search/dtl/300107148000/?&cond2=1&cond200=1&&his=sa2,324-0206 栃木県大田原市中野内６２９−４,36.9162339,140.1521461
小山郵便局,https://map.japanpost.jp/p/search/dtl/300107011000/?&cond2=1&cond200=1&&his=sa2,323-8799 栃木県小山市城東１−１３−１６,36.3092078,139.8151539
小山郵便局,https://map.japanpost.jp/p/search/dtl/300107011000/?&cond2=1&cond200=1&&his=sa2,323-8799 栃木県小山市城東１−１３−１６,36.3092078,139.8151539
小山雨ヶ谷新田郵便局,https://map.japanpost.jp/p/search/dtl/300107289000/?&cond2=1&cond200=1&&his=sa2,323-0824 栃木県小山市雨ケ谷新田３−１２,36.2887433,139.8181039
小山犬塚郵便局,https://map.japanpost.jp/p/search/dtl/300107235000/?&cond2=1&cond200=1&&his=sa2,323-0811 栃木県小山市犬塚５−１−３,36.3088453,139.8338214
小山駅東通郵便局,https://map.japanpost.jp/p/search/dtl/300107281000/?&cond2=1&cond200=1&&his=sa2,323-0022 栃木県小山市駅東通り３−３４−２５,36.3162569,139.8120425
小山乙女郵便局,https://map.japanpost.jp/p/search/dtl/300107278000/?&cond2=1&cond200=1&&his=sa2,329-0214 栃木県小山市乙女３−３０−１８,36.2562286,139.7590142
小山上生井郵便局,https://map.japanpost.jp/p/search/dtl/300107083000/?&cond2=1&cond200=1&&his=sa2,329-0222 栃木県小山市上生井６６７−１,36.2527706,139.7136444
小山下石塚郵便局,https://map.japanpost.jp/p/search/dtl/300107194000/?&cond2=1&cond200=1&&his=sa2,323-0064 栃木県小山市下石塚３８８−３,36.3149003,139.7746094
小山城南郵便局,https://map.japanpost.jp/p/search/dtl/300107092000/?&cond2=1&cond200=1&&his=sa2,323-0829 栃木県小山市東城南４−１−２０,36.2944903,139.8076606
小山中央二郵便局,https://map.japanpost.jp/p/search/dtl/300107299000/?&cond2=1&cond200=1&&his=sa2,323-0023 栃木県小山市中央町２−２−２０,36.3138647,139.8022128
小山天神郵便局,https://map.japanpost.jp/p/search/dtl/300107227000/?&cond2=1&cond200=1&&his=sa2,323-0032 栃木県小山市天神町１−９−１４,36.3060158,139.7996631
小山中里郵便局,https://map.japanpost.jp/p/search/dtl/300107210000/?&cond2=1&cond200=1&&his=sa2,329-0227 栃木県小山市中里８７４−１,36.2912244,139.734215
小山花垣郵便局,https://map.japanpost.jp/p/search/dtl/300107242000/?&cond2=1&cond200=1&&his=sa2,323-0027 栃木県小山市花垣町１−４−２７,36.3220861,139.8065678
小山羽川郵便局,https://map.japanpost.jp/p/search/dtl/300107189000/?&cond2=1&cond200=1&&his=sa2,323-0012 栃木県小山市羽川１４１−１４,36.3552722,139.82915
小山東野田郵便局,https://map.japanpost.jp/p/search/dtl/300107146000/?&cond2=1&cond200=1&&his=sa2,323-0817 栃木県小山市東野田７７５−１１,36.2519231,139.8062931
小山扶桑郵便局,https://map.japanpost.jp/p/search/dtl/300107297000/?&cond2=1&cond200=1&&his=sa2,323-0016 栃木県小山市扶桑２−３７−４,36.3555914,139.8180897
小山間々田三郵便局,https://map.japanpost.jp/p/search/dtl/300107269000/?&cond2=1&cond200=1&&his=sa2,329-0205 栃木県小山市間々田１１８８−１,36.2680169,139.7671486
卒島郵便局,https://map.japanpost.jp/p/search/dtl/300107094000/?&cond2=1&cond200=1&&his=sa2,323-0007 栃木県小山市松沼７０９−５,36.3467042,139.7695547
延島郵便局,https://map.japanpost.jp/p/search/dtl/300107065000/?&cond2=1&cond200=1&&his=sa2,323-0152 栃木県小山市延島２４４,36.34434,139.8933672
間々田郵便局,https://map.japanpost.jp/p/search/dtl/300107021000/?&cond2=1&cond200=1&&his=sa2,329-0299 栃木県小山市間々田７９１,36.2768442,139.7740997
南小林郵便局,https://map.japanpost.jp/p/search/dtl/300107047000/?&cond2=1&cond200=1&&his=sa2,323-0056 栃木県小山市上泉１８２−５,36.3191408,139.7407489
