0,1,2,Latitude,Longitude
芦北郵便局,https://map.japanpost.jp/p/search/dtl/300171006000/?&cond2=1&cond200=1&&his=sa2,869-5499 熊本県葦北郡芦北町佐敷２５５−１,32.3031447,130.5053494
芦北郵便局,https://map.japanpost.jp/p/search/dtl/300171006000/?&cond2=1&cond200=1&&his=sa2,869-5499 熊本県葦北郡芦北町佐敷２５５−１,32.3031447,130.5053494
海浦簡易郵便局,https://map.japanpost.jp/p/search/dtl/300171787000/?&cond2=1&cond200=1&&his=sa2,869-5304 熊本県葦北郡芦北町海浦３４４,32.3308461,130.4857131
小田浦簡易郵便局,https://map.japanpost.jp/p/search/dtl/300171807000/?&cond2=1&cond200=1&&his=sa2,869-5303 熊本県葦北郡芦北町小田浦１３６８−１,32.3504967,130.5056703
田浦郵便局,https://map.japanpost.jp/p/search/dtl/300171029000/?&cond2=1&cond200=1&&his=sa2,869-5399 熊本県葦北郡芦北町田浦８２３−６,32.3620467,130.51219
計石郵便局,https://map.japanpost.jp/p/search/dtl/300171318000/?&cond2=1&cond200=1&&his=sa2,869-5453 熊本県葦北郡芦北町計石４４７−１,32.3031631,130.4838319
肥後大野郵便局,https://map.japanpost.jp/p/search/dtl/300171108000/?&cond2=1&cond200=1&&his=sa2,869-6301 熊本県葦北郡芦北町天月１２６１−１０,32.2926364,130.5800806
女島簡易郵便局,https://map.japanpost.jp/p/search/dtl/300171827000/?&cond2=1&cond200=1&&his=sa2,869-5564 熊本県葦北郡芦北町女島８３４,32.2821311,130.4816475
湯浦郵便局,https://map.japanpost.jp/p/search/dtl/300171142000/?&cond2=1&cond200=1&&his=sa2,869-5599 熊本県葦北郡芦北町湯浦２７６−１,32.2711833,130.5018756
吉尾郵便局,https://map.japanpost.jp/p/search/dtl/300171199000/?&cond2=1&cond200=1&&his=sa2,869-6212 熊本県葦北郡芦北町吉尾４３４−２,32.3288164,130.5873778
津奈木郵便局,https://map.japanpost.jp/p/search/dtl/300171030000/?&cond2=1&cond200=1&&his=sa2,869-5603 熊本県葦北郡津奈木町岩城９−３,32.2321558,130.4533239
津奈木郵便局,https://map.japanpost.jp/p/search/dtl/300171030000/?&cond2=1&cond200=1&&his=sa2,869-5603 熊本県葦北郡津奈木町岩城９−３,32.2321558,130.4533239
平国簡易郵便局,https://map.japanpost.jp/p/search/dtl/300171824000/?&cond2=1&cond200=1&&his=sa2,869-5605 熊本県葦北郡津奈木町福浜４１２５,32.2713564,130.4515383
福浜簡易郵便局,https://map.japanpost.jp/p/search/dtl/300171885000/?&cond2=1&cond200=1&&his=sa2,869-5605 熊本県葦北郡津奈木町福浜１６５９,32.2542414,130.4361794
産山郵便局,https://map.japanpost.jp/p/search/dtl/300171202000/?&cond2=1&cond200=1&&his=sa2,869-2799 熊本県阿蘇郡産山村山鹿４９７−１−２,32.9961731,131.2164267
産山郵便局,https://map.japanpost.jp/p/search/dtl/300171202000/?&cond2=1&cond200=1&&his=sa2,869-2799 熊本県阿蘇郡産山村山鹿４９７−１−２,32.9961731,131.2164267
田尻簡易郵便局,https://map.japanpost.jp/p/search/dtl/300171751000/?&cond2=1&cond200=1&&his=sa2,869-2704 熊本県阿蘇郡産山村田尻５７６−３,33.0313956,131.1729072
小国郵便局,https://map.japanpost.jp/p/search/dtl/300171015000/?&cond2=1&cond200=1&&his=sa2,869-2599 熊本県阿蘇郡小国町宮原１５４９−４,33.1222919,131.06685
小国郵便局,https://map.japanpost.jp/p/search/dtl/300171015000/?&cond2=1&cond200=1&&his=sa2,869-2599 熊本県阿蘇郡小国町宮原１５４９−４,33.1222919,131.06685
上田簡易郵便局,https://map.japanpost.jp/p/search/dtl/300171814000/?&cond2=1&cond200=1&&his=sa2,869-2506 熊本県阿蘇郡小国町上田１７８,33.1090614,131.0933011
北里郵便局,https://map.japanpost.jp/p/search/dtl/300171269000/?&cond2=1&cond200=1&&his=sa2,869-2505 熊本県阿蘇郡小国町北里２４４２−１,33.1416089,131.0965494
黒渕簡易郵便局,https://map.japanpost.jp/p/search/dtl/300171724000/?&cond2=1&cond200=1&&his=sa2,869-2502 熊本県阿蘇郡小国町黒渕２８８８,33.1261806,131.0376689
杖立郵便局,https://map.japanpost.jp/p/search/dtl/300171209000/?&cond2=1&cond200=1&&his=sa2,869-2503 熊本県阿蘇郡小国町下城３３９９−１,33.1822431,131.0340025
草部郵便局,https://map.japanpost.jp/p/search/dtl/300171159000/?&cond2=1&cond200=1&&his=sa2,869-1899 熊本県阿蘇郡高森町草部１８５２−４,32.7915569,131.2140711
草部郵便局,https://map.japanpost.jp/p/search/dtl/300171159000/?&cond2=1&cond200=1&&his=sa2,869-1899 熊本県阿蘇郡高森町草部１８５２−４,32.7915569,131.2140711
色見郵便局,https://map.japanpost.jp/p/search/dtl/300171258000/?&cond2=1&cond200=1&&his=sa2,869-1601 熊本県阿蘇郡高森町上色見２６１４−４,32.8565578,131.1582742
高森郵便局,https://map.japanpost.jp/p/search/dtl/300171061000/?&cond2=1&cond200=1&&his=sa2,869-1699 熊本県阿蘇郡高森町高森１５９９−２,32.8189383,131.1261917
津留郵便局,https://map.japanpost.jp/p/search/dtl/300171079000/?&cond2=1&cond200=1&&his=sa2,869-1823 熊本県阿蘇郡高森町津留６６８−３,32.8292911,131.2632022
小森簡易郵便局,https://map.japanpost.jp/p/search/dtl/300171775000/?&cond2=1&cond200=1&&his=sa2,861-2402 熊本県阿蘇郡西原村小森３２６０−１０,32.8344031,130.9032242
小森簡易郵便局,https://map.japanpost.jp/p/search/dtl/300171775000/?&cond2=1&cond200=1&&his=sa2,861-2402 熊本県阿蘇郡西原村小森３２６０−１０,32.8344031,130.9032242
西原南簡易郵便局,https://map.japanpost.jp/p/search/dtl/300171895000/?&cond2=1&cond200=1&&his=sa2,861-2404 熊本県阿蘇郡西原村河原８５９−１,32.8155594,130.8890483
西原郵便局,https://map.japanpost.jp/p/search/dtl/300171116000/?&cond2=1&cond200=1&&his=sa2,861-2403 熊本県阿蘇郡西原村大字布田１００４−５,32.8364339,130.8780028
阿蘇久木野簡易郵便局,https://map.japanpost.jp/p/search/dtl/300171763000/?&cond2=1&cond200=1&&his=sa2,869-1411 熊本県阿蘇郡南阿蘇村河陰１４５−３,32.8219397,131.03163
阿蘇久木野簡易郵便局,https://map.japanpost.jp/p/search/dtl/300171763000/?&cond2=1&cond200=1&&his=sa2,869-1411 熊本県阿蘇郡南阿蘇村河陰１４５−３,32.8219397,131.03163
河陽郵便局,https://map.japanpost.jp/p/search/dtl/300171081000/?&cond2=1&cond200=1&&his=sa2,869-1499 熊本県阿蘇郡南阿蘇村河陽２９９０−２,32.8476458,131.0132389
立野郵便局,https://map.japanpost.jp/p/search/dtl/300171083000/?&cond2=1&cond200=1&&his=sa2,869-1401 熊本県阿蘇郡南阿蘇村立野１５２９−５,32.8797975,130.9694256
中松郵便局,https://map.japanpost.jp/p/search/dtl/300171345000/?&cond2=1&cond200=1&&his=sa2,869-1505 熊本県阿蘇郡南阿蘇村中松２４０−３,32.8286867,131.0503469
白水郵便局,https://map.japanpost.jp/p/search/dtl/300171025000/?&cond2=1&cond200=1&&his=sa2,869-1599 熊本県阿蘇郡南阿蘇村吉田１４４４−１,32.8240792,131.0809092
黒川簡易郵便局,https://map.japanpost.jp/p/search/dtl/300171717000/?&cond2=1&cond200=1&&his=sa2,869-2402 熊本県阿蘇郡南小国町満願寺６５９３−４,33.07806,131.14205
黒川簡易郵便局,https://map.japanpost.jp/p/search/dtl/300171717000/?&cond2=1&cond200=1&&his=sa2,869-2402 熊本県阿蘇郡南小国町満願寺６５９３−４,33.07806,131.14205
満願寺簡易郵便局,https://map.japanpost.jp/p/search/dtl/300171835000/?&cond2=1&cond200=1&&his=sa2,869-2402 熊本県阿蘇郡南小国町満願寺１８４９,33.0758947,131.0952492
南小国郵便局,https://map.japanpost.jp/p/search/dtl/300171106000/?&cond2=1&cond200=1&&his=sa2,869-2401 熊本県阿蘇郡南小国町赤馬場１９４３,33.0952019,131.0714717
和田簡易郵便局,https://map.japanpost.jp/p/search/dtl/300171810000/?&cond2=1&cond200=1&&his=sa2,869-2403 熊本県阿蘇郡南小国町中原１４−２,33.0829192,131.0519092
一の宮郵便局,https://map.japanpost.jp/p/search/dtl/300171024000/?&cond2=1&cond200=1&&his=sa2,869-2699 熊本県阿蘇市一の宮町宮地２３００,32.9404881,131.11772
一の宮郵便局,https://map.japanpost.jp/p/search/dtl/300171024000/?&cond2=1&cond200=1&&his=sa2,869-2699 熊本県阿蘇市一の宮町宮地２３００,32.9404881,131.11772
赤水郵便局,https://map.japanpost.jp/p/search/dtl/300171173000/?&cond2=1&cond200=1&&his=sa2,869-2232 熊本県阿蘇市赤水６９６−８,32.9130831,130.9938533
阿蘇西町簡易郵便局,https://map.japanpost.jp/p/search/dtl/300171857000/?&cond2=1&cond200=1&&his=sa2,869-2222 熊本県阿蘇市西町７６２−２,32.9393072,131.0989486
阿蘇郵便局,https://map.japanpost.jp/p/search/dtl/300171008000/?&cond2=1&cond200=1&&his=sa2,869-2399 熊本県阿蘇市内牧１８７−１,32.9741028,131.0419736
内牧駅前郵便局,https://map.japanpost.jp/p/search/dtl/300171239000/?&cond2=1&cond200=1&&his=sa2,869-2226 熊本県阿蘇市乙姫１６４−８,32.9435839,131.0431764
尾ヶ石郵便局,https://map.japanpost.jp/p/search/dtl/300171196000/?&cond2=1&cond200=1&&his=sa2,869-2235 熊本県阿蘇市狩尾１８２３−２,32.9509717,131.0113231
古城郵便局,https://map.japanpost.jp/p/search/dtl/300171334000/?&cond2=1&cond200=1&&his=sa2,869-2602 熊本県阿蘇市一の宮町三野２５９−２,32.9709458,131.1311969
坂梨郵便局,https://map.japanpost.jp/p/search/dtl/300171112000/?&cond2=1&cond200=1&&his=sa2,869-2611 熊本県阿蘇市一の宮町坂梨６１７−３,32.937935,131.1321111
笹倉簡易郵便局,https://map.japanpost.jp/p/search/dtl/300171828000/?&cond2=1&cond200=1&&his=sa2,869-2801 熊本県阿蘇市波野小地野１０６７ー１,32.9605758,131.2016761
波野郵便局,https://map.japanpost.jp/p/search/dtl/300171266000/?&cond2=1&cond200=1&&his=sa2,869-2899 熊本県阿蘇市波野滝水１４２−１,32.9330439,131.2319133
肥後山田郵便局,https://map.japanpost.jp/p/search/dtl/300171240000/?&cond2=1&cond200=1&&his=sa2,869-2314 熊本県阿蘇市小野田２７３−１,32.9690042,131.0905703
坊中郵便局,https://map.japanpost.jp/p/search/dtl/300171026000/?&cond2=1&cond200=1&&his=sa2,869-2299 熊本県阿蘇市黒川１５２８−２,32.9347403,131.0798536
役犬原簡易郵便局,https://map.japanpost.jp/p/search/dtl/300171721000/?&cond2=1&cond200=1&&his=sa2,869-2221 熊本県阿蘇市役犬原４１２−１,32.9513517,131.0972044
上津深江簡易郵便局,https://map.japanpost.jp/p/search/dtl/300171744000/?&cond2=1&cond200=1&&his=sa2,863-2502 熊本県天草郡苓北町上津深江４５３５−２,32.5233631,130.0809347
上津深江簡易郵便局,https://map.japanpost.jp/p/search/dtl/300171744000/?&cond2=1&cond200=1&&his=sa2,863-2502 熊本県天草郡苓北町上津深江４５３５−２,32.5233631,130.0809347
坂瀬川郵便局,https://map.japanpost.jp/p/search/dtl/300171136000/?&cond2=1&cond200=1&&his=sa2,863-2501 熊本県天草郡苓北町坂瀬川１−１,32.5281892,130.09084
富岡郵便局,https://map.japanpost.jp/p/search/dtl/300171031000/?&cond2=1&cond200=1&&his=sa2,863-2507 熊本県天草郡苓北町富岡２９６４−１,32.5177833,130.0365081
都呂々郵便局,https://map.japanpost.jp/p/search/dtl/300171164000/?&cond2=1&cond200=1&&his=sa2,863-2611 熊本県天草郡苓北町都呂々１２７６−１７,32.4683806,130.0379475
苓北郵便局,https://map.japanpost.jp/p/search/dtl/300171146000/?&cond2=1&cond200=1&&his=sa2,863-2599 熊本県天草郡苓北町志岐３７５−１,32.5124167,130.0548786
本渡郵便局,https://map.japanpost.jp/p/search/dtl/300171003000/?&cond2=1&cond200=1&&his=sa2,863-8799 熊本県天草市東浜町１−１９,32.4591239,130.1926436
本渡郵便局,https://map.japanpost.jp/p/search/dtl/300171003000/?&cond2=1&cond200=1&&his=sa2,863-8799 熊本県天草市東浜町１−１９,32.4591239,130.1926436
赤崎郵便局,https://map.japanpost.jp/p/search/dtl/300171126000/?&cond2=1&cond200=1&&his=sa2,861-7201 熊本県天草市有明町赤崎１８４１−１,32.5173294,130.3184739
浅海簡易郵便局,https://map.japanpost.jp/p/search/dtl/300171730000/?&cond2=1&cond200=1&&his=sa2,863-1511 熊本県天草市深海町３２７６,32.2443392,130.0810133
天草郵便局,https://map.japanpost.jp/p/search/dtl/300171072000/?&cond2=1&cond200=1&&his=sa2,863-2899 熊本県天草市天草町高浜南７２１−１,32.3744158,129.9969261
天附簡易郵便局,https://map.japanpost.jp/p/search/dtl/300171737000/?&cond2=1&cond200=1&&his=sa2,863-1901 熊本県天草市牛深町３３６９,32.1880253,130.0248936
嵐口郵便局,https://map.japanpost.jp/p/search/dtl/300171152000/?&cond2=1&cond200=1&&his=sa2,866-0313 熊本県天草市御所浦町御所浦２８８４−６,32.3510139,130.3559853
碇石簡易郵便局,https://map.japanpost.jp/p/search/dtl/300171736000/?&cond2=1&cond200=1&&his=sa2,863-1111 熊本県天草市新和町碇石１０２０−３,32.3632336,130.1501575
牛深須口簡易郵便局,https://map.japanpost.jp/p/search/dtl/300171880000/?&cond2=1&cond200=1&&his=sa2,863-1901 熊本県天草市牛深町１０９７−２,32.2030736,130.0105936
牛深船津郵便局,https://map.japanpost.jp/p/search/dtl/300171384000/?&cond2=1&cond200=1&&his=sa2,863-1901 熊本県天草市牛深町２５１１,32.1955081,130.0231767
牛深郵便局,https://map.japanpost.jp/p/search/dtl/300171013000/?&cond2=1&cond200=1&&his=sa2,863-1999 熊本県天草市牛深町１５５３−１２,32.1987192,130.0276767
内ノ原簡易郵便局,https://map.japanpost.jp/p/search/dtl/300171866000/?&cond2=1&cond200=1&&his=sa2,863-1902 熊本県天草市久玉町２７５,32.2434192,130.0518067
浦郵便局,https://map.japanpost.jp/p/search/dtl/300171165000/?&cond2=1&cond200=1&&his=sa2,861-6401 熊本県天草市倉岳町浦４８９１−１,32.4221272,130.3488272
大浦郵便局,https://map.japanpost.jp/p/search/dtl/300171048000/?&cond2=1&cond200=1&&his=sa2,861-7203 熊本県天草市有明町大浦１７３５−１,32.5217225,130.3596981
大江郵便局,https://map.japanpost.jp/p/search/dtl/300171139000/?&cond2=1&cond200=1&&his=sa2,863-2801 熊本県天草市天草町大江７５４０−１,32.3231936,129.9965131
大宮地簡易郵便局,https://map.japanpost.jp/p/search/dtl/300171726000/?&cond2=1&cond200=1&&his=sa2,863-0103 熊本県天草市新和町大宮地４５４０−１,32.3893181,130.1837917
鬼池郵便局,https://map.japanpost.jp/p/search/dtl/300171119000/?&cond2=1&cond200=1&&his=sa2,863-2331 熊本県天草市五和町鬼池１０４９−２,32.5474122,130.1847689
魚貫崎簡易郵便局,https://map.japanpost.jp/p/search/dtl/300171855000/?&cond2=1&cond200=1&&his=sa2,863-1721 熊本県天草市魚貫町５２０９−２,32.2459719,129.9824531
魚貫郵便局,https://map.japanpost.jp/p/search/dtl/300171082000/?&cond2=1&cond200=1&&his=sa2,863-1721 熊本県天草市魚貫町５５３６−５,32.2385347,130.0115644
亀場簡易郵便局,https://map.japanpost.jp/p/search/dtl/300171706000/?&cond2=1&cond200=1&&his=sa2,863-0043 熊本県天草市亀場町亀川１８１０−５,32.4444272,130.1981561
河浦郵便局,https://map.japanpost.jp/p/search/dtl/300171071000/?&cond2=1&cond200=1&&his=sa2,863-1299 熊本県天草市河浦町河浦４８３３−２,32.3307969,130.0760344
楠甫郵便局,https://map.japanpost.jp/p/search/dtl/300171166000/?&cond2=1&cond200=1&&his=sa2,861-7204 熊本県天草市有明町楠甫５４８−１,32.5006392,130.3710753
久玉郵便局,https://map.japanpost.jp/p/search/dtl/300171125000/?&cond2=1&cond200=1&&his=sa2,863-1902 熊本県天草市久玉町１３９２−６,32.2188428,130.0330956
倉岳郵便局,https://map.japanpost.jp/p/search/dtl/300171047000/?&cond2=1&cond200=1&&his=sa2,861-6403 熊本県天草市倉岳町宮田１１４６,32.3982481,130.3065531
上津浦郵便局,https://map.japanpost.jp/p/search/dtl/300171098000/?&cond2=1&cond200=1&&his=sa2,861-7399 熊本県天草市有明町上津浦１３０５−５,32.4926453,130.2953703
小宮地郵便局,https://map.japanpost.jp/p/search/dtl/300171184000/?&cond2=1&cond200=1&&his=sa2,863-0101 熊本県天草市新和町小宮地５６５−２,32.3636897,130.1829089
御所浦北簡易郵便局,https://map.japanpost.jp/p/search/dtl/300171704000/?&cond2=1&cond200=1&&his=sa2,866-0303 熊本県天草市御所浦町横浦８２１−２,32.3680556,130.3498286
御所浦郵便局,https://map.japanpost.jp/p/search/dtl/300171097000/?&cond2=1&cond200=1&&his=sa2,866-0399 熊本県天草市御所浦町御所浦３８５０−９,32.3388278,130.3393186
御領郵便局,https://map.japanpost.jp/p/search/dtl/300171074000/?&cond2=1&cond200=1&&his=sa2,863-2201 熊本県天草市五和町御領６４９５−４,32.5146219,130.1883636
佐伊津郵便局,https://map.japanpost.jp/p/search/dtl/300171137000/?&cond2=1&cond200=1&&his=sa2,863-2199 熊本県天草市旭町２,32.4934378,130.1927897
志柿本郷簡易郵便局,https://map.japanpost.jp/p/search/dtl/300171723000/?&cond2=1&cond200=1&&his=sa2,863-0041 熊本県天草市志柿町２７１５−２,32.4606489,130.2352131
荒尾郵便局,https://map.japanpost.jp/p/search/dtl/300171148000/?&cond2=1&cond200=1&&his=sa2,864-8799 熊本県荒尾市大正町２−１−１１,32.9986422,130.4345186
荒尾郵便局,https://map.japanpost.jp/p/search/dtl/300171148000/?&cond2=1&cond200=1&&his=sa2,864-8799 熊本県荒尾市大正町２−１−１１,32.9986422,130.4345186
荒尾打越郵便局,https://map.japanpost.jp/p/search/dtl/300171248000/?&cond2=1&cond200=1&&his=sa2,864-0041 熊本県荒尾市荒尾７１１−４,32.9812608,130.4320819
荒尾金山簡易郵便局,https://map.japanpost.jp/p/search/dtl/300171789000/?&cond2=1&cond200=1&&his=sa2,864-0162 熊本県荒尾市金山１３４７−２,32.9481519,130.5029819
荒尾宮内郵便局,https://map.japanpost.jp/p/search/dtl/300171274000/?&cond2=1&cond200=1&&his=sa2,864-0004 熊本県荒尾市宮内４７５−３,32.9848869,130.4466531
荒尾桜山郵便局,https://map.japanpost.jp/p/search/dtl/300171389000/?&cond2=1&cond200=1&&his=sa2,864-0022 熊本県荒尾市桜山町３−１１−１５,32.9653131,130.4570658
荒尾新生郵便局,https://map.japanpost.jp/p/search/dtl/300171349000/?&cond2=1&cond200=1&&his=sa2,864-0032 熊本県荒尾市増永２０００−８,32.9770119,130.4567464
荒尾万田郵便局,https://map.japanpost.jp/p/search/dtl/300171369000/?&cond2=1&cond200=1&&his=sa2,864-0002 熊本県荒尾市万田５３７−６,32.9991731,130.4407222
荒尾緑ヶ丘郵便局,https://map.japanpost.jp/p/search/dtl/300171336000/?&cond2=1&cond200=1&&his=sa2,864-0033 熊本県荒尾市緑ヶ丘２−３−１,32.9852833,130.4705147
荒尾四ツ山郵便局,https://map.japanpost.jp/p/search/dtl/300171310000/?&cond2=1&cond200=1&&his=sa2,864-0052 熊本県荒尾市四ツ山町３−７−３４,33.0039572,130.4314192
有明簡易郵便局,https://map.japanpost.jp/p/search/dtl/300171719000/?&cond2=1&cond200=1&&his=sa2,864-0021 熊本県荒尾市一部２０６−１,32.9640742,130.4355589
府本郵便局,https://map.japanpost.jp/p/search/dtl/300171035000/?&cond2=1&cond200=1&&his=sa2,864-0164 熊本県荒尾市八幡台２−９−５,32.9641658,130.4812333
大岳郵便局,https://map.japanpost.jp/p/search/dtl/300171299000/?&cond2=1&cond200=1&&his=sa2,869-3212 熊本県宇城市三角町手場２０１８−８,32.6253058,130.5561983
大岳郵便局,https://map.japanpost.jp/p/search/dtl/300171299000/?&cond2=1&cond200=1&&his=sa2,869-3212 熊本県宇城市三角町手場２０１８−８,32.6253058,130.5561983
小川駅前郵便局,https://map.japanpost.jp/p/search/dtl/300171219000/?&cond2=1&cond200=1&&his=sa2,869-0632 熊本県宇城市小川町南新田４３８−６,32.5990961,130.6966456
小川郵便局,https://map.japanpost.jp/p/search/dtl/300171060000/?&cond2=1&cond200=1&&his=sa2,869-0699 熊本県宇城市小川町西北小川３９８−１,32.5862872,130.7075733
小野部田簡易郵便局,https://map.japanpost.jp/p/search/dtl/300171756000/?&cond2=1&cond200=1&&his=sa2,869-0604 熊本県宇城市小川町北部田３１３−３,32.6046903,130.7199819
海東郵便局,https://map.japanpost.jp/p/search/dtl/300171193000/?&cond2=1&cond200=1&&his=sa2,869-0615 熊本県宇城市小川町西海東１３９５−１,32.5795906,130.7371036
亀尾郵便局,https://map.japanpost.jp/p/search/dtl/300171366000/?&cond2=1&cond200=1&&his=sa2,869-0561 熊本県宇城市不知火町亀松５４１−５,32.6453242,130.659095
郡浦郵便局,https://map.japanpost.jp/p/search/dtl/300171040000/?&cond2=1&cond200=1&&his=sa2,869-3202 熊本県宇城市三角町郡浦３４９−１,32.6237108,130.5329289
不知火御領簡易郵便局,https://map.japanpost.jp/p/search/dtl/300171818000/?&cond2=1&cond200=1&&his=sa2,869-0551 熊本県宇城市不知火町御領２５５−２,32.6618369,130.6718767
当尾郵便局,https://map.japanpost.jp/p/search/dtl/300171297000/?&cond2=1&cond200=1&&his=sa2,869-0511 熊本県宇城市松橋町曲野３９−６,32.6518578,130.6877178
戸馳郵便局,https://map.japanpost.jp/p/search/dtl/300171217000/?&cond2=1&cond200=1&&his=sa2,869-3203 熊本県宇城市三角町戸馳５２１５−１,32.6007806,130.4960711
豊川郵便局,https://map.japanpost.jp/p/search/dtl/300171353000/?&cond2=1&cond200=1&&his=sa2,869-0543 熊本県宇城市松橋町南豊崎７５２,32.6254067,130.6773781
豊野郵便局,https://map.japanpost.jp/p/search/dtl/300171037000/?&cond2=1&cond200=1&&his=sa2,861-4399 熊本県宇城市豊野町糸石３８９５−１,32.6416406,130.7478817
豊福郵便局,https://map.japanpost.jp/p/search/dtl/300171180000/?&cond2=1&cond200=1&&his=sa2,869-0533 熊本県宇城市松橋町両仲間７２６,32.6326514,130.7002592
松合郵便局,https://map.japanpost.jp/p/search/dtl/300171038000/?&cond2=1&cond200=1&&his=sa2,869-3472 熊本県宇城市不知火町松合１９８−３,32.6307244,130.6090872
松橋郵便局,https://map.japanpost.jp/p/search/dtl/300171022000/?&cond2=1&cond200=1&&his=sa2,869-0599 熊本県宇城市松橋町松橋９６４−１,32.6522078,130.6755906
三角西郵便局,https://map.japanpost.jp/p/search/dtl/300171039000/?&cond2=1&cond200=1&&his=sa2,869-3207 熊本県宇城市三角町三角浦１２６２−２,32.6233919,130.4551481
三角郵便局,https://map.japanpost.jp/p/search/dtl/300171124000/?&cond2=1&cond200=1&&his=sa2,869-3299 熊本県宇城市三角町三角浦１１６０−７１,32.6100464,130.4746633
網津郵便局,https://map.japanpost.jp/p/search/dtl/300171161000/?&cond2=1&cond200=1&&his=sa2,869-0401 熊本県宇土市住吉町２２１９−５,32.7014939,130.5949586
網津郵便局,https://map.japanpost.jp/p/search/dtl/300171161000/?&cond2=1&cond200=1&&his=sa2,869-0401 熊本県宇土市住吉町２２１９−５,32.7014939,130.5949586
宇土駅前郵便局,https://map.japanpost.jp/p/search/dtl/300171381000/?&cond2=1&cond200=1&&his=sa2,869-0407 熊本県宇土市松原町４６−３,32.6926539,130.6663178
宇土轟簡易郵便局,https://map.japanpost.jp/p/search/dtl/300171894000/?&cond2=1&cond200=1&&his=sa2,869-0424 熊本県宇土市神馬町８００−２,32.6763108,130.6454203
宇土郵便局,https://map.japanpost.jp/p/search/dtl/300171009000/?&cond2=1&cond200=1&&his=sa2,869-0499 熊本県宇土市浦田町２６−２,32.6867267,130.6592136
網田郵便局,https://map.japanpost.jp/p/search/dtl/300171041000/?&cond2=1&cond200=1&&his=sa2,869-3173 熊本県宇土市下網田町１８９０−１,32.6679733,130.5524286
長浜簡易郵便局,https://map.japanpost.jp/p/search/dtl/300171839000/?&cond2=1&cond200=1&&his=sa2,869-3171 熊本県宇土市長浜町２０４９−２,32.6932161,130.5628214
花園郵便局,https://map.japanpost.jp/p/search/dtl/300171312000/?&cond2=1&cond200=1&&his=sa2,869-0415 熊本県宇土市古保里町６８３,32.6762558,130.6815453
緑川郵便局,https://map.japanpost.jp/p/search/dtl/300171303000/?&cond2=1&cond200=1&&his=sa2,869-0463 熊本県宇土市野鶴町２３０−１,32.6942261,130.6317097
