0,1,2,Latitude,Longitude
加賀郵便局,https://map.japanpost.jp/p/search/dtl/300131004000/?&cond2=1&cond200=1&&his=sa2,922-8799 石川県加賀市大聖寺東町１−５,36.3046761,136.3182247
加賀郵便局,https://map.japanpost.jp/p/search/dtl/300131004000/?&cond2=1&cond200=1&&his=sa2,922-8799 石川県加賀市大聖寺東町１−５,36.3046761,136.3182247
動橋郵便局,https://map.japanpost.jp/p/search/dtl/300131035000/?&cond2=1&cond200=1&&his=sa2,922-0331 石川県加賀市動橋町イ２３１−１,36.3278067,136.3832314
加賀松が丘郵便局,https://map.japanpost.jp/p/search/dtl/300131245000/?&cond2=1&cond200=1&&his=sa2,922-0436 石川県加賀市松が丘１−１４−３,36.3237886,136.3430661
片山津郵便局,https://map.japanpost.jp/p/search/dtl/300131069000/?&cond2=1&cond200=1&&his=sa2,922-0412 石川県加賀市片山津温泉ウ１７−１,36.3424172,136.36899
河南郵便局,https://map.japanpost.jp/p/search/dtl/300131206000/?&cond2=1&cond200=1&&his=sa2,922-0103 石川県加賀市山中温泉長谷田町ロ４１９,36.2681544,136.3571083
塩屋郵便局,https://map.japanpost.jp/p/search/dtl/300131076000/?&cond2=1&cond200=1&&his=sa2,922-0673 石川県加賀市塩屋町イ１８,36.2950011,136.252415
大聖寺聖南通郵便局,https://map.japanpost.jp/p/search/dtl/300131187000/?&cond2=1&cond200=1&&his=sa2,922-0044 石川県加賀市大聖寺東横町６７−６,36.3031372,136.3109914
大聖寺菅生郵便局,https://map.japanpost.jp/p/search/dtl/300131077000/?&cond2=1&cond200=1&&his=sa2,922-0814 石川県加賀市大聖寺菅生町３３−１,36.306865,136.3196219
大聖寺中央通郵便局,https://map.japanpost.jp/p/search/dtl/300131191000/?&cond2=1&cond200=1&&his=sa2,922-0027 石川県加賀市大聖寺耳聞山町９９−１,36.3082344,136.3157414
勅使郵便局,https://map.japanpost.jp/p/search/dtl/300131155000/?&cond2=1&cond200=1&&his=sa2,922-0313 石川県加賀市勅使町ヲ８２,36.3024678,136.3914558
塚谷郵便局,https://map.japanpost.jp/p/search/dtl/300131253000/?&cond2=1&cond200=1&&his=sa2,922-0111 石川県加賀市山中温泉塚谷町１−３３−１,36.2609419,136.3676822
橋立郵便局,https://map.japanpost.jp/p/search/dtl/300131053000/?&cond2=1&cond200=1&&his=sa2,922-0554 石川県加賀市橋立町イ甲１−２,36.3516072,136.3113319
山代桔梗ケ丘郵便局,https://map.japanpost.jp/p/search/dtl/300131242000/?&cond2=1&cond200=1&&his=sa2,922-0257 石川県加賀市山代温泉桔梗丘４−８,36.2830078,136.3561719
山代郵便局,https://map.japanpost.jp/p/search/dtl/300131039000/?&cond2=1&cond200=1&&his=sa2,922-0299 石川県加賀市山代温泉ヨ−２９,36.289065,136.3590467
山中郵便局,https://map.japanpost.jp/p/search/dtl/300131015000/?&cond2=1&cond200=1&&his=sa2,922-0199 石川県加賀市山中温泉本町二丁目ソ２２,36.2472044,136.3744814
鹿島郵便局,https://map.japanpost.jp/p/search/dtl/300131028000/?&cond2=1&cond200=1&&his=sa2,929-1811 石川県鹿島郡中能登町二宮ハ１３３−１,36.9748208,136.9253344
鹿島郵便局,https://map.japanpost.jp/p/search/dtl/300131028000/?&cond2=1&cond200=1&&his=sa2,929-1811 石川県鹿島郡中能登町二宮ハ１３３−１,36.9748208,136.9253344
金丸郵便局,https://map.japanpost.jp/p/search/dtl/300131098000/?&cond2=1&cond200=1&&his=sa2,929-1621 石川県鹿島郡中能登町金丸又れ部３６−１,36.9442733,136.8360431
滝尾郵便局,https://map.japanpost.jp/p/search/dtl/300131180000/?&cond2=1&cond200=1&&his=sa2,929-1722 石川県鹿島郡中能登町小竹ロ部７１,36.9580219,136.9017078
御祖郵便局,https://map.japanpost.jp/p/search/dtl/300131087000/?&cond2=1&cond200=1&&his=sa2,929-1635 石川県鹿島郡中能登町高畠井部５,36.9379489,136.8730558
良川郵便局,https://map.japanpost.jp/p/search/dtl/300131107000/?&cond2=1&cond200=1&&his=sa2,929-1799 石川県鹿島郡中能登町良川よ部６１−１,36.9780725,136.8972575
鹿西郵便局,https://map.japanpost.jp/p/search/dtl/300131054000/?&cond2=1&cond200=1&&his=sa2,929-1699 石川県鹿島郡中能登町能登部下１０１部２,36.9646339,136.8687172
金沢中央郵便局,https://map.japanpost.jp/p/search/dtl/300131001000/?&cond2=1&cond200=1&&his=sa2,920-8799 石川県金沢市三社町１−１,36.5713308,136.6455014
金沢中央郵便局,https://map.japanpost.jp/p/search/dtl/300131001000/?&cond2=1&cond200=1&&his=sa2,920-8799 石川県金沢市三社町１−１,36.5713308,136.6455014
粟崎郵便局,https://map.japanpost.jp/p/search/dtl/300131047000/?&cond2=1&cond200=1&&his=sa2,920-0299 石川県金沢市粟崎町２−３８３−２,36.6273208,136.6286914
金沢南郵便局,https://map.japanpost.jp/p/search/dtl/300131186000/?&cond2=1&cond200=1&&his=sa2,921-8797 石川県金沢市泉野町６−１７−１,36.5425794,136.6490353
浅川郵便局,https://map.japanpost.jp/p/search/dtl/300131110000/?&cond2=1&cond200=1&&his=sa2,920-1156 石川県金沢市田上の里１−９７,36.5439633,136.6915628
石川県庁内郵便局,https://map.japanpost.jp/p/search/dtl/300131269000/?&cond2=1&cond200=1&&his=sa2,920-8203 石川県金沢市鞍月１−１（石川県庁庁舎２階）,36.5946217,136.6256897
石川県立中央病院内簡易郵便局,https://map.japanpost.jp/p/search/dtl/300131781000/?&cond2=1&cond200=1&&his=sa2,920-8201 石川県金沢市鞍月東２−１,36.5967867,136.6296744
金石郵便局,https://map.japanpost.jp/p/search/dtl/300131005000/?&cond2=1&cond200=1&&his=sa2,920-0339 石川県金沢市木曳野１−２１４,36.6014906,136.6024286
金沢旭町簡易郵便局,https://map.japanpost.jp/p/search/dtl/300131787000/?&cond2=1&cond200=1&&his=sa2,920-0941 石川県金沢市旭町２−８−４５,36.5542836,136.6822522
金沢芦中郵便局,https://map.japanpost.jp/p/search/dtl/300131060000/?&cond2=1&cond200=1&&his=sa2,921-8036 石川県金沢市弥生１−３１−３２,36.55002,136.6445469
金沢有松郵便局,https://map.japanpost.jp/p/search/dtl/300131210000/?&cond2=1&cond200=1&&his=sa2,921-8161 石川県金沢市有松3-6-20,36.5389792,136.6396808
金沢石引郵便局,https://map.japanpost.jp/p/search/dtl/300131019000/?&cond2=1&cond200=1&&his=sa2,920-0935 石川県金沢市石引１−１−６６,36.5564611,136.6694839
金沢泉丘郵便局,https://map.japanpost.jp/p/search/dtl/300131260000/?&cond2=1&cond200=1&&his=sa2,921-8116 石川県金沢市泉野出町４−１４−１６,36.5356222,136.6531269
金沢泉野町郵便局,https://map.japanpost.jp/p/search/dtl/300131215000/?&cond2=1&cond200=1&&his=sa2,921-8034 石川県金沢市泉野町６−１−３,36.5440572,136.6521381
金沢駅内郵便局,https://map.japanpost.jp/p/search/dtl/300131266000/?&cond2=1&cond200=1&&his=sa2,920-0858 石川県金沢市木ノ新保町１−１（ＪＲ金沢駅あんと内）,36.5775403,136.6473683
金沢駅前郵便局,https://map.japanpost.jp/p/search/dtl/300131102000/?&cond2=1&cond200=1&&his=sa2,920-0852 石川県金沢市此花町５−６（金沢第１ビル１階）,36.5772672,136.65087
金沢円光寺町郵便局,https://map.japanpost.jp/p/search/dtl/300131209000/?&cond2=1&cond200=1&&his=sa2,921-8173 石川県金沢市円光寺３−１１−４０,36.5324942,136.6450003
金沢扇町郵便局,https://map.japanpost.jp/p/search/dtl/300131059000/?&cond2=1&cond200=1&&his=sa2,920-0927 石川県金沢市扇町１５−７,36.5635325,136.6685503
金沢近江町郵便局,https://map.japanpost.jp/p/search/dtl/300131163000/?&cond2=1&cond200=1&&his=sa2,920-0902 石川県金沢市尾張町１−１−１,36.5708942,136.6588686
金沢大野郵便局,https://map.japanpost.jp/p/search/dtl/300131070000/?&cond2=1&cond200=1&&his=sa2,920-0331 石川県金沢市大野町４丁目ワ２３−８,36.6102472,136.6049394
金沢尾張町郵便局,https://map.japanpost.jp/p/search/dtl/300131017000/?&cond2=1&cond200=1&&his=sa2,920-0902 石川県金沢市尾張町２−１３−１,36.5711647,136.6635997
金沢笠市郵便局,https://map.japanpost.jp/p/search/dtl/300131052000/?&cond2=1&cond200=1&&his=sa2,920-0851 石川県金沢市笠市町２−３４,36.5779853,136.6554669
金沢笠舞郵便局,https://map.japanpost.jp/p/search/dtl/300131213000/?&cond2=1&cond200=1&&his=sa2,920-0965 石川県金沢市笠舞２−１−２６,36.5503564,136.6687592
金沢金石西郵便局,https://map.japanpost.jp/p/search/dtl/300131234000/?&cond2=1&cond200=1&&his=sa2,920-0316 石川県金沢市金石通町２−１５,36.6040892,136.5946406
金沢上荒屋郵便局,https://map.japanpost.jp/p/search/dtl/300131232000/?&cond2=1&cond200=1&&his=sa2,921-8065 石川県金沢市上荒屋２−２６−１,36.5527583,136.59414
金沢菊川郵便局,https://map.japanpost.jp/p/search/dtl/300131117000/?&cond2=1&cond200=1&&his=sa2,920-0967 石川県金沢市菊川１−１８−２１,36.5515536,136.6627869
金沢木越郵便局,https://map.japanpost.jp/p/search/dtl/300131131000/?&cond2=1&cond200=1&&his=sa2,920-0202 石川県金沢市木越１−１５０,36.6189114,136.6678039
金沢香林坊郵便局,https://map.japanpost.jp/p/search/dtl/300131014000/?&cond2=1&cond200=1&&his=sa2,920-0981 石川県金沢市片町２−１−３,36.5617181,136.6532067
金沢小立野郵便局,https://map.japanpost.jp/p/search/dtl/300131175000/?&cond2=1&cond200=1&&his=sa2,920-0942 石川県金沢市小立野３−１１−１３,36.5516636,136.6744825
金沢湖南簡易郵便局,https://map.japanpost.jp/p/search/dtl/300131727000/?&cond2=1&cond200=1&&his=sa2,920-3103 石川県金沢市湖陽２−１２７,36.6277683,136.6866631
金沢小橋郵便局,https://map.japanpost.jp/p/search/dtl/300131151000/?&cond2=1&cond200=1&&his=sa2,920-0901 石川県金沢市彦三町１−１１−６,36.5758869,136.6603747
内灘向陽台郵便局,https://map.japanpost.jp/p/search/dtl/300131249000/?&cond2=1&cond200=1&&his=sa2,920-0272 石川県河北郡内灘町向陽台１−１４２−４,36.6368828,136.6354353
内灘向陽台郵便局,https://map.japanpost.jp/p/search/dtl/300131249000/?&cond2=1&cond200=1&&his=sa2,920-0272 石川県河北郡内灘町向陽台１−１４２−４,36.6368828,136.6354353
内灘郵便局,https://map.japanpost.jp/p/search/dtl/300131142000/?&cond2=1&cond200=1&&his=sa2,920-0266 石川県河北郡内灘町大根布１−２７１−３,36.6463714,136.6463497
金沢医科大学病院内簡易郵便局,https://map.japanpost.jp/p/search/dtl/300131790000/?&cond2=1&cond200=1&&his=sa2,920-0265 石川県河北郡内灘町大学１−１,36.6576444,136.6466644
鶴ケ丘郵便局,https://map.japanpost.jp/p/search/dtl/300131228000/?&cond2=1&cond200=1&&his=sa2,920-0271 石川県河北郡内灘町鶴ケ丘５−１−１７７,36.6463428,136.6413797
西荒屋簡易郵便局,https://map.japanpost.jp/p/search/dtl/300131767000/?&cond2=1&cond200=1&&his=sa2,920-0262 石川県河北郡内灘町西荒屋ハ７７−２６,36.6843769,136.6734614
英田郵便局,https://map.japanpost.jp/p/search/dtl/300131147000/?&cond2=1&cond200=1&&his=sa2,929-0319 石川県河北郡津幡町能瀬井７４−３,36.6942567,136.7248269
英田郵便局,https://map.japanpost.jp/p/search/dtl/300131147000/?&cond2=1&cond200=1&&his=sa2,929-0319 石川県河北郡津幡町能瀬井７４−３,36.6942567,136.7248269
河合谷簡易郵便局,https://map.japanpost.jp/p/search/dtl/300131811000/?&cond2=1&cond200=1&&his=sa2,929-0305 石川県河北郡津幡町下河合チ５５,36.7383011,136.7911144
倶利伽羅郵便局,https://map.japanpost.jp/p/search/dtl/300131113000/?&cond2=1&cond200=1&&his=sa2,929-0426 石川県河北郡津幡町竹橋西２３４−５,36.6624244,136.7672819
津幡駅前郵便局,https://map.japanpost.jp/p/search/dtl/300131201000/?&cond2=1&cond200=1&&his=sa2,929-0342 石川県河北郡津幡町北中条ラ２７−７,36.6582297,136.7297636
津幡郵便局,https://map.japanpost.jp/p/search/dtl/300131009000/?&cond2=1&cond200=1&&his=sa2,929-0399 石川県河北郡津幡町加賀爪ハ３０−１,36.6704586,136.7306189
宇野気郵便局,https://map.japanpost.jp/p/search/dtl/300131093000/?&cond2=1&cond200=1&&his=sa2,929-1125 石川県かほく市宇野気ニ１１４−２,36.7205886,136.7065597
宇野気郵便局,https://map.japanpost.jp/p/search/dtl/300131093000/?&cond2=1&cond200=1&&his=sa2,929-1125 石川県かほく市宇野気ニ１１４−２,36.7205886,136.7065597
木津郵便局,https://map.japanpost.jp/p/search/dtl/300131086000/?&cond2=1&cond200=1&&his=sa2,929-1171 石川県かほく市木津ニ１５８,36.747985,136.7046728
外日角郵便局,https://map.japanpost.jp/p/search/dtl/300131184000/?&cond2=1&cond200=1&&his=sa2,929-1176 石川県かほく市外日角へ７,36.7234658,136.6909389
高松郵便局,https://map.japanpost.jp/p/search/dtl/300131026000/?&cond2=1&cond200=1&&his=sa2,929-1299 石川県かほく市高松ク１−１,36.7698494,136.7252419
二ツ屋郵便局,https://map.japanpost.jp/p/search/dtl/300131057000/?&cond2=1&cond200=1&&his=sa2,929-1211 石川県かほく市二ツ屋レ１８−１,36.7861056,136.7411906
小松郵便局,https://map.japanpost.jp/p/search/dtl/300131002000/?&cond2=1&cond200=1&&his=sa2,923-8799 石川県小松市園町ハ１２８−１,36.4056786,136.4585322
小松郵便局,https://map.japanpost.jp/p/search/dtl/300131002000/?&cond2=1&cond200=1&&his=sa2,923-8799 石川県小松市園町ハ１２８−１,36.4056786,136.4585322
安宅郵便局,https://map.japanpost.jp/p/search/dtl/300131043000/?&cond2=1&cond200=1&&his=sa2,923-0003 石川県小松市安宅町ワ１０３−１,36.4210675,136.4226369
粟津駅前郵便局,https://map.japanpost.jp/p/search/dtl/300131174000/?&cond2=1&cond200=1&&his=sa2,923-0305 石川県小松市蓑輪町ロ８９−６,36.3544986,136.4263619
粟津郵便局,https://map.japanpost.jp/p/search/dtl/300131036000/?&cond2=1&cond200=1&&his=sa2,923-0321 石川県小松市白山田町イ３８,36.3348264,136.4460014
イオンモール新小松内郵便局,https://map.japanpost.jp/p/search/dtl/300131271000/?&cond2=1&cond200=1&&his=sa2,923-0862 石川県小松市清六町315番地,36.3953206,136.4680786
金野郵便局,https://map.japanpost.jp/p/search/dtl/300131092000/?&cond2=1&cond200=1&&his=sa2,923-0153 石川県小松市金平町ツ１２,36.3572389,136.4968836
木場簡易郵便局,https://map.japanpost.jp/p/search/dtl/300131765000/?&cond2=1&cond200=1&&his=sa2,923-0311 石川県小松市木場町イ１３２,36.3587706,136.4467783
国府郵便局,https://map.japanpost.jp/p/search/dtl/300131118000/?&cond2=1&cond200=1&&his=sa2,923-0053 石川県小松市河田町ヌ３９−５,36.4167236,136.5096661
小松今江郵便局,https://map.japanpost.jp/p/search/dtl/300131085000/?&cond2=1&cond200=1&&his=sa2,923-0964 石川県小松市今江町１−２３０,36.3830247,136.437045
小松浮柳郵便局,https://map.japanpost.jp/p/search/dtl/300131127000/?&cond2=1&cond200=1&&his=sa2,923-0993 石川県小松市浮柳町丙７,36.4077906,136.4229181
小松打越郵便局,https://map.japanpost.jp/p/search/dtl/300131159000/?&cond2=1&cond200=1&&his=sa2,923-0831 石川県小松市打越町甲８０−１,36.3981056,136.4748467
小松駅前郵便局,https://map.japanpost.jp/p/search/dtl/300131179000/?&cond2=1&cond200=1&&his=sa2,923-0921 石川県小松市土居原町１８２−１,36.4023081,136.4514603
小松大川郵便局,https://map.japanpost.jp/p/search/dtl/300131078000/?&cond2=1&cond200=1&&his=sa2,923-0911 石川県小松市大川町３−８,36.4135961,136.4503069
小松軽海郵便局,https://map.japanpost.jp/p/search/dtl/300131236000/?&cond2=1&cond200=1&&his=sa2,923-0825 石川県小松市西軽海町１−１０８,36.3966867,136.5001986
小松白江町郵便局,https://map.japanpost.jp/p/search/dtl/300131224000/?&cond2=1&cond200=1&&his=sa2,923-0811 石川県小松市白江町ヲ５８−１,36.4134767,136.4778111
小松城南郵便局,https://map.japanpost.jp/p/search/dtl/300131229000/?&cond2=1&cond200=1&&his=sa2,923-0026 石川県小松市下牧町５３６,36.4085072,136.4402764
小松長田郵便局,https://map.japanpost.jp/p/search/dtl/300131176000/?&cond2=1&cond200=1&&his=sa2,923-0034 石川県小松市長田町甲１５−２,36.4263767,136.4647225
小松本江郵便局,https://map.japanpost.jp/p/search/dtl/300131173000/?&cond2=1&cond200=1&&his=sa2,923-0841 石川県小松市本江町ワ１３−１,36.3816156,136.4738981
小松八幡町郵便局,https://map.japanpost.jp/p/search/dtl/300131183000/?&cond2=1&cond200=1&&his=sa2,923-0866 石川県小松市白嶺町１−１７−１,36.3918258,136.4492833
小松芦城郵便局,https://map.japanpost.jp/p/search/dtl/300131079000/?&cond2=1&cond200=1&&his=sa2,923-0948 石川県小松市錦町７８−１,36.3967144,136.4461533
佐美簡易郵便局,https://map.japanpost.jp/p/search/dtl/300131729000/?&cond2=1&cond200=1&&his=sa2,923-0984 石川県小松市佐美町亥１５８−２,36.3799975,136.3995928
瀬領郵便局,https://map.japanpost.jp/p/search/dtl/300131157000/?&cond2=1&cond200=1&&his=sa2,923-0183 石川県小松市瀬領町丙２８−２,36.3353331,136.4815711
月津郵便局,https://map.japanpost.jp/p/search/dtl/300131121000/?&cond2=1&cond200=1&&his=sa2,923-0972 石川県小松市月津町ミ１３−１,36.3546972,136.4096608
中海郵便局,https://map.japanpost.jp/p/search/dtl/300131082000/?&cond2=1&cond200=1&&his=sa2,923-0071 石川県小松市中海町７−９２−１,36.3946067,136.5156111
那谷郵便局,https://map.japanpost.jp/p/search/dtl/300131125000/?&cond2=1&cond200=1&&his=sa2,923-0336 石川県小松市那谷町サ３,36.3142469,136.4197858
御幸郵便局,https://map.japanpost.jp/p/search/dtl/300131096000/?&cond2=1&cond200=1&&his=sa2,923-0965 石川県小松市串町ス１１−１,36.3677133,136.4224522
矢田野郵便局,https://map.japanpost.jp/p/search/dtl/300131188000/?&cond2=1&cond200=1&&his=sa2,923-0304 石川県小松市下粟津町ツ４７,36.3434881,136.4292119
