0,1,2,Latitude,Longitude
会津若松郵便局,https://map.japanpost.jp/p/search/dtl/300182009000/?&cond2=1&cond200=1&&his=sa2,965-8799 福島県会津若松市中央１−２−１７,37.4985253,139.9290228
会津若松郵便局,https://map.japanpost.jp/p/search/dtl/300182009000/?&cond2=1&cond200=1&&his=sa2,965-8799 福島県会津若松市中央１−２−１７,37.4985253,139.9290228
会津アピオ郵便局,https://map.japanpost.jp/p/search/dtl/300182379000/?&cond2=1&cond200=1&&his=sa2,965-0059 福島県会津若松市インター西９２,37.5213636,139.9162369
芦ノ牧郵便局,https://map.japanpost.jp/p/search/dtl/300182416000/?&cond2=1&cond200=1&&his=sa2,969-5147 福島県会津若松市大戸町芦牧下タ平１０２５,37.3663206,139.9119933
飯盛山簡易郵便局,https://map.japanpost.jp/p/search/dtl/300182816000/?&cond2=1&cond200=1&&his=sa2,965-0007 福島県会津若松市飯盛１−５−１５,37.5041886,139.9524731
上三寄郵便局,https://map.japanpost.jp/p/search/dtl/300182133000/?&cond2=1&cond200=1&&his=sa2,969-5122 福島県会津若松市大戸町上三寄香塩３３９,37.3949967,139.9343106
北会津郵便局,https://map.japanpost.jp/p/search/dtl/300182207000/?&cond2=1&cond200=1&&his=sa2,965-0111 福島県会津若松市北会津町下荒井八幡前１−１,37.5069147,139.8661947
三本松郵便局,https://map.japanpost.jp/p/search/dtl/300182415000/?&cond2=1&cond200=1&&his=sa2,969-6188 福島県会津若松市北会津町東小松舘ノ内９−５,37.4731031,139.8874275
城北郵便局,https://map.japanpost.jp/p/search/dtl/300101824610/?&cond2=1&cond200=1&&his=sa2,965-0055 福島県会津若松市石堂町５−３０,37.5113361,139.9288297
堂島郵便局,https://map.japanpost.jp/p/search/dtl/300182333000/?&cond2=1&cond200=1&&his=sa2,969-3482 福島県会津若松市河東町谷沢十文字２２,37.5553344,139.9077728
原郵便局,https://map.japanpost.jp/p/search/dtl/300182134000/?&cond2=1&cond200=1&&his=sa2,965-0299 福島県会津若松市湊町原新橋１１７,37.44861,140.0199839
東長原郵便局,https://map.japanpost.jp/p/search/dtl/300182382000/?&cond2=1&cond200=1&&his=sa2,969-3431 福島県会津若松市河東町東長原長谷地１４４,37.5639989,139.9485103
東山郵便局,https://map.japanpost.jp/p/search/dtl/300182138000/?&cond2=1&cond200=1&&his=sa2,965-0813 福島県会津若松市東山町石山院内１１０−１,37.4844775,139.9538436
広田郵便局,https://map.japanpost.jp/p/search/dtl/300182043000/?&cond2=1&cond200=1&&his=sa2,969-3499 福島県会津若松市河東町広田沢目１３,37.5479,139.928385
門田郵便局,https://map.japanpost.jp/p/search/dtl/300182319000/?&cond2=1&cond200=1&&his=sa2,965-0827 福島県会津若松市門田町堤沢北村２０３−７,37.4592853,139.9219297
若松赤井郵便局,https://map.japanpost.jp/p/search/dtl/300182373000/?&cond2=1&cond200=1&&his=sa2,965-0201 福島県会津若松市湊町赤井赤井６９,37.4965261,140.0000864
若松旭町郵便局,https://map.japanpost.jp/p/search/dtl/300182331000/?&cond2=1&cond200=1&&his=sa2,965-0032 福島県会津若松市旭町３−１９,37.50283,139.9387547
若松居合郵便局,https://map.japanpost.jp/p/search/dtl/300182436000/?&cond2=1&cond200=1&&his=sa2,965-0001 福島県会津若松市一箕町松長南雨沼２２９−４,37.5203228,139.9506978
若松一箕町郵便局,https://map.japanpost.jp/p/search/dtl/300182433000/?&cond2=1&cond200=1&&his=sa2,965-0005 福島県会津若松市一箕町亀賀藤原１５６−１４,37.5137375,139.9424711
若松上町郵便局,https://map.japanpost.jp/p/search/dtl/300182147000/?&cond2=1&cond200=1&&his=sa2,965-0034 福島県会津若松市上町４−２７,37.4984617,139.9344883
若松駅前郵便局,https://map.japanpost.jp/p/search/dtl/300182206000/?&cond2=1&cond200=1&&his=sa2,965-0041 福島県会津若松市駅前町４−２,37.5048661,139.9301614
若松小田垣郵便局,https://map.japanpost.jp/p/search/dtl/300182386000/?&cond2=1&cond200=1&&his=sa2,965-0807 福島県会津若松市城東町５−１８,37.4890681,139.9393972
若松黒岩郵便局,https://map.japanpost.jp/p/search/dtl/300182449000/?&cond2=1&cond200=1&&his=sa2,965-0825 福島県会津若松市門田町黒岩南青木１２８−３,37.4756617,139.9341589
若松栄町郵便局,https://map.japanpost.jp/p/search/dtl/300182150000/?&cond2=1&cond200=1&&his=sa2,965-0878 福島県会津若松市中町２−１７,37.4959281,139.9249478
若松材木町郵便局,https://map.japanpost.jp/p/search/dtl/300182151000/?&cond2=1&cond200=1&&his=sa2,965-0853 福島県会津若松市材木町１−１−８,37.490065,139.9134572
若松千石町郵便局,https://map.japanpost.jp/p/search/dtl/300182452000/?&cond2=1&cond200=1&&his=sa2,965-0818 福島県会津若松市東千石２−３−４,37.4983978,139.9441522
若松橋本郵便局,https://map.japanpost.jp/p/search/dtl/300182424000/?&cond2=1&cond200=1&&his=sa2,965-0048 福島県会津若松市橋本２−１−１７,37.5046447,139.9114286
若松東栄町郵便局,https://map.japanpost.jp/p/search/dtl/300182268000/?&cond2=1&cond200=1&&his=sa2,965-0872 福島県会津若松市東栄町２−５,37.4929319,139.9301564
若松本町郵便局,https://map.japanpost.jp/p/search/dtl/300182082000/?&cond2=1&cond200=1&&his=sa2,965-0862 福島県会津若松市本町３−２５,37.4930706,139.9193878
若松南町郵便局,https://map.japanpost.jp/p/search/dtl/300182390000/?&cond2=1&cond200=1&&his=sa2,965-0874 福島県会津若松市南花畑２−２,37.4850883,139.9250039
若松山鹿町郵便局,https://map.japanpost.jp/p/search/dtl/300182397000/?&cond2=1&cond200=1&&his=sa2,965-0876 福島県会津若松市山鹿町３−２７,37.4910375,139.9224286
岩代大山郵便局,https://map.japanpost.jp/p/search/dtl/300182297000/?&cond2=1&cond200=1&&his=sa2,969-1301 福島県安達郡大玉村大山大江田中１４−６,37.5450731,140.385795
岩代大山郵便局,https://map.japanpost.jp/p/search/dtl/300182297000/?&cond2=1&cond200=1&&his=sa2,969-1301 福島県安達郡大玉村大山大江田中１４−６,37.5450731,140.385795
大玉郵便局,https://map.japanpost.jp/p/search/dtl/300182212000/?&cond2=1&cond200=1&&his=sa2,969-1302 福島県安達郡大玉村玉井薄黒内１２４−５,37.5322956,140.3703325
浅川郵便局,https://map.japanpost.jp/p/search/dtl/300182088000/?&cond2=1&cond200=1&&his=sa2,963-6299 福島県石川郡浅川町浅川荒町３,37.0818022,140.4167572
浅川郵便局,https://map.japanpost.jp/p/search/dtl/300182088000/?&cond2=1&cond200=1&&his=sa2,963-6299 福島県石川郡浅川町浅川荒町３,37.0818022,140.4167572
石川郵便局,https://map.japanpost.jp/p/search/dtl/300182014000/?&cond2=1&cond200=1&&his=sa2,963-7899 福島県石川郡石川町南町１４,37.1453342,140.4543531
石川郵便局,https://map.japanpost.jp/p/search/dtl/300182014000/?&cond2=1&cond200=1&&his=sa2,963-7899 福島県石川郡石川町南町１４,37.1453342,140.4543531
石川駅前通郵便局,https://map.japanpost.jp/p/search/dtl/300182291000/?&cond2=1&cond200=1&&his=sa2,963-7858 福島県石川郡石川町下泉８１,37.1437464,140.4485308
石川新町郵便局,https://map.japanpost.jp/p/search/dtl/300182401000/?&cond2=1&cond200=1&&his=sa2,963-7808 福島県石川郡石川町双里谷津前２０,37.14974,140.4674911
板橋簡易郵便局,https://map.japanpost.jp/p/search/dtl/300182812000/?&cond2=1&cond200=1&&his=sa2,963-7813 福島県石川郡石川町板橋八升蒔２８−１,37.1019686,140.4781442
沢田郵便局,https://map.japanpost.jp/p/search/dtl/300182264000/?&cond2=1&cond200=1&&his=sa2,963-7825 福島県石川郡石川町沢井上ノ原９６−２２,37.1410303,140.3955717
中谷簡易郵便局,https://map.japanpost.jp/p/search/dtl/300182734000/?&cond2=1&cond200=1&&his=sa2,963-7808 福島県石川郡石川町双里神主１３,37.1464108,140.4766994
野木沢郵便局,https://map.japanpost.jp/p/search/dtl/300182389000/?&cond2=1&cond200=1&&his=sa2,963-7837 福島県石川郡石川町中野八斗蒔６０−２,37.1740175,140.4244153
母畑郵便局,https://map.japanpost.jp/p/search/dtl/300182228000/?&cond2=1&cond200=1&&his=sa2,963-7801 福島県石川郡石川町湯郷渡米子平１６１−１,37.1727647,140.4684794
矢造簡易郵便局,https://map.japanpost.jp/p/search/dtl/300182787000/?&cond2=1&cond200=1&&his=sa2,963-7803 福島県石川郡石川町中田上矢造３５,37.1539878,140.5168753
山橋簡易郵便局,https://map.japanpost.jp/p/search/dtl/300182706000/?&cond2=1&cond200=1&&his=sa2,963-7812 福島県石川郡石川町南山形中野沢９４,37.1165497,140.4716778
須釜郵便局,https://map.japanpost.jp/p/search/dtl/300182229000/?&cond2=1&cond200=1&&his=sa2,963-6302 福島県石川郡玉川村南須釜中奥平１８−３,37.2129072,140.4500869
須釜郵便局,https://map.japanpost.jp/p/search/dtl/300182229000/?&cond2=1&cond200=1&&his=sa2,963-6302 福島県石川郡玉川村南須釜中奥平１８−３,37.2129072,140.4500869
玉川郵便局,https://map.japanpost.jp/p/search/dtl/300182089000/?&cond2=1&cond200=1&&his=sa2,963-6312 福島県石川郡玉川村小高中畷１７−１,37.21079,140.4075128
小平郵便局,https://map.japanpost.jp/p/search/dtl/300182239000/?&cond2=1&cond200=1&&his=sa2,963-8112 福島県石川郡平田村北方後川７５−１,37.1864997,140.5626242
小平郵便局,https://map.japanpost.jp/p/search/dtl/300182239000/?&cond2=1&cond200=1&&his=sa2,963-8112 福島県石川郡平田村北方後川７５−１,37.1864997,140.5626242
永田郵便局,https://map.japanpost.jp/p/search/dtl/300182347000/?&cond2=1&cond200=1&&his=sa2,963-8205 福島県石川郡平田村永田広町２３,37.2172522,140.5711586
蓬田郵便局,https://map.japanpost.jp/p/search/dtl/300182114000/?&cond2=1&cond200=1&&his=sa2,963-8299 福島県石川郡平田村上蓬田揚土９−４,37.2424769,140.5693556
古殿郵便局,https://map.japanpost.jp/p/search/dtl/300182076000/?&cond2=1&cond200=1&&his=sa2,963-8399 福島県石川郡古殿町竹貫上町７−３,37.0935811,140.5477328
古殿郵便局,https://map.japanpost.jp/p/search/dtl/300182076000/?&cond2=1&cond200=1&&his=sa2,963-8399 福島県石川郡古殿町竹貫上町７−３,37.0935811,140.5477328
水ノ木内簡易郵便局,https://map.japanpost.jp/p/search/dtl/300182813000/?&cond2=1&cond200=1&&his=sa2,963-8302 福島県石川郡古殿町山上百目鬼２−１,37.1102544,140.5694003
宮本簡易郵便局,https://map.japanpost.jp/p/search/dtl/300182842000/?&cond2=1&cond200=1&&his=sa2,963-8304 福島県石川郡古殿町松川大原１２２,37.0573083,140.5864531
いわき郵便局,https://map.japanpost.jp/p/search/dtl/300182004000/?&cond2=1&cond200=1&&his=sa2,970-8799 福島県いわき市平正月町４９−１,37.0555694,140.9008078
いわき郵便局,https://map.japanpost.jp/p/search/dtl/300182004000/?&cond2=1&cond200=1&&his=sa2,970-8799 福島県いわき市平正月町４９−１,37.0555694,140.9008078
植田郵便局,https://map.japanpost.jp/p/search/dtl/300182072000/?&cond2=1&cond200=1&&his=sa2,974-8799 福島県いわき市植田町本町１−６−８,36.9163403,140.7957944
小名浜郵便局,https://map.japanpost.jp/p/search/dtl/300182018000/?&cond2=1&cond200=1&&his=sa2,971-8799 福島県いわき市小名浜定西４７−２,36.9502142,140.8985397
赤井郵便局,https://map.japanpost.jp/p/search/dtl/300182261000/?&cond2=1&cond200=1&&his=sa2,979-3131 福島県いわき市平赤井田町２４−６,37.0859694,140.8642275
東田簡易郵便局,https://map.japanpost.jp/p/search/dtl/300182828000/?&cond2=1&cond200=1&&his=sa2,974-8212 福島県いわき市東田町１−２７−９,36.9228342,140.7994989
泉玉露郵便局,https://map.japanpost.jp/p/search/dtl/300182387000/?&cond2=1&cond200=1&&his=sa2,971-8172 福島県いわき市泉玉露３−３−１１,36.9581461,140.8541211
入遠野郵便局,https://map.japanpost.jp/p/search/dtl/300182263000/?&cond2=1&cond200=1&&his=sa2,972-0251 福島県いわき市遠野町入遠野前田１６２,37.0370386,140.7071361
いわき泉郵便局,https://map.japanpost.jp/p/search/dtl/300182067000/?&cond2=1&cond200=1&&his=sa2,971-8185 福島県いわき市泉町４−１６−１３,36.9526011,140.8544017
いわき鹿島郵便局,https://map.japanpost.jp/p/search/dtl/300182265000/?&cond2=1&cond200=1&&his=sa2,971-8141 福島県いわき市鹿島町走熊小神山６３−１,36.9949672,140.9083683
いわき金山郵便局,https://map.japanpost.jp/p/search/dtl/300182418000/?&cond2=1&cond200=1&&his=sa2,974-8211 福島県いわき市金山町東台４５−１,36.9274336,140.8220581
いわき川部郵便局,https://map.japanpost.jp/p/search/dtl/300182259000/?&cond2=1&cond200=1&&his=sa2,979-0153 福島県いわき市川部町橋本８２,36.9056064,140.7336875
磐城新地郵便局,https://map.japanpost.jp/p/search/dtl/300182412000/?&cond2=1&cond200=1&&his=sa2,971-8166 福島県いわき市小名浜愛宕上１３−６,36.9536575,140.8932156
いわき自由ケ丘郵便局,https://map.japanpost.jp/p/search/dtl/300182463000/?&cond2=1&cond200=1&&his=sa2,970-8033 福島県いわき市自由ケ丘１４−５,37.0300289,140.8921978
いわき中央台郵便局,https://map.japanpost.jp/p/search/dtl/300182442000/?&cond2=1&cond200=1&&his=sa2,970-8044 福島県いわき市中央台飯野４−１−９,37.0146758,140.9191456
石城夏井郵便局,https://map.japanpost.jp/p/search/dtl/300182405000/?&cond2=1&cond200=1&&his=sa2,970-0106 福島県いわき市平山崎熊ノ宮５０−４,37.0558239,140.9395361
石城山田郵便局,https://map.japanpost.jp/p/search/dtl/300182346000/?&cond2=1&cond200=1&&his=sa2,974-8251 福島県いわき市中岡町３−１−１０,36.9247944,140.7818206
磐崎郵便局,https://map.japanpost.jp/p/search/dtl/300182219000/?&cond2=1&cond200=1&&his=sa2,972-8317 福島県いわき市常磐下湯長谷町岩崎３１,36.9898461,140.8540747
内郷高坂町郵便局,https://map.japanpost.jp/p/search/dtl/300182399000/?&cond2=1&cond200=1&&his=sa2,973-8408 福島県いわき市内郷高坂町立野９５−９,37.0435981,140.8516306
内郷御厩郵便局,https://map.japanpost.jp/p/search/dtl/300182388000/?&cond2=1&cond200=1&&his=sa2,973-8402 福島県いわき市内郷御厩町２−５１,37.0477006,140.8687539
内郷宮郵便局,https://map.japanpost.jp/p/search/dtl/300182210000/?&cond2=1&cond200=1&&his=sa2,973-8407 福島県いわき市内郷宮町宮沢５６−７,37.0385158,140.8454017
内郷郵便局,https://map.japanpost.jp/p/search/dtl/300182148000/?&cond2=1&cond200=1&&his=sa2,973-8403 福島県いわき市内郷綴町川原田１３３,37.0375881,140.8598819
江名郵便局,https://map.japanpost.jp/p/search/dtl/300182062000/?&cond2=1&cond200=1&&his=sa2,970-0311 福島県いわき市江名南町９,36.9709094,140.9580928
大浦簡易郵便局,https://map.japanpost.jp/p/search/dtl/300182803000/?&cond2=1&cond200=1&&his=sa2,979-0206 福島県いわき市四倉町狐塚川田８２,37.0877753,140.9674964
大利簡易郵便局,https://map.japanpost.jp/p/search/dtl/300182776000/?&cond2=1&cond200=1&&his=sa2,970-1147 福島県いわき市好間町大利戸作田８５,37.0746406,140.8048061
小川郵便局,https://map.japanpost.jp/p/search/dtl/300182098000/?&cond2=1&cond200=1&&his=sa2,979-3199 福島県いわき市小川町高萩家ノ前４６,37.1264453,140.8549708
小名浜北郵便局,https://map.japanpost.jp/p/search/dtl/300182423000/?&cond2=1&cond200=1&&his=sa2,971-8162 福島県いわき市小名浜花畑町４５−１０,36.957305,140.9041086
小名浜東郵便局,https://map.japanpost.jp/p/search/dtl/300182335000/?&cond2=1&cond200=1&&his=sa2,971-8101 福島県いわき市小名浜古湊５−２,36.9492203,140.9104664
上遠野郵便局,https://map.japanpost.jp/p/search/dtl/300182066000/?&cond2=1&cond200=1&&his=sa2,972-0199 福島県いわき市遠野町上遠野太田７−４,37.0062956,140.7468392
神谷郵便局,https://map.japanpost.jp/p/search/dtl/300182422000/?&cond2=1&cond200=1&&his=sa2,970-8021 福島県いわき市平中神谷南鳥沼２０,37.0633386,140.9339933
上浅貝簡易郵便局,https://map.japanpost.jp/p/search/dtl/300182798000/?&cond2=1&cond200=1&&his=sa2,972-8321 福島県いわき市常磐湯本町上浅貝１０,37.0102486,140.8565086
鏡石郵便局,https://map.japanpost.jp/p/search/dtl/300182213000/?&cond2=1&cond200=1&&his=sa2,969-0401 福島県岩瀬郡鏡石町不時沼３３１,37.2537025,140.3448458
鏡石郵便局,https://map.japanpost.jp/p/search/dtl/300182213000/?&cond2=1&cond200=1&&his=sa2,969-0401 福島県岩瀬郡鏡石町不時沼３３１,37.2537025,140.3448458
成田簡易郵便局,https://map.japanpost.jp/p/search/dtl/300182724000/?&cond2=1&cond200=1&&his=sa2,969-0402 福島県岩瀬郡鏡石町成田６４４,37.2325669,140.3824803
岩瀬湯本郵便局,https://map.japanpost.jp/p/search/dtl/300182100000/?&cond2=1&cond200=1&&his=sa2,962-0699 福島県岩瀬郡天栄村湯本中田２８,37.2798817,139.9930817
岩瀬湯本郵便局,https://map.japanpost.jp/p/search/dtl/300182100000/?&cond2=1&cond200=1&&his=sa2,962-0699 福島県岩瀬郡天栄村湯本中田２８,37.2798817,139.9930817
天栄郵便局,https://map.japanpost.jp/p/search/dtl/300182156000/?&cond2=1&cond200=1&&his=sa2,962-0599 福島県岩瀬郡天栄村牧之内町下１−５,37.2620172,140.200535
広戸郵便局,https://map.japanpost.jp/p/search/dtl/300182286000/?&cond2=1&cond200=1&&his=sa2,962-0512 福島県岩瀬郡天栄村飯豊宮ノ下９−３,37.2432094,140.2904403
会津赤沢郵便局,https://map.japanpost.jp/p/search/dtl/300182378000/?&cond2=1&cond200=1&&his=sa2,969-6273 福島県大沼郡会津美里町八木沢伴右エ門前３４０３−３,37.4744081,139.8181972
会津赤沢郵便局,https://map.japanpost.jp/p/search/dtl/300182378000/?&cond2=1&cond200=1&&his=sa2,969-6273 福島県大沼郡会津美里町八木沢伴右エ門前３４０３−３,37.4744081,139.8181972
会津高田郵便局,https://map.japanpost.jp/p/search/dtl/300182025000/?&cond2=1&cond200=1&&his=sa2,969-6299 福島県大沼郡会津美里町高田甲１４２２−２,37.4566633,139.8370708
会津本郷郵便局,https://map.japanpost.jp/p/search/dtl/300182055000/?&cond2=1&cond200=1&&his=sa2,969-6199 福島県大沼郡会津美里町本郷上甲３０６２−１,37.4506044,139.8894419
旭簡易郵便局,https://map.japanpost.jp/p/search/dtl/300182736000/?&cond2=1&cond200=1&&his=sa2,969-6225 福島県大沼郡会津美里町旭三寄北村東６９−１,37.4351044,139.8362989
永井野郵便局,https://map.japanpost.jp/p/search/dtl/300182164000/?&cond2=1&cond200=1&&his=sa2,969-6251 福島県大沼郡会津美里町永井野下町１８６９,37.4477833,139.8307861
新鶴郵便局,https://map.japanpost.jp/p/search/dtl/300182163000/?&cond2=1&cond200=1&&his=sa2,969-6499 福島県大沼郡会津美里町新屋敷沢道西甲１６０２,37.5175406,139.8301311
西本簡易郵便局,https://map.japanpost.jp/p/search/dtl/300182854000/?&cond2=1&cond200=1&&his=sa2,969-6245 福島県大沼郡会津美里町西本元冑甲９５７,37.4263861,139.8003711
東尾岐簡易郵便局,https://map.japanpost.jp/p/search/dtl/300182737000/?&cond2=1&cond200=1&&his=sa2,969-6232 福島県大沼郡会津美里町東尾岐宮南甲４６５８,37.39334,139.8153878
安田前簡易郵便局,https://map.japanpost.jp/p/search/dtl/300182763000/?&cond2=1&cond200=1&&his=sa2,969-6205 福島県大沼郡会津美里町御田２６５７−３,37.4698747,139.8476392
川口郵便局,https://map.japanpost.jp/p/search/dtl/300182053000/?&cond2=1&cond200=1&&his=sa2,968-8799 福島県大沼郡金山町川口森ノ上５０８−１,37.4550822,139.52386
川口郵便局,https://map.japanpost.jp/p/search/dtl/300182053000/?&cond2=1&cond200=1&&his=sa2,968-8799 福島県大沼郡金山町川口森ノ上５０８−１,37.4550822,139.52386
中川郵便局,https://map.japanpost.jp/p/search/dtl/300182273000/?&cond2=1&cond200=1&&his=sa2,968-0006 福島県大沼郡金山町中川上居平９６４−２,37.4726331,139.5312178
本名簡易郵便局,https://map.japanpost.jp/p/search/dtl/300182720000/?&cond2=1&cond200=1&&his=sa2,968-0016 福島県大沼郡金山町本名沖ノ原１１７８,37.4441753,139.5000931
横田郵便局,https://map.japanpost.jp/p/search/dtl/300182092000/?&cond2=1&cond200=1&&his=sa2,968-0322 福島県大沼郡金山町横田居平６３８−１,37.3942939,139.4444919
喰丸郵便局,https://map.japanpost.jp/p/search/dtl/300182127000/?&cond2=1&cond200=1&&his=sa2,968-0299 福島県大沼郡昭和村佐倉三百苅４６６,37.3240422,139.6313908
喰丸郵便局,https://map.japanpost.jp/p/search/dtl/300182127000/?&cond2=1&cond200=1&&his=sa2,968-0299 福島県大沼郡昭和村佐倉三百苅４６６,37.3240422,139.6313908
昭和簡易郵便局,https://map.japanpost.jp/p/search/dtl/300182855000/?&cond2=1&cond200=1&&his=sa2,968-0103 福島県大沼郡昭和村下中津川沖３７５−１,37.3336214,139.6115389
野尻郵便局,https://map.japanpost.jp/p/search/dtl/300182052000/?&cond2=1&cond200=1&&his=sa2,968-0102 福島県大沼郡昭和村野尻元町４５１６−１,37.3638106,139.5736031
西方郵便局,https://map.japanpost.jp/p/search/dtl/300182166000/?&cond2=1&cond200=1&&his=sa2,969-7401 福島県大沼郡三島町西方居平３１７,37.4920431,139.6617897
西方郵便局,https://map.japanpost.jp/p/search/dtl/300182166000/?&cond2=1&cond200=1&&his=sa2,969-7401 福島県大沼郡三島町西方居平３１７,37.4920431,139.6617897
宮下郵便局,https://map.japanpost.jp/p/search/dtl/300182054000/?&cond2=1&cond200=1&&his=sa2,969-7599 福島県大沼郡三島町宮下宮下２８２−１,37.47117,139.6450906
