0,1,2,Latitude,Longitude
秋田中央郵便局,https://map.japanpost.jp/p/search/dtl/300186001000/?&cond2=1&cond200=1&&his=sa2,010-8799 秋田県秋田市保戸野鉄砲町５−１,39.7231378,140.1094919
秋田中央郵便局,https://map.japanpost.jp/p/search/dtl/300186001000/?&cond2=1&cond200=1&&his=sa2,010-8799 秋田県秋田市保戸野鉄砲町５−１,39.7231378,140.1094919
秋田泉郵便局,https://map.japanpost.jp/p/search/dtl/300186182000/?&cond2=1&cond200=1&&his=sa2,010-0815 秋田県秋田市泉馬場６−１４,39.7353872,140.1236794
秋田牛島東郵便局,https://map.japanpost.jp/p/search/dtl/300186283000/?&cond2=1&cond200=1&&his=sa2,010-0062 秋田県秋田市牛島東６−５−４,39.6951606,140.12569
秋田牛島郵便局,https://map.japanpost.jp/p/search/dtl/300186051000/?&cond2=1&cond200=1&&his=sa2,010-0023 秋田県秋田市楢山本町１１−７,39.7030961,140.1180269
秋田駅トピコ郵便局,https://map.japanpost.jp/p/search/dtl/300186090000/?&cond2=1&cond200=1&&his=sa2,010-0001 秋田県秋田市中通７−１−２,39.7171347,140.1291414
秋田駅前郵便局,https://map.japanpost.jp/p/search/dtl/300186209000/?&cond2=1&cond200=1&&his=sa2,010-0001 秋田県秋田市中通４−１１−１４,39.7153253,140.1262583
秋田大町郵便局,https://map.japanpost.jp/p/search/dtl/300186133000/?&cond2=1&cond200=1&&his=sa2,010-8621 秋田県秋田市大町３−４−１１,39.7175778,140.1148397
秋田卸センター簡易郵便局,https://map.japanpost.jp/p/search/dtl/300186803000/?&cond2=1&cond200=1&&his=sa2,010-0061 秋田県秋田市卸町３−６−３,39.6974628,140.1099492
秋田川尻郵便局,https://map.japanpost.jp/p/search/dtl/300186140000/?&cond2=1&cond200=1&&his=sa2,010-0945 秋田県秋田市川尻みよし町５−２７,39.7117578,140.0986964
秋田旭南郵便局,https://map.japanpost.jp/p/search/dtl/300186098000/?&cond2=1&cond200=1&&his=sa2,010-0925 秋田県秋田市旭南２−９−１３,39.7079675,140.1118875
秋田県庁構内郵便局,https://map.japanpost.jp/p/search/dtl/300186272000/?&cond2=1&cond200=1&&his=sa2,010-0951 秋田県秋田市山王４−１−１,39.7186133,140.1024019
秋田御所野郵便局,https://map.japanpost.jp/p/search/dtl/300186286000/?&cond2=1&cond200=1&&his=sa2,010-1413 秋田県秋田市御所野地蔵田２−２−５,39.6627569,140.1583725
秋田将軍野郵便局,https://map.japanpost.jp/p/search/dtl/300186177000/?&cond2=1&cond200=1&&his=sa2,011-0936 秋田県秋田市将軍野南４−８−２０,39.747365,140.0856842
秋田新国道郵便局,https://map.japanpost.jp/p/search/dtl/300186277000/?&cond2=1&cond200=1&&his=sa2,010-0964 秋田県秋田市八橋鯲沼町１−５７,39.7310561,140.1021425
秋田新藤田郵便局,https://map.japanpost.jp/p/search/dtl/300186289000/?&cond2=1&cond200=1&&his=sa2,010-0833 秋田県秋田市旭川新藤田東町１８−４,39.7406919,140.1303289
秋田菅野郵便局,https://map.japanpost.jp/p/search/dtl/300186287000/?&cond2=1&cond200=1&&his=sa2,010-0817 秋田県秋田市泉菅野１−１−１,39.7378914,140.1076781
秋田外旭川郵便局,https://map.japanpost.jp/p/search/dtl/300186296000/?&cond2=1&cond200=1&&his=sa2,010-0802 秋田県秋田市外旭川四百刈６−１,39.7479181,140.0995747
秋田手形郵便局,https://map.japanpost.jp/p/search/dtl/300186115000/?&cond2=1&cond200=1&&his=sa2,010-0865 秋田県秋田市手形新栄町２−２９,39.7246522,140.1307494
秋田寺内郵便局,https://map.japanpost.jp/p/search/dtl/300186151000/?&cond2=1&cond200=1&&his=sa2,011-0902 秋田県秋田市寺内堂ノ沢１−１５−７,39.7357222,140.0887517
秋田通町郵便局,https://map.japanpost.jp/p/search/dtl/300186050000/?&cond2=1&cond200=1&&his=sa2,010-0921 秋田県秋田市大町１−３−２３,39.7205906,140.1170503
秋田中通六郵便局,https://map.japanpost.jp/p/search/dtl/300186176000/?&cond2=1&cond200=1&&his=sa2,010-0001 秋田県秋田市中通６−３−２５,39.7119892,140.1218611
秋田楢山郵便局,https://map.japanpost.jp/p/search/dtl/300186113000/?&cond2=1&cond200=1&&his=sa2,010-0012 秋田県秋田市南通みその町６−３２,39.7086064,140.1201153
秋田茨島郵便局,https://map.japanpost.jp/p/search/dtl/300186248000/?&cond2=1&cond200=1&&his=sa2,010-0065 秋田県秋田市茨島２−３−４１,39.7016344,140.1046586
秋田広面郵便局,https://map.japanpost.jp/p/search/dtl/300186285000/?&cond2=1&cond200=1&&his=sa2,010-0041 秋田県秋田市広面釣瓶町１４７−１,39.7242833,140.1498944
秋田保戸野郵便局,https://map.japanpost.jp/p/search/dtl/300186126000/?&cond2=1&cond200=1&&his=sa2,010-0904 秋田県秋田市保戸野原の町３−２０,39.72561,140.1177419
秋田明田郵便局,https://map.japanpost.jp/p/search/dtl/300186274000/?&cond2=1&cond200=1&&his=sa2,010-0041 秋田県秋田市広面野添１３０−４,39.7098406,140.1343636
秋田屋敷田郵便局,https://map.japanpost.jp/p/search/dtl/300186291000/?&cond2=1&cond200=1&&his=sa2,010-0041 秋田県秋田市広面屋敷田１０−２,39.7188367,140.1408381
秋田割山郵便局,https://map.japanpost.jp/p/search/dtl/300186275000/?&cond2=1&cond200=1&&his=sa2,010-1604 秋田県秋田市新屋松美町６−５,39.69962,140.0809386
新屋駅前郵便局,https://map.japanpost.jp/p/search/dtl/300186276000/?&cond2=1&cond200=1&&his=sa2,010-1637 秋田県秋田市新屋扇町１３−３１,39.6768264,140.0858947
新屋郵便局,https://map.japanpost.jp/p/search/dtl/300186029000/?&cond2=1&cond200=1&&his=sa2,010-1631 秋田県秋田市新屋元町２２−３８,39.6839192,140.0842483
大館郵便局,https://map.japanpost.jp/p/search/dtl/300186003000/?&cond2=1&cond200=1&&his=sa2,017-8799 秋田県大館市中城１２−３,40.2711986,140.5658272
大館郵便局,https://map.japanpost.jp/p/search/dtl/300186003000/?&cond2=1&cond200=1&&his=sa2,017-8799 秋田県大館市中城１２−３,40.2711986,140.5658272
岩瀬郵便局,https://map.japanpost.jp/p/search/dtl/300186189000/?&cond2=1&cond200=1&&his=sa2,018-3501 秋田県大館市岩瀬街道脇４０−４,40.2733961,140.4641064
羽後二井田郵便局,https://map.japanpost.jp/p/search/dtl/300186247000/?&cond2=1&cond200=1&&his=sa2,018-5751 秋田県大館市二井田贄ノ里１８５−２,40.2377603,140.5532578
羽後東館郵便局,https://map.japanpost.jp/p/search/dtl/300186190000/?&cond2=1&cond200=1&&his=sa2,018-5721 秋田県大館市比内町独鈷独鈷３−３,40.193265,140.6015017
大葛郵便局,https://map.japanpost.jp/p/search/dtl/300186168000/?&cond2=1&cond200=1&&his=sa2,018-5851 秋田県大館市比内町大葛大葛３４,40.1292519,140.6678011
大滝温泉郵便局,https://map.japanpost.jp/p/search/dtl/300186270000/?&cond2=1&cond200=1&&his=sa2,018-5601 秋田県大館市十二所町頭２７−２,40.2129408,140.6421408
大館駅前郵便局,https://map.japanpost.jp/p/search/dtl/300186134000/?&cond2=1&cond200=1&&his=sa2,017-0044 秋田県大館市御成町２−９−１０,40.2837697,140.5589836
大館片山郵便局,https://map.japanpost.jp/p/search/dtl/300186279000/?&cond2=1&cond200=1&&his=sa2,017-0872 秋田県大館市片山町１−４−５,40.2728342,140.5466822
大館川口郵便局,https://map.japanpost.jp/p/search/dtl/300186244000/?&cond2=1&cond200=1&&his=sa2,017-0878 秋田県大館市川口長里２６６−１,40.2763828,140.4883153
大館狐台簡易郵便局,https://map.japanpost.jp/p/search/dtl/300186817000/?&cond2=1&cond200=1&&his=sa2,017-0804 秋田県大館市柄沢狐台５１−７１,40.2584228,140.5688308
大館東台郵便局,https://map.japanpost.jp/p/search/dtl/300186293000/?&cond2=1&cond200=1&&his=sa2,017-0803 秋田県大館市東台５−１−５８,40.2718767,140.5780706
大館南町郵便局,https://map.japanpost.jp/p/search/dtl/300186186000/?&cond2=1&cond200=1&&his=sa2,017-0846 秋田県大館市常盤木町４−８,40.2670989,140.5588767
釈迦内郵便局,https://map.japanpost.jp/p/search/dtl/300186096000/?&cond2=1&cond200=1&&his=sa2,017-0012 秋田県大館市釈迦内釈迦内１７０,40.3048033,140.5633144
白沢郵便局,https://map.japanpost.jp/p/search/dtl/300186070000/?&cond2=1&cond200=1&&his=sa2,017-0002 秋田県大館市白沢白沢２７９−４,40.3405589,140.5902178
十二所郵便局,https://map.japanpost.jp/p/search/dtl/300186045000/?&cond2=1&cond200=1&&his=sa2,018-5601 秋田県大館市十二所十二所町２１３,40.2165369,140.6723389
長木郵便局,https://map.japanpost.jp/p/search/dtl/300186236000/?&cond2=1&cond200=1&&his=sa2,017-0031 秋田県大館市上代野八幡岱４−１３,40.2920392,140.5926936
西館郵便局,https://map.japanpost.jp/p/search/dtl/300186263000/?&cond2=1&cond200=1&&his=sa2,018-5731 秋田県大館市比内町笹館前田野７５−５,40.2109203,140.5646647
花岡本郷郵便局,https://map.japanpost.jp/p/search/dtl/300186257000/?&cond2=1&cond200=1&&his=sa2,017-0005 秋田県大館市花岡町鳥内１１３−７,40.3299672,140.5561033
花岡郵便局,https://map.japanpost.jp/p/search/dtl/300186144000/?&cond2=1&cond200=1&&his=sa2,017-0005 秋田県大館市花岡町前田１−１,40.3216208,140.54974
早口郵便局,https://map.japanpost.jp/p/search/dtl/300186058000/?&cond2=1&cond200=1&&his=sa2,018-3599 秋田県大館市早口上野４６−３,40.2710236,140.4475853
比内郵便局,https://map.japanpost.jp/p/search/dtl/300186011000/?&cond2=1&cond200=1&&his=sa2,018-5799 秋田県大館市比内町扇田上扇田７９−４,40.2279619,140.5828339
真中郵便局,https://map.japanpost.jp/p/search/dtl/300186171000/?&cond2=1&cond200=1&&his=sa2,017-0854 秋田県大館市赤石屋布３,40.2567936,140.5035867
山瀬郵便局,https://map.japanpost.jp/p/search/dtl/300186180000/?&cond2=1&cond200=1&&his=sa2,018-3501 秋田県大館市岩瀬赤川２６−４,40.2962481,140.4616969
雪沢簡易郵便局,https://map.japanpost.jp/p/search/dtl/300186734000/?&cond2=1&cond200=1&&his=sa2,017-0021 秋田県大館市雪沢上谷地１０８,40.2915247,140.6896617
五里合郵便局,https://map.japanpost.jp/p/search/dtl/300186149000/?&cond2=1&cond200=1&&his=sa2,010-0353 秋田県男鹿市五里合神谷石神６２−９,39.9779864,139.8719964
五里合郵便局,https://map.japanpost.jp/p/search/dtl/300186149000/?&cond2=1&cond200=1&&his=sa2,010-0353 秋田県男鹿市五里合神谷石神６２−９,39.9779864,139.8719964
浦田簡易郵便局,https://map.japanpost.jp/p/search/dtl/300186780000/?&cond2=1&cond200=1&&his=sa2,010-0345 秋田県男鹿市脇本浦田大保田４,39.9333986,139.9038722
男鹿温泉簡易郵便局,https://map.japanpost.jp/p/search/dtl/300186836000/?&cond2=1&cond200=1&&his=sa2,010-0687 秋田県男鹿市北浦湯本草木原１−１３,39.9743603,139.7419578
男鹿中郵便局,https://map.japanpost.jp/p/search/dtl/300186146000/?&cond2=1&cond200=1&&his=sa2,010-0663 秋田県男鹿市男鹿中滝川坂ノ下４８−１１,39.9358078,139.8365469
男鹿郵便局,https://map.japanpost.jp/p/search/dtl/300186040000/?&cond2=1&cond200=1&&his=sa2,010-0599 秋田県男鹿市船川港船川外ケ沢１２６−１４,39.8797328,139.8454558
女川簡易郵便局,https://map.japanpost.jp/p/search/dtl/300186750000/?&cond2=1&cond200=1&&his=sa2,010-0523 秋田県男鹿市船川港女川鵜ノ崎１００,39.8630092,139.8201978
金川郵便局,https://map.japanpost.jp/p/search/dtl/300186256000/?&cond2=1&cond200=1&&his=sa2,010-0503 秋田県男鹿市船川港金川金川４１−１,39.8971206,139.8600578
北浦郵便局,https://map.japanpost.jp/p/search/dtl/300186033000/?&cond2=1&cond200=1&&his=sa2,010-0699 秋田県男鹿市北浦北浦表町表町５３−３,39.9660308,139.7802339
田中簡易郵便局,https://map.japanpost.jp/p/search/dtl/300186788000/?&cond2=1&cond200=1&&his=sa2,010-0502 秋田県男鹿市船川港比詰神田前１０９−３,39.9164458,139.8521414
椿郵便局,https://map.japanpost.jp/p/search/dtl/300186188000/?&cond2=1&cond200=1&&his=sa2,010-0532 秋田県男鹿市船川港椿家ノ後１３−１,39.86625,139.7808764
戸賀郵便局,https://map.japanpost.jp/p/search/dtl/300186108000/?&cond2=1&cond200=1&&his=sa2,010-0674 秋田県男鹿市戸賀戸賀戸賀９３,39.9613581,139.7135183
入道崎郵便局,https://map.japanpost.jp/p/search/dtl/300186259000/?&cond2=1&cond200=1&&his=sa2,010-0675 秋田県男鹿市北浦入道崎嶋畑９０,39.9991825,139.7071467
野石郵便局,https://map.japanpost.jp/p/search/dtl/300186183000/?&cond2=1&cond200=1&&his=sa2,010-0401 秋田県男鹿市野石宮沢３３−２,40.0238606,139.9238664
福米沢簡易郵便局,https://map.japanpost.jp/p/search/dtl/300186787000/?&cond2=1&cond200=1&&his=sa2,010-0411 秋田県男鹿市福米沢福米３３−６,39.9945108,139.9294814
払戸郵便局,https://map.japanpost.jp/p/search/dtl/300186124000/?&cond2=1&cond200=1&&his=sa2,010-0431 秋田県男鹿市払戸渡部１０９−８,39.93854,139.9262175
船越郵便局,https://map.japanpost.jp/p/search/dtl/300186038000/?&cond2=1&cond200=1&&his=sa2,010-0399 秋田県男鹿市船越本町５−１,39.9037075,139.9446511
山田簡易郵便局,https://map.japanpost.jp/p/search/dtl/300186782000/?&cond2=1&cond200=1&&his=sa2,010-0665 秋田県男鹿市男鹿中山町家口８２−１,39.9449281,139.8193825
若美郵便局,https://map.japanpost.jp/p/search/dtl/300186071000/?&cond2=1&cond200=1&&his=sa2,010-0499 秋田県男鹿市角間崎家ノ下１２１,39.9591322,139.9142603
脇本駅前簡易郵便局,https://map.japanpost.jp/p/search/dtl/300186748000/?&cond2=1&cond200=1&&his=sa2,010-0342 秋田県男鹿市脇本脇本向山１８−１２,39.9142975,139.9028725
脇本郵便局,https://map.japanpost.jp/p/search/dtl/300186116000/?&cond2=1&cond200=1&&his=sa2,010-0342 秋田県男鹿市脇本脇本大石館１１１−１,39.9074372,139.9049614
羽後新町郵便局,https://map.japanpost.jp/p/search/dtl/300186243000/?&cond2=1&cond200=1&&his=sa2,012-1104 秋田県雄勝郡羽後町堀内二本杉５４−３,39.2352033,140.3969478
羽後新町郵便局,https://map.japanpost.jp/p/search/dtl/300186243000/?&cond2=1&cond200=1&&his=sa2,012-1104 秋田県雄勝郡羽後町堀内二本杉５４−３,39.2352033,140.3969478
仙道郵便局,https://map.japanpost.jp/p/search/dtl/300186179000/?&cond2=1&cond200=1&&his=sa2,012-1352 秋田県雄勝郡羽後町中仙道堀内６６−８,39.1639639,140.3170164
田代郵便局,https://map.japanpost.jp/p/search/dtl/300186079000/?&cond2=1&cond200=1&&his=sa2,012-1299 秋田県雄勝郡羽後町田代梺７１−２,39.20529,140.3122211
新成簡易郵便局,https://map.japanpost.jp/p/search/dtl/300186705000/?&cond2=1&cond200=1&&his=sa2,012-1115 秋田県雄勝郡羽後町足田古堤下２９−３,39.2229736,140.4111467
西馬音内郵便局,https://map.japanpost.jp/p/search/dtl/300186043000/?&cond2=1&cond200=1&&his=sa2,012-1199 秋田県雄勝郡羽後町西馬音内宮廻６３,39.1999261,140.4008675
三輪郵便局,https://map.japanpost.jp/p/search/dtl/300186174000/?&cond2=1&cond200=1&&his=sa2,012-1123 秋田県雄勝郡羽後町貝沢拾三本塚３−３,39.1949603,140.4385475
元西郵便局,https://map.japanpost.jp/p/search/dtl/300186266000/?&cond2=1&cond200=1&&his=sa2,012-1100 秋田県雄勝郡羽後町南元西１−３,39.1925475,140.3798461
椿川簡易郵便局,https://map.japanpost.jp/p/search/dtl/300186728000/?&cond2=1&cond200=1&&his=sa2,019-0802 秋田県雄勝郡東成瀬村岩井川東村７２,39.1765631,140.7006919
椿川簡易郵便局,https://map.japanpost.jp/p/search/dtl/300186728000/?&cond2=1&cond200=1&&his=sa2,019-0802 秋田県雄勝郡東成瀬村岩井川東村７２,39.1765631,140.7006919
東成瀬郵便局,https://map.japanpost.jp/p/search/dtl/300186089000/?&cond2=1&cond200=1&&his=sa2,019-0801 秋田県雄勝郡東成瀬村田子内宮田１−１,39.1798228,140.6474942
