0,1,2,Latitude,Longitude
石岡郵便局,https://map.japanpost.jp/p/search/dtl/300106011000/?&cond2=1&cond200=1&&his=sa2,315-8799 茨城県石岡市府中１−７−２８,36.1926439,140.2782106
石岡郵便局,https://map.japanpost.jp/p/search/dtl/300106011000/?&cond2=1&cond200=1&&his=sa2,315-8799 茨城県石岡市府中１−７−２８,36.1926439,140.2782106
葦穂郵便局,https://map.japanpost.jp/p/search/dtl/300106327000/?&cond2=1&cond200=1&&his=sa2,315-0164 茨城県石岡市芦穂中部小屋６６−３,36.2569828,140.1708986
石岡自由ヶ丘郵便局,https://map.japanpost.jp/p/search/dtl/300106404000/?&cond2=1&cond200=1&&his=sa2,315-0037 茨城県石岡市東石岡４−１１−２４,36.1863867,140.2992753
石岡南台郵便局,https://map.japanpost.jp/p/search/dtl/300106464000/?&cond2=1&cond200=1&&his=sa2,315-0035 茨城県石岡市南台２−９−２,36.1824531,140.2917208
石岡守木町郵便局,https://map.japanpost.jp/p/search/dtl/300106328000/?&cond2=1&cond200=1&&his=sa2,315-0014 茨城県石岡市国府６−３−６,36.1864253,140.2738886
石岡若松郵便局,https://map.japanpost.jp/p/search/dtl/300106398000/?&cond2=1&cond200=1&&his=sa2,315-0018 茨城県石岡市若松１−８−１７,36.1989261,140.2689031
小幡郵便局,https://map.japanpost.jp/p/search/dtl/300106126000/?&cond2=1&cond200=1&&his=sa2,315-0155 茨城県石岡市小幡６９５−３,36.2229847,140.1581819
瓦会郵便局,https://map.japanpost.jp/p/search/dtl/300106170000/?&cond2=1&cond200=1&&his=sa2,315-0111 茨城県石岡市瓦谷２３３６−４,36.2760658,140.2139694
北石岡簡易郵便局,https://map.japanpost.jp/p/search/dtl/300106762000/?&cond2=1&cond200=1&&his=sa2,315-0012 茨城県石岡市北府中３−８−１,36.2142508,140.2722106
小桜郵便局,https://map.japanpost.jp/p/search/dtl/300106298000/?&cond2=1&cond200=1&&his=sa2,315-0141 茨城県石岡市月岡４２９,36.2035378,140.1853619
園部郵便局,https://map.japanpost.jp/p/search/dtl/300106340000/?&cond2=1&cond200=1&&his=sa2,315-0125 茨城県石岡市山崎１６９４−８,36.2615625,140.2497197
高浜郵便局,https://map.japanpost.jp/p/search/dtl/300106096000/?&cond2=1&cond200=1&&his=sa2,315-0045 茨城県石岡市高浜８１１,36.1628081,140.3028311
林郵便局,https://map.japanpost.jp/p/search/dtl/300106337000/?&cond2=1&cond200=1&&his=sa2,315-0131 茨城県石岡市下林８３４−１２,36.2308242,140.2186678
三村簡易郵便局,https://map.japanpost.jp/p/search/dtl/300106771000/?&cond2=1&cond200=1&&his=sa2,315-0048 茨城県石岡市三村１７５７ー１,36.1525236,140.2789725
八郷郵便局,https://map.japanpost.jp/p/search/dtl/300106048000/?&cond2=1&cond200=1&&his=sa2,315-0116 茨城県石岡市柿岡２０２６,36.2405031,140.1960197
潮来郵便局,https://map.japanpost.jp/p/search/dtl/300106024000/?&cond2=1&cond200=1&&his=sa2,311-2499 茨城県潮来市潮来１０３−３,35.9388528,140.5412767
潮来郵便局,https://map.japanpost.jp/p/search/dtl/300106024000/?&cond2=1&cond200=1&&his=sa2,311-2499 茨城県潮来市潮来１０３−３,35.9388528,140.5412767
潮来慈母観音前簡易郵便局,https://map.japanpost.jp/p/search/dtl/300106761000/?&cond2=1&cond200=1&&his=sa2,311-2423 茨城県潮来市日の出４−７−４５,35.9335225,140.5739381
潮来辻郵便局,https://map.japanpost.jp/p/search/dtl/300106413000/?&cond2=1&cond200=1&&his=sa2,311-2421 茨城県潮来市辻２２８−１,35.9458283,140.5558403
牛堀郵便局,https://map.japanpost.jp/p/search/dtl/300106104000/?&cond2=1&cond200=1&&his=sa2,311-2436 茨城県潮来市牛堀１２４,35.9569292,140.5177967
大生原郵便局,https://map.japanpost.jp/p/search/dtl/300106301000/?&cond2=1&cond200=1&&his=sa2,311-2403 茨城県潮来市釜谷２５０−２,35.9929875,140.56557
延方郵便局,https://map.japanpost.jp/p/search/dtl/300106143000/?&cond2=1&cond200=1&&his=sa2,311-2412 茨城県潮来市宮前１−２０−６,35.9570675,140.5888289
阿見郵便局,https://map.japanpost.jp/p/search/dtl/300106179000/?&cond2=1&cond200=1&&his=sa2,300-0399 茨城県稲敷郡阿見町阿見４３９７−７,36.0373064,140.2049944
阿見郵便局,https://map.japanpost.jp/p/search/dtl/300106179000/?&cond2=1&cond200=1&&his=sa2,300-0399 茨城県稲敷郡阿見町阿見４３９７−７,36.0373064,140.2049944
阿見青宿郵便局,https://map.japanpost.jp/p/search/dtl/300106474000/?&cond2=1&cond200=1&&his=sa2,300-0301 茨城県稲敷郡阿見町青宿６６９−１０,36.0452308,140.2204936
阿見中央一郵便局,https://map.japanpost.jp/p/search/dtl/300106382000/?&cond2=1&cond200=1&&his=sa2,300-0332 茨城県稲敷郡阿見町中央１−４−１７,36.0293714,140.2159047
阿見原郵便局,https://map.japanpost.jp/p/search/dtl/300106294000/?&cond2=1&cond200=1&&his=sa2,300-0331 茨城県稲敷郡阿見町阿見４６６６ー３５５０,36.0389114,140.1943103
君原郵便局,https://map.japanpost.jp/p/search/dtl/300106277000/?&cond2=1&cond200=1&&his=sa2,300-0322 茨城県稲敷郡阿見町君島６９５−１,36.008865,140.2684169
実穀郵便局,https://map.japanpost.jp/p/search/dtl/300106240000/?&cond2=1&cond200=1&&his=sa2,300-1153 茨城県稲敷郡阿見町実穀１３１０−１１,36.0061761,140.1931014
舟島簡易郵便局,https://map.japanpost.jp/p/search/dtl/300106705000/?&cond2=1&cond200=1&&his=sa2,300-0311 茨城県稲敷郡阿見町島津１５２７−１,36.0307992,140.2555331
金江津郵便局,https://map.japanpost.jp/p/search/dtl/300106117000/?&cond2=1&cond200=1&&his=sa2,300-1403 茨城県稲敷郡河内町金江津4763-1,35.8857475,140.3383567
金江津郵便局,https://map.japanpost.jp/p/search/dtl/300106117000/?&cond2=1&cond200=1&&his=sa2,300-1403 茨城県稲敷郡河内町金江津4763-1,35.8857475,140.3383567
河内郵便局,https://map.japanpost.jp/p/search/dtl/300106054000/?&cond2=1&cond200=1&&his=sa2,300-1324 茨城県稲敷郡河内町源清田５５９１,35.8812161,140.2628731
生板郵便局,https://map.japanpost.jp/p/search/dtl/300106228000/?&cond2=1&cond200=1&&his=sa2,300-1331 茨城県稲敷郡河内町生板３６−１,35.8763939,140.2236436
安中郵便局,https://map.japanpost.jp/p/search/dtl/300106273000/?&cond2=1&cond200=1&&his=sa2,300-0404 茨城県稲敷郡美浦村土浦２０３２,36.0115975,140.3491047
安中郵便局,https://map.japanpost.jp/p/search/dtl/300106273000/?&cond2=1&cond200=1&&his=sa2,300-0404 茨城県稲敷郡美浦村土浦２０３２,36.0115975,140.3491047
美浦木原郵便局,https://map.japanpost.jp/p/search/dtl/300106467000/?&cond2=1&cond200=1&&his=sa2,300-0421 茨城県稲敷郡美浦村木原４４４,36.0248686,140.2902981
美浦郵便局,https://map.japanpost.jp/p/search/dtl/300106049000/?&cond2=1&cond200=1&&his=sa2,300-0412 茨城県稲敷郡美浦村宮地１２１１−１０,36.0036492,140.3103908
あずま伊崎郵便局,https://map.japanpost.jp/p/search/dtl/300106218000/?&cond2=1&cond200=1&&his=sa2,300-0603 茨城県稲敷市伊佐部１８３０−１０,35.9386461,140.4104358
あずま伊崎郵便局,https://map.japanpost.jp/p/search/dtl/300106218000/?&cond2=1&cond200=1&&his=sa2,300-0603 茨城県稲敷市伊佐部１８３０−１０,35.9386461,140.4104358
東郵便局,https://map.japanpost.jp/p/search/dtl/300106161000/?&cond2=1&cond200=1&&his=sa2,300-0743 茨城県稲敷市曲渕１３３−１,35.9101758,140.4157058
阿波郵便局,https://map.japanpost.jp/p/search/dtl/300106071000/?&cond2=1&cond200=1&&his=sa2,300-0699 茨城県稲敷市阿波１５００−１,35.9517019,140.3822897
浮島郵便局,https://map.japanpost.jp/p/search/dtl/300106142000/?&cond2=1&cond200=1&&his=sa2,300-0641 茨城県稲敷市浮島３６６２,35.9715172,140.4335536
江戸崎郵便局,https://map.japanpost.jp/p/search/dtl/300106006000/?&cond2=1&cond200=1&&his=sa2,300-0599 茨城県稲敷市江戸崎甲３５５８−１,35.9573547,140.3179444
大須賀郵便局,https://map.japanpost.jp/p/search/dtl/300106303000/?&cond2=1&cond200=1&&his=sa2,300-0617 茨城県稲敷市福田５５６−６,35.9379719,140.3713964
桜川古渡郵便局,https://map.japanpost.jp/p/search/dtl/300106108000/?&cond2=1&cond200=1&&his=sa2,300-0638 茨城県稲敷市古渡３０４−１,35.9721983,140.3552086
柴崎郵便局,https://map.japanpost.jp/p/search/dtl/300106158000/?&cond2=1&cond200=1&&his=sa2,300-1412 茨城県稲敷市柴崎３７８,35.9085667,140.2996947
下太田郵便局,https://map.japanpost.jp/p/search/dtl/300106343000/?&cond2=1&cond200=1&&his=sa2,300-1424 茨城県稲敷市下太田６５−２,35.9199606,140.3230822
根本郵便局,https://map.japanpost.jp/p/search/dtl/300106121000/?&cond2=1&cond200=1&&his=sa2,301-0902 茨城県稲敷市上根本３４７８,35.9177003,140.2654306
鳩崎郵便局,https://map.japanpost.jp/p/search/dtl/300106322000/?&cond2=1&cond200=1&&his=sa2,300-0508 茨城県稲敷市佐倉７０８−２,35.9956339,140.3284039
本新島郵便局,https://map.japanpost.jp/p/search/dtl/300106234000/?&cond2=1&cond200=1&&his=sa2,300-0726 茨城県稲敷市西代１８１４,35.9248775,140.4846408
牛久郵便局,https://map.japanpost.jp/p/search/dtl/300106063000/?&cond2=1&cond200=1&&his=sa2,300-1299 茨城県牛久市中央３−５−２,35.9804125,140.1498525
牛久郵便局,https://map.japanpost.jp/p/search/dtl/300106063000/?&cond2=1&cond200=1&&his=sa2,300-1299 茨城県牛久市中央３−５−２,35.9804125,140.1498525
牛久駅西口郵便局,https://map.japanpost.jp/p/search/dtl/300106470000/?&cond2=1&cond200=1&&his=sa2,300-1221 茨城県牛久市牛久町３３３３−４,35.9748525,140.1377208
牛久岡見郵便局,https://map.japanpost.jp/p/search/dtl/300106391000/?&cond2=1&cond200=1&&his=sa2,300-1204 茨城県牛久市岡見町２３３７−６,35.9738586,140.1845075
牛久本町郵便局,https://map.japanpost.jp/p/search/dtl/300106384000/?&cond2=1&cond200=1&&his=sa2,300-1234 茨城県牛久市中央５−８−５,35.9786931,140.1425622
牛久みどり野郵便局,https://map.japanpost.jp/p/search/dtl/300106443000/?&cond2=1&cond200=1&&his=sa2,300-1222 茨城県牛久市南４−４３−５,35.965445,140.1432319
奥野郵便局,https://map.japanpost.jp/p/search/dtl/300106169000/?&cond2=1&cond200=1&&his=sa2,300-1283 茨城県牛久市奥原町６１８−２,35.9451733,140.2506278
ひたち野うしく郵便局,https://map.japanpost.jp/p/search/dtl/300106480000/?&cond2=1&cond200=1&&his=sa2,300-1207 茨城県牛久市ひたち野東１−３３−６,36.0071106,140.1594867
本牛久郵便局,https://map.japanpost.jp/p/search/dtl/300106456000/?&cond2=1&cond200=1&&his=sa2,300-1221 茨城県牛久市牛久町８１,35.9645172,140.1368458
小川飯前郵便局,https://map.japanpost.jp/p/search/dtl/300106402000/?&cond2=1&cond200=1&&his=sa2,311-3404 茨城県小美玉市飯前２２８−２,36.2165294,140.41161
小川飯前郵便局,https://map.japanpost.jp/p/search/dtl/300106402000/?&cond2=1&cond200=1&&his=sa2,311-3404 茨城県小美玉市飯前２２８−２,36.2165294,140.41161
堅倉郵便局,https://map.japanpost.jp/p/search/dtl/300106061000/?&cond2=1&cond200=1&&his=sa2,319-0106 茨城県小美玉市堅倉１４４３−１,36.2378789,140.3501028
下吉影郵便局,https://map.japanpost.jp/p/search/dtl/300106128000/?&cond2=1&cond200=1&&his=sa2,311-3406 茨城県小美玉市下吉影１４５５,36.2014372,140.4386814
竹原郵便局,https://map.japanpost.jp/p/search/dtl/300106124000/?&cond2=1&cond200=1&&his=sa2,319-0112 茨城県小美玉市竹原下郷１７８,36.2176336,140.3176983
橘郵便局,https://map.japanpost.jp/p/search/dtl/300106191000/?&cond2=1&cond200=1&&his=sa2,311-3416 茨城県小美玉市与沢９３７−１,36.1611272,140.3989606
玉里郵便局,https://map.japanpost.jp/p/search/dtl/300106395000/?&cond2=1&cond200=1&&his=sa2,311-3436 茨城県小美玉市上玉里１１２５,36.1617953,140.3350086
羽鳥郵便局,https://map.japanpost.jp/p/search/dtl/300106155000/?&cond2=1&cond200=1&&his=sa2,319-0199 茨城県小美玉市羽鳥２５８８−３,36.2470961,140.2854247
常陸小川郵便局,https://map.japanpost.jp/p/search/dtl/300106047000/?&cond2=1&cond200=1&&his=sa2,311-3499 茨城県小美玉市小川１６３２,36.1703744,140.3569575
