0,1,2,Latitude,Longitude
芦辺郵便局,https://map.japanpost.jp/p/search/dtl/300176042000/?&cond2=1&cond200=1&&his=sa2,811-5399 長崎県壱岐市芦辺町芦辺浦瀧ノ上５５５−７,33.8020533,129.7616806
芦辺郵便局,https://map.japanpost.jp/p/search/dtl/300176042000/?&cond2=1&cond200=1&&his=sa2,811-5399 長崎県壱岐市芦辺町芦辺浦瀧ノ上５５５−７,33.8020533,129.7616806
壱岐国分郵便局,https://map.japanpost.jp/p/search/dtl/300176166000/?&cond2=1&cond200=1&&his=sa2,811-5732 長崎県壱岐市芦辺町国分東触７６８−２,33.7983014,129.7183394
壱岐瀬戸郵便局,https://map.japanpost.jp/p/search/dtl/300176154000/?&cond2=1&cond200=1&&his=sa2,811-5462 長崎県壱岐市芦辺町箱崎大左右触５０８−１２,33.8160681,129.7573717
石田郵便局,https://map.japanpost.jp/p/search/dtl/300176043000/?&cond2=1&cond200=1&&his=sa2,811-5299 長崎県壱岐市石田町印通寺浦４６９−４８,33.74398,129.7564894
勝本郵便局,https://map.japanpost.jp/p/search/dtl/300176048000/?&cond2=1&cond200=1&&his=sa2,811-5599 長崎県壱岐市勝本町勝本浦３４５,33.8535897,129.6919639
古城簡易郵便局,https://map.japanpost.jp/p/search/dtl/300176799000/?&cond2=1&cond200=1&&his=sa2,811-5117 長崎県壱岐市郷ノ浦町田中触１０４３−３,33.7595522,129.6985367
郷ノ浦郵便局,https://map.japanpost.jp/p/search/dtl/300176006000/?&cond2=1&cond200=1&&his=sa2,811-5199 長崎県壱岐市郷ノ浦町郷ノ浦１７６,33.7462497,129.6901492
志原簡易郵便局,https://map.japanpost.jp/p/search/dtl/300176701000/?&cond2=1&cond200=1&&his=sa2,811-5121 長崎県壱岐市郷ノ浦町平人触５１,33.7525314,129.7201503
沼津郵便局,https://map.japanpost.jp/p/search/dtl/300176219000/?&cond2=1&cond200=1&&his=sa2,811-5101 長崎県壱岐市郷ノ浦町長峰本村触８３０−１,33.7913167,129.6723897
初山郵便局,https://map.japanpost.jp/p/search/dtl/300176222000/?&cond2=1&cond200=1&&his=sa2,811-5143 長崎県壱岐市郷ノ浦町初山西触７９６−１,33.7179206,129.7026772
柳田簡易郵便局,https://map.japanpost.jp/p/search/dtl/300176715000/?&cond2=1&cond200=1&&his=sa2,811-5114 長崎県壱岐市郷ノ浦町柳田触１８７−１,33.7661344,129.7002778
八幡浦簡易郵便局,https://map.japanpost.jp/p/search/dtl/300176718000/?&cond2=1&cond200=1&&his=sa2,811-5311 長崎県壱岐市芦辺町諸吉本村触２０８３,33.7841189,129.7908161
湯本郵便局,https://map.japanpost.jp/p/search/dtl/300176107000/?&cond2=1&cond200=1&&his=sa2,811-5551 長崎県壱岐市勝本町湯本浦１,33.8044717,129.6882472
渡良郵便局,https://map.japanpost.jp/p/search/dtl/300176142000/?&cond2=1&cond200=1&&his=sa2,811-5152 長崎県壱岐市郷ノ浦町渡良南触３８５−１,33.7569561,129.6615094
諫早郵便局,https://map.japanpost.jp/p/search/dtl/300176007000/?&cond2=1&cond200=1&&his=sa2,854-8799 長崎県諫早市八坂町１−７,32.8438325,130.0563058
諫早郵便局,https://map.japanpost.jp/p/search/dtl/300176007000/?&cond2=1&cond200=1&&his=sa2,854-8799 長崎県諫早市八坂町１−７,32.8438325,130.0563058
飯盛郵便局,https://map.japanpost.jp/p/search/dtl/300176123000/?&cond2=1&cond200=1&&his=sa2,854-1112 長崎県諫早市飯盛町開２６−８,32.77014,130.0261161
諫早小豆崎簡易郵便局,https://map.japanpost.jp/p/search/dtl/300176834000/?&cond2=1&cond200=1&&his=sa2,859-0311 長崎県諫早市小豆崎町１７６３−１,32.8530739,130.0655808
諫早永昌郵便局,https://map.japanpost.jp/p/search/dtl/300176281000/?&cond2=1&cond200=1&&his=sa2,854-0072 長崎県諫早市永昌町９−７,32.8507203,130.0405681
諫早小野郵便局,https://map.japanpost.jp/p/search/dtl/300176160000/?&cond2=1&cond200=1&&his=sa2,854-0034 長崎県諫早市小野町５１４−３,32.8328994,130.0875247
諫早久山簡易郵便局,https://map.japanpost.jp/p/search/dtl/300176772000/?&cond2=1&cond200=1&&his=sa2,854-0068 長崎県諫早市青葉台２１８,32.8286881,130.0035494
諫早幸町簡易郵便局,https://map.japanpost.jp/p/search/dtl/300176829000/?&cond2=1&cond200=1&&his=sa2,854-0022 長崎県諫早市幸町７９−５９,32.8362064,130.0723467
諫早平山簡易郵便局,https://map.japanpost.jp/p/search/dtl/300176780000/?&cond2=1&cond200=1&&his=sa2,854-0062 長崎県諫早市小船越町１２６６,32.8373347,130.0337806
諫早福田簡易郵便局,https://map.japanpost.jp/p/search/dtl/300176755000/?&cond2=1&cond200=1&&his=sa2,854-0001 長崎県諫早市福田町１−５,32.8506181,130.0559617
諫早真崎郵便局,https://map.japanpost.jp/p/search/dtl/300176339000/?&cond2=1&cond200=1&&his=sa2,854-0084 長崎県諫早市真崎町１７１５−１,32.85272,130.0293886
有喜郵便局,https://map.japanpost.jp/p/search/dtl/300176018000/?&cond2=1&cond200=1&&his=sa2,854-0199 長崎県諫早市有喜町２１９,32.7966892,130.0849231
大草郵便局,https://map.japanpost.jp/p/search/dtl/300176150000/?&cond2=1&cond200=1&&his=sa2,859-0414 長崎県諫早市多良見町元釜９５−１２,32.8580153,129.9347172
喜々津シーサイド郵便局,https://map.japanpost.jp/p/search/dtl/300176349000/?&cond2=1&cond200=1&&his=sa2,859-0407 長崎県諫早市多良見町シーサイド１−２７８,32.8385036,129.9900278
北諫早郵便局,https://map.japanpost.jp/p/search/dtl/300176131000/?&cond2=1&cond200=1&&his=sa2,854-0006 長崎県諫早市天満町１７−１５,32.8486064,130.0469542
小長井郵便局,https://map.japanpost.jp/p/search/dtl/300176179000/?&cond2=1&cond200=1&&his=sa2,859-0166 長崎県諫早市小長井町井崎６７９−３,32.9300244,130.1929186
高来郵便局,https://map.japanpost.jp/p/search/dtl/300176019000/?&cond2=1&cond200=1&&his=sa2,859-0199 長崎県諫早市高来町三部壱４０５−２,32.90715,130.1405761
田結郵便局,https://map.japanpost.jp/p/search/dtl/300176264000/?&cond2=1&cond200=1&&his=sa2,854-1123 長崎県諫早市飯盛町里１９１−５,32.7636286,129.9957033
多良見郵便局,https://map.japanpost.jp/p/search/dtl/300176101000/?&cond2=1&cond200=1&&his=sa2,859-0401 長崎県諫早市多良見町化屋４７９,32.83166,129.9876058
長田郵便局,https://map.japanpost.jp/p/search/dtl/300176227000/?&cond2=1&cond200=1&&his=sa2,859-0399 長崎県諫早市長田町２１４９−３,32.8618369,130.08108
西諫早郵便局,https://map.japanpost.jp/p/search/dtl/300176333000/?&cond2=1&cond200=1&&his=sa2,854-0074 長崎県諫早市山川町１−４,32.8454172,130.0243914
深海郵便局,https://map.japanpost.jp/p/search/dtl/300176161000/?&cond2=1&cond200=1&&his=sa2,859-0106 長崎県諫早市高来町冨地戸４４９−１,32.8866264,130.1097064
舟津簡易郵便局,https://map.japanpost.jp/p/search/dtl/300176779000/?&cond2=1&cond200=1&&his=sa2,859-0406 長崎県諫早市多良見町木床１５５９,32.8357267,129.9824875
真津山郵便局,https://map.japanpost.jp/p/search/dtl/300176246000/?&cond2=1&cond200=1&&his=sa2,854-0063 長崎県諫早市貝津町２９７３−２,32.8379289,130.0189706
南諫早郵便局,https://map.japanpost.jp/p/search/dtl/300176240000/?&cond2=1&cond200=1&&his=sa2,854-0043 長崎県諫早市立石町１０３０−４,32.8368919,130.0573228
本野郵便局,https://map.japanpost.jp/p/search/dtl/300176239000/?&cond2=1&cond200=1&&his=sa2,854-0095 長崎県諫早市上大渡野町６−３,32.8891531,130.0236428
森山郵便局,https://map.japanpost.jp/p/search/dtl/300176124000/?&cond2=1&cond200=1&&his=sa2,854-0299 長崎県諫早市森山町下井牟田１０１７−３,32.8238031,130.1134506
愛野郵便局,https://map.japanpost.jp/p/search/dtl/300176020000/?&cond2=1&cond200=1&&his=sa2,854-0302 長崎県雲仙市愛野町乙６００−２,32.8172019,130.1531339
愛野郵便局,https://map.japanpost.jp/p/search/dtl/300176020000/?&cond2=1&cond200=1&&his=sa2,854-0302 長崎県雲仙市愛野町乙６００−２,32.8172019,130.1531339
吾妻大熊郵便局,https://map.japanpost.jp/p/search/dtl/300176323000/?&cond2=1&cond200=1&&his=sa2,859-1115 長崎県雲仙市吾妻町永中名８３−２,32.8339781,130.1793747
吾妻郵便局,https://map.japanpost.jp/p/search/dtl/300176157000/?&cond2=1&cond200=1&&his=sa2,859-1199 長崎県雲仙市吾妻町大木場名１１０,32.8398578,130.1915436
雲仙郵便局,https://map.japanpost.jp/p/search/dtl/300176099000/?&cond2=1&cond200=1&&his=sa2,854-0621 長崎県雲仙市小浜町雲仙３２０,32.7380225,130.2614847
小浜富津郵便局,https://map.japanpost.jp/p/search/dtl/300176233000/?&cond2=1&cond200=1&&his=sa2,854-0516 長崎県雲仙市小浜町富津３０３９−２,32.7579403,130.200205
小浜郵便局,https://map.japanpost.jp/p/search/dtl/300176016000/?&cond2=1&cond200=1&&his=sa2,854-0599 長崎県雲仙市小浜町北本町９０５−５５,32.7261411,130.2065658
金山簡易郵便局,https://map.japanpost.jp/p/search/dtl/300176742000/?&cond2=1&cond200=1&&his=sa2,859-1325 長崎県雲仙市国見町多比良戊４５８,32.8473464,130.2953747
北串山郵便局,https://map.japanpost.jp/p/search/dtl/300176168000/?&cond2=1&cond200=1&&his=sa2,854-0503 長崎県雲仙市小浜町飛子３５１２−３,32.6969478,130.1699
国見郵便局,https://map.japanpost.jp/p/search/dtl/300176097000/?&cond2=1&cond200=1&&his=sa2,859-1311 長崎県雲仙市国見町土黒甲２８-１,32.8738242,130.3074053
神代郵便局,https://map.japanpost.jp/p/search/dtl/300176029000/?&cond2=1&cond200=1&&his=sa2,859-1301 長崎県雲仙市国見町神代甲４７−１,32.8704789,130.2725844
千々石木場簡易郵便局,https://map.japanpost.jp/p/search/dtl/300176739000/?&cond2=1&cond200=1&&his=sa2,854-0407 長崎県雲仙市千々石町庚７３８−２,32.7657647,130.2139067
千々石郵便局,https://map.japanpost.jp/p/search/dtl/300176089000/?&cond2=1&cond200=1&&his=sa2,854-0499 長崎県雲仙市千々石町戊１４５−５,32.7846356,130.1980619
瑞穂郵便局,https://map.japanpost.jp/p/search/dtl/300176204000/?&cond2=1&cond200=1&&his=sa2,859-1299 長崎県雲仙市瑞穂町西郷辛１６３,32.8719147,130.2441617
南串山郵便局,https://map.japanpost.jp/p/search/dtl/300176111000/?&cond2=1&cond200=1&&his=sa2,854-0799 長崎県雲仙市南串山町丙９９０４−５,32.6794242,130.1474928
山ノ上簡易郵便局,https://map.japanpost.jp/p/search/dtl/300176737000/?&cond2=1&cond200=1&&his=sa2,859-1308 長崎県雲仙市国見町神代辛５０８,32.8553036,130.2818558
山畑簡易郵便局,https://map.japanpost.jp/p/search/dtl/300176764000/?&cond2=1&cond200=1&&his=sa2,854-0502 長崎県雲仙市小浜町山畑９０２,32.6945217,130.1934353
大村郵便局,https://map.japanpost.jp/p/search/dtl/300176005000/?&cond2=1&cond200=1&&his=sa2,856-8799 長崎県大村市森園町６６３−９,32.9234819,129.9375422
大村郵便局,https://map.japanpost.jp/p/search/dtl/300176005000/?&cond2=1&cond200=1&&his=sa2,856-8799 長崎県大村市森園町６６３−９,32.9234819,129.9375422
大村荒瀬郵便局,https://map.japanpost.jp/p/search/dtl/300176324000/?&cond2=1&cond200=1&&his=sa2,856-0017 長崎県大村市荒瀬町１０８３−６,32.939495,129.9660536
大村池田郵便局,https://map.japanpost.jp/p/search/dtl/300176285000/?&cond2=1&cond200=1&&his=sa2,856-0024 長崎県大村市諏訪１−１,32.9254742,129.9627956
大村駅前郵便局,https://map.japanpost.jp/p/search/dtl/300176361000/?&cond2=1&cond200=1&&his=sa2,856-0826 長崎県大村市東三城町４−２１,32.9098447,129.9588139
大村杭出津郵便局,https://map.japanpost.jp/p/search/dtl/300176325000/?&cond2=1&cond200=1&&his=sa2,856-0828 長崎県大村市杭出津３−４７７,32.915705,129.9502939
大村玖島郵便局,https://map.japanpost.jp/p/search/dtl/300176152000/?&cond2=1&cond200=1&&his=sa2,856-0834 長崎県大村市玖島１−７８−３,32.9002789,129.9610242
大村久原簡易郵便局,https://map.japanpost.jp/p/search/dtl/300176842000/?&cond2=1&cond200=1&&his=sa2,856-0835 長崎県大村市久原２−１００１−１,32.8948361,129.973695
大村木場簡易郵便局,https://map.japanpost.jp/p/search/dtl/300176803000/?&cond2=1&cond200=1&&his=sa2,856-0046 長崎県大村市木場１−１６８−１３,32.90442,129.9774842
大村三浦郵便局,https://map.japanpost.jp/p/search/dtl/300176297000/?&cond2=1&cond200=1&&his=sa2,856-0846 長崎県大村市日泊町１０５４−５,32.8611689,129.9887825
大村水田郵便局,https://map.japanpost.jp/p/search/dtl/300176282000/?&cond2=1&cond200=1&&his=sa2,856-0823 長崎県大村市乾馬場町７８４−６,32.918005,129.9600494
萱瀬郵便局,https://map.japanpost.jp/p/search/dtl/300176258000/?&cond2=1&cond200=1&&his=sa2,856-0014 長崎県大村市田下町１５９０−１,32.9528119,130.0041481
鈴田郵便局,https://map.japanpost.jp/p/search/dtl/300176197000/?&cond2=1&cond200=1&&his=sa2,856-0845 長崎県大村市大里町１５４９−１４,32.8896994,129.9927228
竹松郵便局,https://map.japanpost.jp/p/search/dtl/300176165000/?&cond2=1&cond200=1&&his=sa2,856-0804 長崎県大村市大川田町４１９−１,32.9434861,129.9462503
富の原簡易郵便局,https://map.japanpost.jp/p/search/dtl/300176843000/?&cond2=1&cond200=1&&his=sa2,856-0806 長崎県大村市富の原１−１４３２−７,32.9355589,129.9390169
西大村郵便局,https://map.japanpost.jp/p/search/dtl/300176093000/?&cond2=1&cond200=1&&his=sa2,856-0813 長崎県大村市西大村本町２１０−１,32.9248517,129.9508328
福重郵便局,https://map.japanpost.jp/p/search/dtl/300176291000/?&cond2=1&cond200=1&&his=sa2,856-0802 長崎県大村市皆同町１９９−５,32.9643947,129.9440972
松原郵便局,https://map.japanpost.jp/p/search/dtl/300176091000/?&cond2=1&cond200=1&&his=sa2,856-0009 長崎県大村市松原本町３３０−２,32.9747661,129.9440753
